source_id,university_slug,college_name,department_name,org_unit_id,source_level,source_name,list_url,base_url,list_item_selector,link_selector,title_selector,date_selector,detail_content_selector,detail_date_selector,notice_url_pattern,keywords,adapter,enabled,notes
ou_1688_univ_001,ou_1688,,,1688,university,가야대학교(고령) 장학공지,https://www.kaya.ac.kr/Home/BBSList.mbz?action=MAPP_0000000411,https://www.kaya.ac.kr,,a[href],,,,,,장학|장학금|학자금|등록금|scholarship|tuition|fellowship,,true,confidence=high | 장학공지(고령·김해 공통)
ou_1689_univ_001,ou_1689,,,1689,university,가야대학교(김해) 장학공지,https://www.kaya.ac.kr/Home/BBSList.mbz?action=MAPP_0000000411,https://www.kaya.ac.kr,,a[href],,,,,,장학|장학금|학자금|등록금|scholarship|tuition|fellowship,,true,confidence=high | 장학공지(고령·김해 공통)
ou_1690_univ_001,ou_1690,,,1690,university,가천대학교 장학공지,https://www.gachon.ac.kr/kor/1146/subview.do,https://www.gachon.ac.kr,tbody tr,a[href],a[href],"td:last-child, .date, .board-date, .wr_date",,,(mode=view|sMode=VIEW_FORM|iBrdContNo=|articleNo=|boardNo=|nttNo=|nttId=|nttSn=|idx=\d+|no=\d+|wr_id=\d+|boardSeq=\d+|b_idx=\d+|seq=\d+|uid=\d+|artclNo=|brdIdx=|DOC_NO=|BBS_SEQ=|bIdx=|bdId=|artclView\.do|selectNttInfo\.do|selectBoardArticle\.do|BoardView\.do|boardCnts\/view\.do|boardView\.do|detailView\.do|scholarDetail\.do|View\d+\.do|view\.do|\/portalBbs\/|\/article\/[^/]+\/detail\/|\/web\/Board\/|notice-view\?id=|mod=document),장학|장학금|학자금|등록금|scholarship|tuition|fellowship,,true,confidence=high | 장학공지 게시판
ou_1700_univ_001,ou_1700,,,1700,university,가톨릭관동대학교 장학공지,https://www.cku.ac.kr/bbs/cku_kr/1202/artclList.do,https://www.cku.ac.kr,tbody tr,a[href],a[href],"td:last-child, .date, .board-date, .wr_date",,,(mode=view|sMode=VIEW_FORM|iBrdContNo=|articleNo=|boardNo=|nttNo=|nttId=|nttSn=|idx=\d+|no=\d+|wr_id=\d+|boardSeq=\d+|b_idx=\d+|seq=\d+|uid=\d+|artclNo=|brdIdx=|DOC_NO=|BBS_SEQ=|bIdx=|bdId=|artclView\.do|selectNttInfo\.do|selectBoardArticle\.do|BoardView\.do|boardCnts\/view\.do|boardView\.do|detailView\.do|scholarDetail\.do|View\d+\.do|view\.do|\/portalBbs\/|\/article\/[^/]+\/detail\/|\/web\/Board\/|notice-view\?id=|mod=document),장학|장학금|학자금|등록금|scholarship|tuition|fellowship,,true,confidence=high | 장학공지
ou_1707_univ_001,ou_1707,,,1707,university,가톨릭꽃동네대학교 장학공지,https://www.kkot.ac.kr/welfare/board/list?boardManagementNo=1252&menuLevel=2&menuNo=288,https://www.kkot.ac.kr,,a[href],,,,,,장학|장학금|학자금|등록금|scholarship|tuition|fellowship,,true,confidence=medium | 커뮤니티 공지사항(장학 글 혼재); 전용 장학보드 미확인
ou_1711_univ_001,ou_1711,,,1711,university,가톨릭대학교 장학공지,https://www.catholic.ac.kr/ko/campuslife/notice.do?mode=list&srCategoryId=22,https://www.catholic.ac.kr,tbody tr,a[href],a[href],"td:last-child, .date, .board-date, .wr_date",,,(mode=view|sMode=VIEW_FORM|iBrdContNo=|articleNo=|boardNo=|nttNo=|nttId=|nttSn=|idx=\d+|no=\d+|wr_id=\d+|boardSeq=\d+|b_idx=\d+|seq=\d+|uid=\d+|artclNo=|brdIdx=|DOC_NO=|BBS_SEQ=|bIdx=|bdId=|artclView\.do|selectNttInfo\.do|selectBoardArticle\.do|BoardView\.do|boardCnts\/view\.do|boardView\.do|detailView\.do|scholarDetail\.do|View\d+\.do|view\.do|\/portalBbs\/|\/article\/[^/]+\/detail\/|\/web\/Board\/|notice-view\?id=|mod=document),장학|장학금|학자금|등록금|scholarship|tuition|fellowship,,true,confidence=high | 공지사항>장학
ou_1732_univ_001,ou_1732,,,1732,university,감리교신학대학교 장학공지,https://www.mtu.ac.kr/mtu/board/list.do?mId=160,https://www.mtu.ac.kr,tbody tr,a[href],a[href],"td:last-child, .date, .board-date, .wr_date",,,(mode=view|sMode=VIEW_FORM|iBrdContNo=|articleNo=|boardNo=|nttNo=|nttId=|nttSn=|idx=\d+|no=\d+|wr_id=\d+|boardSeq=\d+|b_idx=\d+|seq=\d+|uid=\d+|artclNo=|brdIdx=|DOC_NO=|BBS_SEQ=|bIdx=|bdId=|artclView\.do|selectNttInfo\.do|selectBoardArticle\.do|BoardView\.do|boardCnts\/view\.do|boardView\.do|detailView\.do|scholarDetail\.do|View\d+\.do|view\.do|\/portalBbs\/|\/article\/[^/]+\/detail\/|\/web\/Board\/|notice-view\?id=|mod=document),장학|장학금|학자금|등록금|scholarship|tuition|fellowship,,true,confidence=high | 장학/학자금 공지
ou_1737_univ_001,ou_1737,,,1737,university,강남대학교 장학공지,https://web.kangnam.ac.kr/menu/f19069e6134f8f8aa7f689a4a675e66f.do?searchMenuSeq=117,https://web.kangnam.ac.kr,,a[href],a[href],"td:last-child, .date, .board-date, .wr_date",,,(mode=view|sMode=VIEW_FORM|iBrdContNo=|articleNo=|boardNo=|nttNo=|nttId=|nttSn=|idx=\d+|no=\d+|wr_id=\d+|boardSeq=\d+|b_idx=\d+|seq=\d+|uid=\d+|artclNo=|brdIdx=|DOC_NO=|BBS_SEQ=|bIdx=|bdId=|artclView\.do|selectNttInfo\.do|selectBoardArticle\.do|BoardView\.do|boardCnts\/view\.do|boardView\.do|detailView\.do|scholarDetail\.do|View\d+\.do|view\.do|\/portalBbs\/|\/article\/[^/]+\/detail\/|\/web\/Board\/|notice-view\?id=|mod=document),장학|장학금|학자금|등록금|scholarship|tuition|fellowship,,true,confidence=high | 강남광장>공지사항>장학
ou_1745_univ_001,ou_1745,,,1745,university,강서대학교 장학공지,https://gangseo.ac.kr/kcua/boardList?menuCode=BC0703,https://gangseo.ac.kr,,a[href],,,,,(mode=view|sMode=VIEW_FORM|iBrdContNo=|articleNo=|boardNo=|nttNo=|nttId=|nttSn=|idx=\d+|no=\d+|wr_id=\d+|boardSeq=\d+|b_idx=\d+|seq=\d+|uid=\d+|artclNo=|brdIdx=|DOC_NO=|BBS_SEQ=|bIdx=|bdId=|artclView\.do|selectNttInfo\.do|selectBoardArticle\.do|BoardView\.do|boardCnts\/view\.do|boardView\.do|detailView\.do|scholarDetail\.do|View\d+\.do|view\.do|\/portalBbs\/|\/article\/[^/]+\/detail\/|\/web\/Board\/|notice-view\?id=|mod=document),장학|장학금|학자금|등록금|scholarship|tuition|fellowship,,true,confidence=high | 강서소통광장>장학공지
ou_1751_univ_001,ou_1751,,,1751,university,강원대학교 장학공지,https://itcall.kangwon.ac.kr/www/selectBbsNttList.do?bbsNo=34&key=232,https://itcall.kangwon.ac.kr,tbody tr,a[href],a[href],"td:last-child, .date, .board-date, .wr_date",,,(mode=view|sMode=VIEW_FORM|iBrdContNo=|articleNo=|boardNo=|nttNo=|nttId=|nttSn=|idx=\d+|no=\d+|wr_id=\d+|boardSeq=\d+|b_idx=\d+|seq=\d+|uid=\d+|artclNo=|brdIdx=|DOC_NO=|BBS_SEQ=|bIdx=|bdId=|artclView\.do|selectNttInfo\.do|selectBoardArticle\.do|BoardView\.do|boardCnts\/view\.do|boardView\.do|detailView\.do|scholarDetail\.do|View\d+\.do|view\.do|\/portalBbs\/|\/article\/[^/]+\/detail\/|\/web\/Board\/|notice-view\?id=|mod=document),장학|장학금|학자금|등록금|scholarship|tuition|fellowship,,true,confidence=high | 대학생활>장학안내>장학 게시판
ou_11_univ_001,ou_11,,,11,university,건국대학교 장학공지,https://www.konkuk.ac.kr/bbs/konkuk/235/artclList.do,https://www.konkuk.ac.kr,tbody tr,a[href],a[href],"td:last-child, .date, .board-date, .wr_date",,,(mode=view|sMode=VIEW_FORM|iBrdContNo=|articleNo=|boardNo=|nttNo=|nttId=|nttSn=|idx=\d+|no=\d+|wr_id=\d+|boardSeq=\d+|b_idx=\d+|seq=\d+|uid=\d+|artclNo=|brdIdx=|DOC_NO=|BBS_SEQ=|bIdx=|bdId=|artclView\.do|selectNttInfo\.do|selectBoardArticle\.do|BoardView\.do|boardCnts\/view\.do|boardView\.do|detailView\.do|scholarDetail\.do|View\d+\.do|view\.do|\/portalBbs\/|\/article\/[^/]+\/detail\/|\/web\/Board\/|notice-view\?id=|mod=document),장학|장학금|학자금|등록금|scholarship|tuition|fellowship,,true,confidence=high | 장학공지
ou_1779_univ_001,ou_1779,,,1779,university,건국대학교(글로컬) 장학공지,https://www.kku.ac.kr/cms/FR_CON/index.do?MENU_ID=1750,https://www.kku.ac.kr,,,,,,,(mode=view|sMode=VIEW_FORM|iBrdContNo=|articleNo=|boardNo=|nttNo=|nttId=|nttSn=|idx=\d+|no=\d+|wr_id=\d+|boardSeq=\d+|b_idx=\d+|seq=\d+|uid=\d+|artclNo=|brdIdx=|DOC_NO=|BBS_SEQ=|bIdx=|bdId=|artclView\.do|selectNttInfo\.do|selectBoardArticle\.do|BoardView\.do|boardCnts\/view\.do|boardView\.do|detailView\.do|scholarDetail\.do|View\d+\.do|view\.do|\/portalBbs\/|\/article\/[^/]+\/detail\/|\/web\/Board\/|notice-view\?id=|mod=document),장학|장학금|학자금|등록금|scholarship|tuition|fellowship,cau_portal,true,confidence=high | 글로컬 장학공지 | adapter=cau_portal (FR_CON BBSViewList2)
ou_1786_univ_001,ou_1786,,,1786,university,건양대학교 장학공지,https://www.konyang.ac.kr/cop/bbs/BBSMSTR_000000000585/selectBoardList.do,https://www.konyang.ac.kr,tbody tr,a[href],a[href],"td:last-child, .date, .board-date, .wr_date",,,(mode=view|sMode=VIEW_FORM|iBrdContNo=|articleNo=|boardNo=|nttNo=|nttId=|nttSn=|idx=\d+|no=\d+|wr_id=\d+|boardSeq=\d+|b_idx=\d+|seq=\d+|uid=\d+|artclNo=|brdIdx=|DOC_NO=|BBS_SEQ=|bIdx=|bdId=|artclView\.do|selectNttInfo\.do|selectBoardArticle\.do|BoardView\.do|boardCnts\/view\.do|boardView\.do|detailView\.do|scholarDetail\.do|View\d+\.do|view\.do|\/portalBbs\/|\/article\/[^/]+\/detail\/|\/web\/Board\/|notice-view\?id=|mod=document),장학|장학금|학자금|등록금|scholarship|tuition|fellowship,,true,confidence=high | 장학·학자금 공지
ou_1798_univ_001,ou_1798,,,1798,university,경기대학교 장학공지,https://www.kyonggi.ac.kr/scholarship/selectBbsNttList.do?bbsNo=518&key=3078,https://www.kyonggi.ac.kr,tbody tr,a[href],a[href],"td:last-child, .date, .board-date, .wr_date",,,(mode=view|sMode=VIEW_FORM|iBrdContNo=|articleNo=|boardNo=|nttNo=|nttId=|nttSn=|idx=\d+|no=\d+|wr_id=\d+|boardSeq=\d+|b_idx=\d+|seq=\d+|uid=\d+|artclNo=|brdIdx=|DOC_NO=|BBS_SEQ=|bIdx=|bdId=|artclView\.do|selectNttInfo\.do|selectBoardArticle\.do|BoardView\.do|boardCnts\/view\.do|boardView\.do|detailView\.do|scholarDetail\.do|View\d+\.do|view\.do|\/portalBbs\/|\/article\/[^/]+\/detail\/|\/web\/Board\/|notice-view\?id=|mod=document),장학|장학금|학자금|등록금|scholarship|tuition|fellowship,,true,confidence=high | 장학지원팀 공지사항
ou_1821_univ_001,ou_1821,,,1821,university,경남과학기술대학교 장학공지,https://www.gnu.ac.kr/eng/na/ntt/selectNttList.do?bbsId=12788&mi=49470,https://www.gnu.ac.kr,tbody tr,"a.nttInfoBtn, a[data-id], a[href]",a[href],"td:last-child, .date, .board-date, .wr_date",,,(mode=view|sMode=VIEW_FORM|iBrdContNo=|articleNo=|boardNo=|nttNo=|nttId=|nttSn=|idx=\d+|no=\d+|wr_id=\d+|boardSeq=\d+|b_idx=\d+|seq=\d+|uid=\d+|artclNo=|brdIdx=|DOC_NO=|BBS_SEQ=|bIdx=|bdId=|artclView\.do|selectNttInfo\.do|selectBoardArticle\.do|BoardView\.do|boardCnts\/view\.do|boardView\.do|detailView\.do|scholarDetail\.do|View\d+\.do|view\.do|\/portalBbs\/|\/article\/[^/]+\/detail\/|\/web\/Board\/|notice-view\?id=|mod=document),장학|장학금|학자금|등록금|scholarship|tuition|fellowship,,true,confidence=low | 2021년 경상국립대 통합; 별도 보드 없음→GNU Today 장학 | data-id→selectNttInfo
ou_1826_univ_001,ou_1826,,,1826,university,경남대학교 장학공지,https://www.kyungnam.ac.kr/ko/8460/subview.do?enc=Zm5jdDF8QEB8JTJGYmJzJTJGa28lMkYxNDA3JTJGYXJ0Y2xMaXN0LmRvJTNG,https://www.kyungnam.ac.kr,tbody tr,a[href],a[href],"td:last-child, .date, .board-date, .wr_date",,,(mode=view|sMode=VIEW_FORM|iBrdContNo=|articleNo=|boardNo=|nttNo=|nttId=|nttSn=|idx=\d+|no=\d+|wr_id=\d+|boardSeq=\d+|b_idx=\d+|seq=\d+|uid=\d+|artclNo=|brdIdx=|DOC_NO=|BBS_SEQ=|bIdx=|bdId=|artclView\.do|selectNttInfo\.do|selectBoardArticle\.do|BoardView\.do|boardCnts\/view\.do|boardView\.do|detailView\.do|scholarDetail\.do|View\d+\.do|view\.do|\/portalBbs\/|\/article\/[^/]+\/detail\/|\/web\/Board\/|notice-view\?id=|mod=document),장학|장학금|학자금|등록금|scholarship|tuition|fellowship,,true,confidence=high | 장학공지
ou_1836_univ_001,ou_1836,,,1836,university,경동대학교 장학공지,https://kduniv.ac.kr/kor/CMS/Board/Board.do?mCode=MN284&mgr_seq=509&mode=list,https://kduniv.ac.kr,tbody tr,a[href],a[href],"td:last-child, .date, .board-date, .wr_date",,,(mode=view|sMode=VIEW_FORM|iBrdContNo=|articleNo=|boardNo=|nttNo=|nttId=|nttSn=|idx=\d+|no=\d+|wr_id=\d+|boardSeq=\d+|b_idx=\d+|seq=\d+|uid=\d+|artclNo=|brdIdx=|DOC_NO=|BBS_SEQ=|bIdx=|bdId=|artclView\.do|selectNttInfo\.do|selectBoardArticle\.do|BoardView\.do|boardCnts\/view\.do|boardView\.do|detailView\.do|scholarDetail\.do|View\d+\.do|view\.do|\/portalBbs\/|\/article\/[^/]+\/detail\/|\/web\/Board\/|notice-view\?id=|mod=document),장학|장학금|학자금|등록금|scholarship|tuition|fellowship,,true,confidence=high | 경동알림>장학공지
ou_1841_univ_001,ou_1841,,,1841,university,경북대학교 장학공지,https://knu.ac.kr/wbbs/wbbs/bbs/btin/list.action?bbs_cde=1&menu_idx=67,https://knu.ac.kr,,a[href],,,,,,장학|장학금|학자금|등록금|scholarship|tuition|fellowship,,true,confidence=medium | 학사공지(장학 포함); 전용보드 미확인
ou_1864_univ_001,ou_1864,,,1864,university,경상국립대학교 장학공지,https://www.gnu.ac.kr/eng/na/ntt/selectNttList.do?bbsId=12788&mi=49470,https://www.gnu.ac.kr,tbody tr,"a.nttInfoBtn, a[data-id], a[href]",a[href],"td:last-child, .date, .board-date, .wr_date",,,(mode=view|sMode=VIEW_FORM|iBrdContNo=|articleNo=|boardNo=|nttNo=|nttId=|nttSn=|idx=\d+|no=\d+|wr_id=\d+|boardSeq=\d+|b_idx=\d+|seq=\d+|uid=\d+|artclNo=|brdIdx=|DOC_NO=|BBS_SEQ=|bIdx=|bdId=|artclView\.do|selectNttInfo\.do|selectBoardArticle\.do|BoardView\.do|boardCnts\/view\.do|boardView\.do|detailView\.do|scholarDetail\.do|View\d+\.do|view\.do|\/portalBbs\/|\/article\/[^/]+\/detail\/|\/web\/Board\/|notice-view\?id=|mod=document),장학|장학금|학자금|등록금|scholarship|tuition|fellowship,,true,confidence=medium | GNU Today>Scholarships(한글 mi 미확인) | data-id→selectNttInfo
ou_1878_univ_001,ou_1878,,,1878,university,경성대학교 장학공지,https://kscms.ks.ac.kr/janghak/CMS/Board/Board.do?mCode=MN060,https://kscms.ks.ac.kr,tbody tr,a[href],a[href],"td:last-child, .date, .board-date, .wr_date",,,(mode=view|sMode=VIEW_FORM|iBrdContNo=|articleNo=|boardNo=|nttNo=|nttId=|nttSn=|idx=\d+|no=\d+|wr_id=\d+|boardSeq=\d+|b_idx=\d+|seq=\d+|uid=\d+|artclNo=|brdIdx=|DOC_NO=|BBS_SEQ=|bIdx=|bdId=|artclView\.do|selectNttInfo\.do|selectBoardArticle\.do|BoardView\.do|boardCnts\/view\.do|boardView\.do|detailView\.do|scholarDetail\.do|View\d+\.do|view\.do|\/portalBbs\/|\/article\/[^/]+\/detail\/|\/web\/Board\/|notice-view\?id=|mod=document),장학|장학금|학자금|등록금|scholarship|tuition|fellowship,,true,confidence=high | 장학정보 공지
ou_1888_univ_001,ou_1888,,,1888,university,경운대학교 장학공지,https://www.ikw.ac.kr/page/link.tc?mn=2589&pageSeq=1929,https://www.ikw.ac.kr,,a[href],,,,,(mode=view|sMode=VIEW_FORM|iBrdContNo=|articleNo=|boardNo=|nttNo=|nttId=|nttSn=|idx=\d+|no=\d+|wr_id=\d+|boardSeq=\d+|b_idx=\d+|seq=\d+|uid=\d+|artclNo=|brdIdx=|DOC_NO=|BBS_SEQ=|bIdx=|bdId=|artclView\.do|selectNttInfo\.do|selectBoardArticle\.do|BoardView\.do|boardCnts\/view\.do|boardView\.do|detailView\.do|scholarDetail\.do|View\d+\.do|view\.do|\/portalBbs\/|\/article\/[^/]+\/detail\/|\/web\/Board\/|notice-view\?id=|mod=document),장학|장학금|학자금|등록금|scholarship|tuition|fellowship,,true,confidence=high | 장학/학자금 공지
ou_1892_univ_001,ou_1892,,,1892,university,경인교육대학교 장학공지,https://www.ginue.ac.kr/kor/CMS/Board/Board.do?mCode=MN126&mgr_seq=90&mode=list,https://www.ginue.ac.kr,tbody tr,a[href],a[href],"td:last-child, .date, .board-date, .wr_date",,,(mode=view|sMode=VIEW_FORM|iBrdContNo=|articleNo=|boardNo=|nttNo=|nttId=|nttSn=|idx=\d+|no=\d+|wr_id=\d+|boardSeq=\d+|b_idx=\d+|seq=\d+|uid=\d+|artclNo=|brdIdx=|DOC_NO=|BBS_SEQ=|bIdx=|bdId=|artclView\.do|selectNttInfo\.do|selectBoardArticle\.do|BoardView\.do|boardCnts\/view\.do|boardView\.do|detailView\.do|scholarDetail\.do|View\d+\.do|view\.do|\/portalBbs\/|\/article\/[^/]+\/detail\/|\/web\/Board\/|notice-view\?id=|mod=document),장학|장학금|학자금|등록금|scholarship|tuition|fellowship,,true,confidence=high | 커뮤니티>장학공지
ou_1895_univ_001,ou_1895,,,1895,university,경일대학교 장학공지,https://www.kiu.ac.kr/pages/sub.htm?nav_code=kiu1540189661,https://www.kiu.ac.kr,,a[href],,,,,,장학|장학금|학자금|등록금|scholarship|tuition|fellowship,,true,confidence=high | 경일소식>장학/학자금
ou_9_univ_001,ou_9,,,9,university,경희대학교 장학공지,https://janghak.khu.ac.kr/janghak/user/bbs/BMSR00040/list.do?menuNo=12300032,https://janghak.khu.ac.kr,tbody tr,a[href],a[href],"td:last-child, .date, .board-date, .wr_date",,,(mode=view|sMode=VIEW_FORM|iBrdContNo=|articleNo=|boardNo=|nttNo=|nttId=|nttSn=|idx=\d+|no=\d+|wr_id=\d+|boardSeq=\d+|b_idx=\d+|seq=\d+|uid=\d+|artclNo=|brdIdx=|DOC_NO=|BBS_SEQ=|bIdx=|bdId=|artclView\.do|selectNttInfo\.do|selectBoardArticle\.do|BoardView\.do|boardCnts\/view\.do|boardView\.do|detailView\.do|scholarDetail\.do|View\d+\.do|view\.do|\/portalBbs\/|\/article\/[^/]+\/detail\/|\/web\/Board\/|notice-view\?id=|mod=document),장학|장학금|학자금|등록금|scholarship|tuition|fellowship,,true,confidence=high | 장학 포털
ou_1923_univ_001,ou_1923,,,1923,university,계명대학교 장학공지,https://www.kmu.ac.kr/uni/main/page.jsp?mnu_uid=145,https://www.kmu.ac.kr,,a[href],,,,,(mode=view|sMode=VIEW_FORM|iBrdContNo=|articleNo=|boardNo=|nttNo=|nttId=|nttSn=|idx=\d+|no=\d+|wr_id=\d+|boardSeq=\d+|b_idx=\d+|seq=\d+|uid=\d+|artclNo=|brdIdx=|DOC_NO=|BBS_SEQ=|bIdx=|bdId=|artclView\.do|selectNttInfo\.do|selectBoardArticle\.do|BoardView\.do|boardCnts\/view\.do|boardView\.do|detailView\.do|scholarDetail\.do|View\d+\.do|view\.do|\/portalBbs\/|\/article\/[^/]+\/detail\/|\/web\/Board\/|notice-view\?id=|mod=document),장학|장학금|학자금|등록금|scholarship|tuition|fellowship,,true,confidence=high | 열린마당>장학
ou_1_univ_001,ou_1,,,1,university,고려대학교 장학공지,https://scholarship.korea.ac.kr/scholarship/application/notice.do,https://scholarship.korea.ac.kr,tbody tr,a[href],a[href],"td:last-child, .date, .board-date, .wr_date",,,(mode=view|sMode=VIEW_FORM|iBrdContNo=|articleNo=|boardNo=|nttNo=|nttId=|nttSn=|idx=\d+|no=\d+|wr_id=\d+|boardSeq=\d+|b_idx=\d+|seq=\d+|uid=\d+|artclNo=|brdIdx=|DOC_NO=|BBS_SEQ=|bIdx=|bdId=|artclView\.do|selectNttInfo\.do|selectBoardArticle\.do|BoardView\.do|boardCnts\/view\.do|boardView\.do|detailView\.do|scholarDetail\.do|View\d+\.do|view\.do|\/portalBbs\/|\/article\/[^/]+\/detail\/|\/web\/Board\/|notice-view\?id=|mod=document),장학|장학금|학자금|등록금|scholarship|tuition|fellowship,,true,confidence=high | 학부 장학 공지
ou_1961_univ_001,ou_1961,,,1961,university,고려대학교(세종) 장학공지,https://sejong.korea.ac.kr/koreaSejong/7906/subview.do,https://sejong.korea.ac.kr,tbody tr,a[href],a[href],"td:last-child, .date, .board-date, .wr_date",,,(mode=view|sMode=VIEW_FORM|iBrdContNo=|articleNo=|boardNo=|nttNo=|nttId=|nttSn=|idx=\d+|no=\d+|wr_id=\d+|boardSeq=\d+|b_idx=\d+|seq=\d+|uid=\d+|artclNo=|brdIdx=|DOC_NO=|BBS_SEQ=|bIdx=|bdId=|artclView\.do|selectNttInfo\.do|selectBoardArticle\.do|BoardView\.do|boardCnts\/view\.do|boardView\.do|detailView\.do|scholarDetail\.do|View\d+\.do|view\.do|\/portalBbs\/|\/article\/[^/]+\/detail\/|\/web\/Board\/|notice-view\?id=|mod=document),장학|장학금|학자금|등록금|scholarship|tuition|fellowship,,true,confidence=high | 장학공지
ou_1973_univ_001,ou_1973,,,1973,university,고신대학교 장학공지,https://www.kosin.ac.kr/kr/index.php?pCode=scholarshipNews,https://www.kosin.ac.kr,,a[href],,,,,,장학|장학금|학자금|등록금|scholarship|tuition|fellowship,,true,confidence=high | 장학소식
ou_1982_univ_001,ou_1982,,,1982,university,공주교육대학교 장학공지,https://www.gjue.ac.kr/kor/article/BBSMSTR_000000000108,https://www.gjue.ac.kr,,a[href],,,,,,장학|장학금|학자금|등록금|scholarship|tuition|fellowship,,true,confidence=high | 학교소식>장학공지
ou_1986_univ_001,ou_1986,,,1986,university,광신대학교 장학공지,https://www.kwangshin.ac.kr/front/boardList.do?brd_mgrno=180&menu_no=442,https://www.kwangshin.ac.kr,tbody tr,a[href],a[href],"td:last-child, .date, .board-date, .wr_date",,,(mode=view|sMode=VIEW_FORM|iBrdContNo=|articleNo=|boardNo=|nttNo=|nttId=|nttSn=|idx=\d+|no=\d+|wr_id=\d+|boardSeq=\d+|b_idx=\d+|seq=\d+|uid=\d+|artclNo=|brdIdx=|DOC_NO=|BBS_SEQ=|bIdx=|bdId=|artclView\.do|selectNttInfo\.do|selectBoardArticle\.do|BoardView\.do|boardCnts\/view\.do|boardView\.do|detailView\.do|scholarDetail\.do|View\d+\.do|view\.do|\/portalBbs\/|\/article\/[^/]+\/detail\/|\/web\/Board\/|notice-view\?id=|mod=document),장학|장학금|학자금|등록금|scholarship|tuition|fellowship,,true,confidence=medium | 커뮤니티 공지사항(장학 포함); 전용보드 미확인
ou_1995_univ_001,ou_1995,,,1995,university,광운대학교 장학공지,https://www.kw.ac.kr/ko/life/notice.jsp?srCategoryId=4,https://www.kw.ac.kr,,a[href],,,,,,장학|장학금|학자금|등록금|scholarship|tuition|fellowship,,true,confidence=high | 등록/장학 공지
ou_2005_univ_001,ou_2005,,,2005,university,광주과학기술원 장학공지,https://www.gist.ac.kr/site/kr/html/sub05/050209.html,https://www.gist.ac.kr,,a[href],,,,,,장학|장학금|학자금|등록금|scholarship|tuition|fellowship,,true,confidence=medium | 학사공지(장학/납입금 분류)
ou_2007_univ_001,ou_2007,,,2007,university,광주교육대학교 장학공지,https://www.gnue.ac.kr/planweb/board/list.9is?contentUid=4a9f18ab5c48fe8c015cec61f46c1131&boardUid=4a9f18ab5d53940b015d539a2f9e002e&contentUid=4a9f18ab5c48fe8c015cec61f46c1131,https://www.gnue.ac.kr,,a[href],,,,,,장학|장학금|학자금|등록금|scholarship|tuition|fellowship,,true,confidence=high | 장학공지(수동 확인)
ou_2010_univ_001,ou_2010,,,2010,university,광주대학교 장학공지,https://www.gwangju.ac.kr/bbs/?b_id=gwangju_notice_se&mn=538&site=gwangju,https://www.gwangju.ac.kr,,a[href],,,,,,장학|장학금|학자금|등록금|scholarship|tuition|fellowship,,true,confidence=medium | 커뮤니티>장학/학자금 공지
ou_2015_univ_001,ou_2015,,,2015,university,광주여자대학교 장학공지,https://www.kwu.ac.kr/mod/board/list.do?MID=KWU_B06010401,https://www.kwu.ac.kr,tbody tr,a[href],a[href],"td:last-child, .date, .board-date, .wr_date",,,(mode=view|sMode=VIEW_FORM|iBrdContNo=|articleNo=|boardNo=|nttNo=|nttId=|nttSn=|idx=\d+|no=\d+|wr_id=\d+|boardSeq=\d+|b_idx=\d+|seq=\d+|uid=\d+|artclNo=|brdIdx=|DOC_NO=|BBS_SEQ=|bIdx=|bdId=|artclView\.do|selectNttInfo\.do|selectBoardArticle\.do|BoardView\.do|boardCnts\/view\.do|boardView\.do|detailView\.do|scholarDetail\.do|View\d+\.do|view\.do|\/portalBbs\/|\/article\/[^/]+\/detail\/|\/web\/Board\/|notice-view\?id=|mod=document),장학|장학금|학자금|등록금|scholarship|tuition|fellowship,,true,confidence=high | 송강광장 > 알림마당 > 장학공지 전용 게시판
ou_2021_univ_001,ou_2021,,,2021,university,국립강릉원주대학교 장학공지,https://gwnu.ac.kr/kr/7899/subview.do,https://gwnu.ac.kr,tbody tr,a[href],a[href],"td:last-child, .date, .board-date, .wr_date",,,(mode=view|sMode=VIEW_FORM|iBrdContNo=|articleNo=|boardNo=|nttNo=|nttId=|nttSn=|idx=\d+|no=\d+|wr_id=\d+|boardSeq=\d+|b_idx=\d+|seq=\d+|uid=\d+|artclNo=|brdIdx=|DOC_NO=|BBS_SEQ=|bIdx=|bdId=|artclView\.do|selectNttInfo\.do|selectBoardArticle\.do|BoardView\.do|boardCnts\/view\.do|boardView\.do|detailView\.do|scholarDetail\.do|View\d+\.do|view\.do|\/portalBbs\/|\/article\/[^/]+\/detail\/|\/web\/Board\/|notice-view\?id=|mod=document),장학|장학금|학자금|등록금|scholarship|tuition|fellowship,,true,confidence=high | 장학정보 게시판
ou_2026_univ_001,ou_2026,,,2026,university,국립경국대학교 장학공지,https://www.gknu.ac.kr/main/board/index.do?manage_idx=1&menu_idx=333&search.category1=107,https://www.gknu.ac.kr,tbody tr,a[href],a[href],"td:last-child, .date, .board-date, .wr_date",,,(mode=view|sMode=VIEW_FORM|iBrdContNo=|articleNo=|boardNo=|nttNo=|nttId=|nttSn=|idx=\d+|no=\d+|wr_id=\d+|boardSeq=\d+|b_idx=\d+|seq=\d+|uid=\d+|artclNo=|brdIdx=|DOC_NO=|BBS_SEQ=|bIdx=|bdId=|artclView\.do|selectNttInfo\.do|selectBoardArticle\.do|BoardView\.do|boardCnts\/view\.do|boardView\.do|detailView\.do|scholarDetail\.do|View\d+\.do|view\.do|\/portalBbs\/|\/article\/[^/]+\/detail\/|\/web\/Board\/|notice-view\?id=|mod=document),장학|장학금|학자금|등록금|scholarship|tuition|fellowship,,true,confidence=high | 공지사항 > 장학안내 카테고리 필터
ou_2032_univ_001,ou_2032,,,2032,university,국립공주대학교 장학공지,https://homepage.kongju.ac.kr/KNU/16909/subview.do,https://homepage.kongju.ac.kr,tbody tr,a[href],a[href],"td:last-child, .date, .board-date, .wr_date",,,(mode=view|sMode=VIEW_FORM|iBrdContNo=|articleNo=|boardNo=|nttNo=|nttId=|nttSn=|idx=\d+|no=\d+|wr_id=\d+|boardSeq=\d+|b_idx=\d+|seq=\d+|uid=\d+|artclNo=|brdIdx=|DOC_NO=|BBS_SEQ=|bIdx=|bdId=|artclView\.do|selectNttInfo\.do|selectBoardArticle\.do|BoardView\.do|boardCnts\/view\.do|boardView\.do|detailView\.do|scholarDetail\.do|View\d+\.do|view\.do|\/portalBbs\/|\/article\/[^/]+\/detail\/|\/web\/Board\/|notice-view\?id=|mod=document),장학|장학금|학자금|등록금|scholarship|tuition|fellowship,,true,confidence=medium | 학생소식 게시판; [장학] 말머리 공지 혼재
ou_2046_univ_001,ou_2046,,,2046,university,국립군산대학교 장학공지,https://www.kunsan.ac.kr/board/list.kunsan?boardId=BBS_0000009,https://www.kunsan.ac.kr,,a[href],,,,,,장학|장학금|학자금|등록금|scholarship|tuition|fellowship,,true,confidence=high | KSNU 광장 > 학사/장학
ou_2051_univ_001,ou_2051,,,2051,university,국립금오공과대학교 장학공지,https://www.kumoh.ac.kr/ko/sub06_01_01_01.do,https://www.kumoh.ac.kr,tbody tr,a[href],a[href],"td:last-child, .date, .board-date, .wr_date",,,(mode=view|sMode=VIEW_FORM|iBrdContNo=|articleNo=|boardNo=|nttNo=|nttId=|nttSn=|idx=\d+|no=\d+|wr_id=\d+|boardSeq=\d+|b_idx=\d+|seq=\d+|uid=\d+|artclNo=|brdIdx=|DOC_NO=|BBS_SEQ=|bIdx=|bdId=|artclView\.do|selectNttInfo\.do|selectBoardArticle\.do|BoardView\.do|boardCnts\/view\.do|boardView\.do|detailView\.do|scholarDetail\.do|View\d+\.do|view\.do|\/portalBbs\/|\/article\/[^/]+\/detail\/|\/web\/Board\/|notice-view\?id=|mod=document),장학|장학금|학자금|등록금|scholarship|tuition|fellowship,,true,confidence=medium | 금오광장 공지사항; [장학] 태그 글 다수
ou_2056_univ_001,ou_2056,,,2056,university,국립목포대학교 장학공지,https://scholarship.mokpo.ac.kr/scholarship/6366/subview.do,https://scholarship.mokpo.ac.kr,tbody tr,a[href],a[href],"td:last-child, .date, .board-date, .wr_date",,,(mode=view|sMode=VIEW_FORM|iBrdContNo=|articleNo=|boardNo=|nttNo=|nttId=|nttSn=|idx=\d+|no=\d+|wr_id=\d+|boardSeq=\d+|b_idx=\d+|seq=\d+|uid=\d+|artclNo=|brdIdx=|DOC_NO=|BBS_SEQ=|bIdx=|bdId=|artclView\.do|selectNttInfo\.do|selectBoardArticle\.do|BoardView\.do|boardCnts\/view\.do|boardView\.do|detailView\.do|scholarDetail\.do|View\d+\.do|view\.do|\/portalBbs\/|\/article\/[^/]+\/detail\/|\/web\/Board\/|notice-view\?id=|mod=document),장학|장학금|학자금|등록금|scholarship|tuition|fellowship,,true,confidence=high | 장학홈페이지 > 공지사항
ou_2062_univ_001,ou_2062,,,2062,university,국립목포해양대학교 장학공지,https://www.mmu.ac.kr/main/board/303,https://www.mmu.ac.kr,,a[href],,,,,(mode=view|sMode=VIEW_FORM|iBrdContNo=|articleNo=|boardNo=|nttNo=|nttId=|nttSn=|idx=\d+|no=\d+|wr_id=\d+|boardSeq=\d+|b_idx=\d+|seq=\d+|uid=\d+|artclNo=|brdIdx=|DOC_NO=|BBS_SEQ=|bIdx=|bdId=|artclView\.do|selectNttInfo\.do|selectBoardArticle\.do|BoardView\.do|boardCnts\/view\.do|boardView\.do|detailView\.do|scholarDetail\.do|View\d+\.do|view\.do|\/portalBbs\/|\/article\/[^/]+\/detail\/|\/web\/Board\/|notice-view\?id=|mod=document),장학|장학금|학자금|등록금|scholarship|tuition|fellowship,,true,confidence=high | 장학공지 전용 게시판
ou_2065_univ_001,ou_2065,,,2065,university,국립부경대학교 장학공지,https://www.pknu.ac.kr/main/163?cd=10004,https://www.pknu.ac.kr,,a[href],,,,,,장학|장학금|학자금|등록금|scholarship|tuition|fellowship,,true,confidence=high | 공지사항 > 등록·장학 카테고리
ou_2074_univ_001,ou_2074,,,2074,university,국립순천대학교 장학공지,https://www.scnu.ac.kr/SCNU/na/ntt/selectNttList.do?bbsId=4487&mi=8690,https://www.scnu.ac.kr,tbody tr,"a.nttInfoBtn, a[data-id], a[href]",a[href],"td:last-child, .date, .board-date, .wr_date",,,(mode=view|sMode=VIEW_FORM|iBrdContNo=|articleNo=|boardNo=|nttNo=|nttId=|nttSn=|idx=\d+|no=\d+|wr_id=\d+|boardSeq=\d+|b_idx=\d+|seq=\d+|uid=\d+|artclNo=|brdIdx=|DOC_NO=|BBS_SEQ=|bIdx=|bdId=|artclView\.do|selectNttInfo\.do|selectBoardArticle\.do|BoardView\.do|boardCnts\/view\.do|boardView\.do|detailView\.do|scholarDetail\.do|View\d+\.do|view\.do|\/portalBbs\/|\/article\/[^/]+\/detail\/|\/web\/Board\/|notice-view\?id=|mod=document),장학|장학금|학자금|등록금|scholarship|tuition|fellowship,,true,confidence=medium | 국가장학금 게시판 | data-id→selectNttInfo
ou_2081_univ_001,ou_2081,,,2081,university,국립창원대학교 장학공지,https://www.changwon.ac.kr/haksa/na/ntt/selectNttList.do?bbsId=5849&mi=15814,https://www.changwon.ac.kr,tbody tr,"a.nttInfoBtn, a[data-id], a[href]",a[href],"td:last-child, .date, .board-date, .wr_date",,,(mode=view|sMode=VIEW_FORM|iBrdContNo=|articleNo=|boardNo=|nttNo=|nttId=|nttSn=|idx=\d+|no=\d+|wr_id=\d+|boardSeq=\d+|b_idx=\d+|seq=\d+|uid=\d+|artclNo=|brdIdx=|DOC_NO=|BBS_SEQ=|bIdx=|bdId=|artclView\.do|selectNttInfo\.do|selectBoardArticle\.do|BoardView\.do|boardCnts\/view\.do|boardView\.do|detailView\.do|scholarDetail\.do|View\d+\.do|view\.do|\/portalBbs\/|\/article\/[^/]+\/detail\/|\/web\/Board\/|notice-view\?id=|mod=document),장학|장학금|학자금|등록금|scholarship|tuition|fellowship,,true,confidence=high | 학사안내 > 장학안내 | data-id→selectNttInfo
ou_2091_univ_001,ou_2091,,,2091,university,국립한국교통대학교 장학공지,https://www.ut.ac.kr/cop/bbs/BBSMSTR_000000000060/selectBoardList.do,https://www.ut.ac.kr,tbody tr,a[href],a[href],"td:last-child, .date, .board-date, .wr_date",,,(mode=view|sMode=VIEW_FORM|iBrdContNo=|articleNo=|boardNo=|nttNo=|nttId=|nttSn=|idx=\d+|no=\d+|wr_id=\d+|boardSeq=\d+|b_idx=\d+|seq=\d+|uid=\d+|artclNo=|brdIdx=|DOC_NO=|BBS_SEQ=|bIdx=|bdId=|artclView\.do|selectNttInfo\.do|selectBoardArticle\.do|BoardView\.do|boardCnts\/view\.do|boardView\.do|detailView\.do|scholarDetail\.do|View\d+\.do|view\.do|\/portalBbs\/|\/article\/[^/]+\/detail\/|\/web\/Board\/|notice-view\?id=|mod=document),장학|장학금|학자금|등록금|scholarship|tuition|fellowship,,true,confidence=high | 소통광장 > 장학안내
ou_2097_univ_001,ou_2097,,,2097,university,국립한국해양대학교 장학공지,https://www.kmou.ac.kr/kmou/na/ntt/selectNttList.do?mi=5691&bbsId=1041,https://www.kmou.ac.kr,tbody tr,a[href],a[href],"td:last-child, .date, .board-date, .wr_date",,,(mode=view|sMode=VIEW_FORM|iBrdContNo=|articleNo=|boardNo=|nttNo=|nttId=|nttSn=|idx=\d+|no=\d+|wr_id=\d+|boardSeq=\d+|b_idx=\d+|seq=\d+|uid=\d+|artclNo=|brdIdx=|DOC_NO=|BBS_SEQ=|bIdx=|bdId=|artclView\.do|selectNttInfo\.do|selectBoardArticle\.do|BoardView\.do|boardCnts\/view\.do|boardView\.do|detailView\.do|scholarDetail\.do|View\d+\.do|view\.do|\/portalBbs\/|\/article\/[^/]+\/detail\/|\/web\/Board\/|notice-view\?id=|mod=document),장학|장학금|학자금|등록금|scholarship|tuition|fellowship,,true,confidence=high | 정보광장 > 장학정보
ou_2106_univ_001,ou_2106,,,2106,university,국립한밭대학교 장학공지,https://www.hanbat.ac.kr/bbs/BBSMSTR_000000001261/list.do,https://www.hanbat.ac.kr,tbody tr,"a[onclick*='fn_search_detail'], a[href*='view.do']",a[href],"td:last-child, .date, .board-date, .wr_date",,,(mode=view|sMode=VIEW_FORM|iBrdContNo=|articleNo=|boardNo=|nttNo=|nttId=|nttSn=|idx=\d+|no=\d+|wr_id=\d+|boardSeq=\d+|b_idx=\d+|seq=\d+|uid=\d+|artclNo=|brdIdx=|DOC_NO=|BBS_SEQ=|bIdx=|bdId=|artclView\.do|selectNttInfo\.do|selectBoardArticle\.do|BoardView\.do|boardCnts\/view\.do|boardView\.do|detailView\.do|scholarDetail\.do|View\d+\.do|view\.do|\/portalBbs\/|\/article\/[^/]+\/detail\/|\/web\/Board\/|notice-view\?id=|mod=document),장학|장학금|학자금|등록금|scholarship|tuition|fellowship,,true,confidence=high | 장학공지 전용 게시판 | fn_search_detail
ou_2112_univ_001,ou_2112,,,2112,university,국민대학교 장학공지,https://www.kookmin.ac.kr/user/kmuNews/notice/7/index.do,https://www.kookmin.ac.kr,tbody tr,a[href],a[href],"td:last-child, .date, .board-date, .wr_date",,,(mode=view|sMode=VIEW_FORM|iBrdContNo=|articleNo=|boardNo=|nttNo=|nttId=|nttSn=|idx=\d+|no=\d+|wr_id=\d+|boardSeq=\d+|b_idx=\d+|seq=\d+|uid=\d+|artclNo=|brdIdx=|DOC_NO=|BBS_SEQ=|bIdx=|bdId=|artclView\.do|selectNttInfo\.do|selectBoardArticle\.do|BoardView\.do|boardCnts\/view\.do|boardView\.do|detailView\.do|scholarDetail\.do|View\d+\.do|view\.do|\/portalBbs\/|\/article\/[^/]+\/detail\/|\/web\/Board\/|notice-view\?id=|mod=document),장학|장학금|학자금|등록금|scholarship|tuition|fellowship,,true,confidence=high | KMU 주요소식 > 장학공지
ou_2138_univ_001,ou_2138,,,2138,university,극동대학교 장학공지,https://www.kdu.ac.kr/home/sub.do?mncd=179&mode=list,https://www.kdu.ac.kr,tbody tr,a[href],a[href],"td:last-child, .date, .board-date, .wr_date",,,(mode=view|sMode=VIEW_FORM|iBrdContNo=|articleNo=|boardNo=|nttNo=|nttId=|nttSn=|idx=\d+|no=\d+|wr_id=\d+|boardSeq=\d+|b_idx=\d+|seq=\d+|uid=\d+|artclNo=|brdIdx=|DOC_NO=|BBS_SEQ=|bIdx=|bdId=|artclView\.do|selectNttInfo\.do|selectBoardArticle\.do|BoardView\.do|boardCnts\/view\.do|boardView\.do|detailView\.do|scholarDetail\.do|View\d+\.do|view\.do|\/portalBbs\/|\/article\/[^/]+\/detail\/|\/web\/Board\/|notice-view\?id=|mod=document),장학|장학금|학자금|등록금|scholarship|tuition|fellowship,,true,confidence=high | 장학공지목록 전용 게시판
ou_2146_univ_001,ou_2146,,,2146,university,금강대학교 장학공지,https://www.ggu.ac.kr/sub01080108,https://www.ggu.ac.kr,,a[href],,,,,,장학|장학금|학자금|등록금|scholarship|tuition|fellowship,,true,confidence=medium | 장학공지 게시판
ou_2149_univ_001,ou_2149,,,2149,university,김천대학교 장학공지,https://www.kcu.ac.kr/kcua/boardList?menuCode=BC0703,https://www.kcu.ac.kr,,a[href],,,,,(mode=view|sMode=VIEW_FORM|iBrdContNo=|articleNo=|boardNo=|nttNo=|nttId=|nttSn=|idx=\d+|no=\d+|wr_id=\d+|boardSeq=\d+|b_idx=\d+|seq=\d+|uid=\d+|artclNo=|brdIdx=|DOC_NO=|BBS_SEQ=|bIdx=|bdId=|artclView\.do|selectNttInfo\.do|selectBoardArticle\.do|BoardView\.do|boardCnts\/view\.do|boardView\.do|detailView\.do|scholarDetail\.do|View\d+\.do|view\.do|\/portalBbs\/|\/article\/[^/]+\/detail\/|\/web\/Board\/|notice-view\?id=|mod=document),장학|장학금|학자금|등록금|scholarship|tuition|fellowship,,true,confidence=high | 강서소통광장 > 장학
ou_2155_univ_001,ou_2155,,,2155,university,나사렛대학교 장학공지,https://kornu.ac.kr/mbs/kornukr/jsp/board/list.jsp?boardId=18&id=kornukr_080104000000,https://kornu.ac.kr,,a[href],,,,,,장학|장학금|학자금|등록금|scholarship|tuition|fellowship,,true,confidence=high | 장학공지 전용 게시판
ou_2163_univ_001,ou_2163,,,2163,university,남부대학교 장학공지,https://www.nambu.ac.kr/board/NAMBU_BOARD_0016/boardList.do?menuCd=KR006006004,https://www.nambu.ac.kr,tbody tr,"a[href*='goBdView'], a[href]",a[href],"td:last-child, .date, .board-date, .wr_date",,,(mode=view|sMode=VIEW_FORM|iBrdContNo=|articleNo=|boardNo=|nttNo=|nttId=|nttSn=|idx=\d+|no=\d+|wr_id=\d+|boardSeq=\d+|b_idx=\d+|seq=\d+|uid=\d+|artclNo=|brdIdx=|DOC_NO=|BBS_SEQ=|bIdx=|bdId=|artclView\.do|selectNttInfo\.do|selectBoardArticle\.do|BoardView\.do|boardCnts\/view\.do|boardView\.do|detailView\.do|scholarDetail\.do|View\d+\.do|view\.do|\/portalBbs\/|\/article\/[^/]+\/detail\/|\/web\/Board\/|notice-view\?id=|mod=document),장학|장학금|학자금|등록금|scholarship|tuition|fellowship,,true,confidence=high | 장학/학자금 공지 | goBdView→boardView.do
ou_2173_univ_001,ou_2173,,,2173,university,남서울대학교 장학공지,https://www.nsu.ac.kr/?m1=page&menu_id=134,https://www.nsu.ac.kr,,a[href],,,,,(mode=view|sMode=VIEW_FORM|iBrdContNo=|articleNo=|boardNo=|nttNo=|nttId=|nttSn=|idx=\d+|no=\d+|wr_id=\d+|boardSeq=\d+|b_idx=\d+|seq=\d+|uid=\d+|artclNo=|brdIdx=|DOC_NO=|BBS_SEQ=|bIdx=|bdId=|artclView\.do|selectNttInfo\.do|selectBoardArticle\.do|BoardView\.do|boardCnts\/view\.do|boardView\.do|detailView\.do|scholarDetail\.do|View\d+\.do|view\.do|\/portalBbs\/|\/article\/[^/]+\/detail\/|\/web\/Board\/|notice-view\?id=|mod=document),장학|장학금|학자금|등록금|scholarship|tuition|fellowship,,true,confidence=medium | 장학공지 게시판
ou_2195_univ_001,ou_2195,,,2195,university,대구가톨릭대학교 장학공지,https://www.cu.ac.kr/plaza/notice/scholarship,https://www.cu.ac.kr,,a[href],,,,,,장학|장학금|학자금|등록금|scholarship|tuition|fellowship,,true,confidence=high | DCU 광장 > 장학공지
ou_2214_univ_001,ou_2214,,,2214,university,대구교육대학교 장학공지,https://www.dnue.ac.kr/kor/CMS/Board/Board.do?mCode=MN169,https://www.dnue.ac.kr,tbody tr,a[href],a[href],"td:last-child, .date, .board-date, .wr_date",,,(mode=view|sMode=VIEW_FORM|iBrdContNo=|articleNo=|boardNo=|nttNo=|nttId=|nttSn=|idx=\d+|no=\d+|wr_id=\d+|boardSeq=\d+|b_idx=\d+|seq=\d+|uid=\d+|artclNo=|brdIdx=|DOC_NO=|BBS_SEQ=|bIdx=|bdId=|artclView\.do|selectNttInfo\.do|selectBoardArticle\.do|BoardView\.do|boardCnts\/view\.do|boardView\.do|detailView\.do|scholarDetail\.do|View\d+\.do|view\.do|\/portalBbs\/|\/article\/[^/]+\/detail\/|\/web\/Board\/|notice-view\?id=|mod=document),장학|장학금|학자금|등록금|scholarship|tuition|fellowship,,true,confidence=medium | 장학공지 게시판
ou_2228_univ_001,ou_2228,,,2228,university,대구예술대학교 장학공지,https://www.dgau.ac.kr/notice_sch,https://www.dgau.ac.kr,,a[href],,,,,,장학|장학금|학자금|등록금|scholarship|tuition|fellowship,,true,confidence=high | 장학(대출) 전용 공지 목록
ou_2229_univ_001,ou_2229,,,2229,university,대구한의대학교 장학공지,https://www.dhu.ac.kr/pages/sub.htm?nav_code=dhu1574335885,https://www.dhu.ac.kr,,a[href],,,,,,장학|장학금|학자금|등록금|scholarship|tuition|fellowship,,true,confidence=high | 장학공지 전용 게시판
ou_2238_univ_001,ou_2238,,,2238,university,대신대학교 장학공지,https://www.daeshin.ac.kr/html/05_community/01.php,https://www.daeshin.ac.kr,,a[href],,,,,(mode=view|sMode=VIEW_FORM|iBrdContNo=|articleNo=|boardNo=|nttNo=|nttId=|nttSn=|idx=\d+|no=\d+|wr_id=\d+|boardSeq=\d+|b_idx=\d+|seq=\d+|uid=\d+|artclNo=|brdIdx=|DOC_NO=|BBS_SEQ=|bIdx=|bdId=|artclView\.do|selectNttInfo\.do|selectBoardArticle\.do|BoardView\.do|boardCnts\/view\.do|boardView\.do|detailView\.do|scholarDetail\.do|View\d+\.do|view\.do|\/portalBbs\/|\/article\/[^/]+\/detail\/|\/web\/Board\/|notice-view\?id=|mod=document),장학|장학금|학자금|등록금|scholarship|tuition|fellowship,,true,confidence=medium | 일반 공지 게시판; 전용 장학보드 미확인
ou_2243_univ_001,ou_2243,,,2243,university,대전가톨릭대학교 장학공지,https://www.dcatholic.ac.kr/bbs/board.php?bo_table=notice,https://www.dcatholic.ac.kr,,a[href],,,,,,장학|장학금|학자금|등록금|scholarship|tuition|fellowship,,true,confidence=low | 통합 공지사항; 장학 전용 보드 없음
ou_2246_univ_001,ou_2246,,,2246,university,대전대학교 장학공지,https://www.dju.ac.kr/dju/na/ntt/selectNttList.do?bbsId=1853&mi=3957,https://www.dju.ac.kr,tbody tr,"a.nttInfoBtn, a[data-id], a[href]",a[href],"td:last-child, .date, .board-date, .wr_date",,,(mode=view|sMode=VIEW_FORM|iBrdContNo=|articleNo=|boardNo=|nttNo=|nttId=|nttSn=|idx=\d+|no=\d+|wr_id=\d+|boardSeq=\d+|b_idx=\d+|seq=\d+|uid=\d+|artclNo=|brdIdx=|DOC_NO=|BBS_SEQ=|bIdx=|bdId=|artclView\.do|selectNttInfo\.do|selectBoardArticle\.do|BoardView\.do|boardCnts\/view\.do|boardView\.do|detailView\.do|scholarDetail\.do|View\d+\.do|view\.do|\/portalBbs\/|\/article\/[^/]+\/detail\/|\/web\/Board\/|notice-view\?id=|mod=document),장학|장학금|학자금|등록금|scholarship|tuition|fellowship,,true,confidence=high | 장학 공지 | data-id→selectNttInfo
ou_2254_univ_001,ou_2254,,,2254,university,대전신학대학교 장학공지,https://www.daejeon.ac.kr/bbs/board.php?bo_table=N01_04,https://www.daejeon.ac.kr,,a[href],,,,,,장학|장학금|학자금|등록금|scholarship|tuition|fellowship,,true,confidence=high | 장학 전용 게시판
ou_2257_univ_001,ou_2257,,,2257,university,대진대학교 장학공지,https://www.daejin.ac.kr/daejin/1004/subview.do,https://www.daejin.ac.kr,tbody tr,a[href],a[href],"td:last-child, .date, .board-date, .wr_date",,,(mode=view|sMode=VIEW_FORM|iBrdContNo=|articleNo=|boardNo=|nttNo=|nttId=|nttSn=|idx=\d+|no=\d+|wr_id=\d+|boardSeq=\d+|b_idx=\d+|seq=\d+|uid=\d+|artclNo=|brdIdx=|DOC_NO=|BBS_SEQ=|bIdx=|bdId=|artclView\.do|selectNttInfo\.do|selectBoardArticle\.do|BoardView\.do|boardCnts\/view\.do|boardView\.do|detailView\.do|scholarDetail\.do|View\d+\.do|view\.do|\/portalBbs\/|\/article\/[^/]+\/detail\/|\/web\/Board\/|notice-view\?id=|mod=document),장학|장학금|학자금|등록금|scholarship|tuition|fellowship,,true,confidence=high | 장학 게시판
ou_2266_univ_001,ou_2266,,,2266,university,덕성여자대학교 장학공지,https://www.duksung.ac.kr/bbs/board.do?bsIdx=36&menuId=1059,https://www.duksung.ac.kr,,,,,,,(mode=view|sMode=VIEW_FORM|iBrdContNo=|articleNo=|boardNo=|nttNo=|nttId=|nttSn=|idx=\d+|no=\d+|wr_id=\d+|boardSeq=\d+|b_idx=\d+|seq=\d+|uid=\d+|artclNo=|brdIdx=|DOC_NO=|BBS_SEQ=|bIdx=|bdId=|artclView\.do|selectNttInfo\.do|selectBoardArticle\.do|BoardView\.do|boardCnts\/view\.do|boardView\.do|detailView\.do|scholarDetail\.do|View\d+\.do|view\.do|\/portalBbs\/|\/article\/[^/]+\/detail\/|\/web\/Board\/|notice-view\?id=|mod=document),장학|장학금|학자금|등록금|scholarship|tuition|fellowship,duksung_bbs_ajax,true,confidence=low | 공식 장학 보드이나 공개 목록 비어 있음; 실제 공지 분산 | adapter=duksung_bbs_ajax
ou_12_univ_001,ou_12,,,12,university,동국대학교 장학공지,https://scholarship.dongguk.edu/article/notice/list,https://scholarship.dongguk.edu,tbody tr,"a[onclick*='goDetail'], a[href]",a[href],"td:last-child, .date, .board-date, .wr_date",,,(mode=view|sMode=VIEW_FORM|iBrdContNo=|articleNo=|boardNo=|nttNo=|nttId=|nttSn=|idx=\d+|no=\d+|wr_id=\d+|boardSeq=\d+|b_idx=\d+|seq=\d+|uid=\d+|artclNo=|brdIdx=|DOC_NO=|BBS_SEQ=|bIdx=|bdId=|artclView\.do|selectNttInfo\.do|selectBoardArticle\.do|BoardView\.do|boardCnts\/view\.do|boardView\.do|detailView\.do|scholarDetail\.do|View\d+\.do|view\.do|\/portalBbs\/|\/article\/[^/]+\/detail\/|\/web\/Board\/|notice-view\?id=|mod=document),장학|장학금|학자금|등록금|scholarship|tuition|fellowship,,true,confidence=high | 장학처 공지 목록 | goDetail adapter
ou_2285_univ_001,ou_2285,,,2285,university,동국대학교(WISE) 장학공지,https://wise.dongguk.ac.kr/article/servicenotice/list,https://wise.dongguk.ac.kr,,a[href],a[href],"td:last-child, .date, .board-date, .wr_date",,,(mode=view|sMode=VIEW_FORM|iBrdContNo=|articleNo=|boardNo=|nttNo=|nttId=|nttSn=|idx=\d+|no=\d+|wr_id=\d+|boardSeq=\d+|b_idx=\d+|seq=\d+|uid=\d+|artclNo=|brdIdx=|DOC_NO=|BBS_SEQ=|bIdx=|bdId=|artclView\.do|selectNttInfo\.do|selectBoardArticle\.do|BoardView\.do|boardCnts\/view\.do|boardView\.do|detailView\.do|scholarDetail\.do|View\d+\.do|view\.do|\/portalBbs\/|\/article\/[^/]+\/detail\/|\/web\/Board\/|notice-view\?id=|mod=document),장학|장학금|학자금|등록금|scholarship|tuition|fellowship,,true,confidence=high | 장학/봉사 공지 목록
ou_2292_univ_001,ou_2292,,,2292,university,동덕여자대학교 장학공지,https://www.dongduk.ac.kr/www/contents/kor-noti.do?gotoMenuNo=kor-noti,https://www.dongduk.ac.kr,,a[href],a[href],"td:last-child, .date, .board-date, .wr_date",,,(mode=view|sMode=VIEW_FORM|iBrdContNo=|articleNo=|boardNo=|nttNo=|nttId=|nttSn=|idx=\d+|no=\d+|wr_id=\d+|boardSeq=\d+|b_idx=\d+|seq=\d+|uid=\d+|artclNo=|brdIdx=|DOC_NO=|BBS_SEQ=|bIdx=|bdId=|artclView\.do|selectNttInfo\.do|selectBoardArticle\.do|BoardView\.do|boardCnts\/view\.do|boardView\.do|detailView\.do|scholarDetail\.do|View\d+\.do|view\.do|\/portalBbs\/|\/article\/[^/]+\/detail\/|\/web\/Board\/|notice-view\?id=|mod=document),장학|장학금|학자금|등록금|scholarship|tuition|fellowship,,true,confidence=medium | 통합공지; [학생처][장학] 태그로 게시. 포털 bulletin도 사용
ou_2304_univ_001,ou_2304,,,2304,university,동명대학교 장학공지,https://www.tu.ac.kr/tuhome/sub07_01_03.do,https://www.tu.ac.kr,tbody tr,a[href],a[href],"td:last-child, .date, .board-date, .wr_date",,,(mode=view|sMode=VIEW_FORM|iBrdContNo=|articleNo=|boardNo=|nttNo=|nttId=|nttSn=|idx=\d+|no=\d+|wr_id=\d+|boardSeq=\d+|b_idx=\d+|seq=\d+|uid=\d+|artclNo=|brdIdx=|DOC_NO=|BBS_SEQ=|bIdx=|bdId=|artclView\.do|selectNttInfo\.do|selectBoardArticle\.do|BoardView\.do|boardCnts\/view\.do|boardView\.do|detailView\.do|scholarDetail\.do|View\d+\.do|view\.do|\/portalBbs\/|\/article\/[^/]+\/detail\/|\/web\/Board\/|notice-view\?id=|mod=document),장학|장학금|학자금|등록금|scholarship|tuition|fellowship,,true,confidence=high | 정보광장>공지사항>장학
ou_2309_univ_001,ou_2309,,,2309,university,동서대학교 장학공지,https://www.dongseo.ac.kr/kr/?pCode=MN2000195,https://www.dongseo.ac.kr,tbody tr,a[href],a[href],"td:last-child, .date, .board-date, .wr_date",,,(mode=view|sMode=VIEW_FORM|iBrdContNo=|articleNo=|boardNo=|nttNo=|nttId=|nttSn=|idx=\d+|no=\d+|wr_id=\d+|boardSeq=\d+|b_idx=\d+|seq=\d+|uid=\d+|artclNo=|brdIdx=|DOC_NO=|BBS_SEQ=|bIdx=|bdId=|artclView\.do|selectNttInfo\.do|selectBoardArticle\.do|BoardView\.do|boardCnts\/view\.do|boardView\.do|detailView\.do|scholarDetail\.do|View\d+\.do|view\.do|\/portalBbs\/|\/article\/[^/]+\/detail\/|\/web\/Board\/|notice-view\?id=|mod=document),장학|장학금|학자금|등록금|scholarship|tuition|fellowship,,true,confidence=high
ou_2315_univ_001,ou_2315,,,2315,university,동신대학교 장학공지,https://www.dsu.ac.kr/kr/?pCode=notischlr,https://www.dsu.ac.kr,,a[href],,,,,,장학|장학금|학자금|등록금|scholarship|tuition|fellowship,,true,confidence=high | 장학/학자금 공지(교내·국가·교외 분류)
ou_2319_univ_001,ou_2319,,,2319,university,동아대학교 장학공지,https://www.donga.ac.kr/kor/CMS/Board/Board.do?mCode=MN172,https://www.donga.ac.kr,tbody tr,a[href],a[href],"td:last-child, .date, .board-date, .wr_date",,,(mode=view|sMode=VIEW_FORM|iBrdContNo=|articleNo=|boardNo=|nttNo=|nttId=|nttSn=|idx=\d+|no=\d+|wr_id=\d+|boardSeq=\d+|b_idx=\d+|seq=\d+|uid=\d+|artclNo=|brdIdx=|DOC_NO=|BBS_SEQ=|bIdx=|bdId=|artclView\.do|selectNttInfo\.do|selectBoardArticle\.do|BoardView\.do|boardCnts\/view\.do|boardView\.do|detailView\.do|scholarDetail\.do|View\d+\.do|view\.do|\/portalBbs\/|\/article\/[^/]+\/detail\/|\/web\/Board\/|notice-view\?id=|mod=document),장학|장학금|학자금|등록금|scholarship|tuition|fellowship,,true,confidence=high
ou_2335_univ_001,ou_2335,,,2335,university,동양대학교 장학공지,https://www.dyu.ac.kr/plaza/news/encourage-inform/,https://www.dyu.ac.kr,,a[href],,,,,,장학|장학금|학자금|등록금|scholarship|tuition|fellowship,,true,confidence=high | 장학정보 게시판
ou_2343_univ_001,ou_2343,,,2343,university,동의대학교 장학공지,https://www.deu.ac.kr/www/deu-scholarship.do,https://www.deu.ac.kr,tbody tr,a[href],a[href],"td:last-child, .date, .board-date, .wr_date",,,(mode=view|sMode=VIEW_FORM|iBrdContNo=|articleNo=|boardNo=|nttNo=|nttId=|nttSn=|idx=\d+|no=\d+|wr_id=\d+|boardSeq=\d+|b_idx=\d+|seq=\d+|uid=\d+|artclNo=|brdIdx=|DOC_NO=|BBS_SEQ=|bIdx=|bdId=|artclView\.do|selectNttInfo\.do|selectBoardArticle\.do|BoardView\.do|boardCnts\/view\.do|boardView\.do|detailView\.do|scholarDetail\.do|View\d+\.do|view\.do|\/portalBbs\/|\/article\/[^/]+\/detail\/|\/web\/Board\/|notice-view\?id=|mod=document),장학|장학금|학자금|등록금|scholarship|tuition|fellowship,,true,confidence=high
ou_2355_univ_001,ou_2355,,,2355,university,루터대학교 장학공지,http://english.ltu.ac.kr/Board/bbs.list.php?bid=Notice,http://english.ltu.ac.kr,,a[href],,,,,(mode=view|sMode=VIEW_FORM|iBrdContNo=|articleNo=|boardNo=|nttNo=|nttId=|nttSn=|idx=\d+|no=\d+|wr_id=\d+|boardSeq=\d+|b_idx=\d+|seq=\d+|uid=\d+|artclNo=|brdIdx=|DOC_NO=|BBS_SEQ=|bIdx=|bdId=|artclView\.do|selectNttInfo\.do|selectBoardArticle\.do|BoardView\.do|boardCnts\/view\.do|boardView\.do|detailView\.do|scholarDetail\.do|View\d+\.do|view\.do|\/portalBbs\/|\/article\/[^/]+\/detail\/|\/web\/Board\/|notice-view\?id=|mod=document),장학|장학금|학자금|등록금|scholarship|tuition|fellowship,,true,confidence=low | 일반 공지(장학 포함). 전용 장학게시판 미확인
ou_2358_univ_001,ou_2358,,,2358,university,명지대학교 장학공지,https://www.mju.ac.kr/mjukr/259/subview.do,https://www.mju.ac.kr,tbody tr,a[href],a[href],"td:last-child, .date, .board-date, .wr_date",,,(mode=view|sMode=VIEW_FORM|iBrdContNo=|articleNo=|boardNo=|nttNo=|nttId=|nttSn=|idx=\d+|no=\d+|wr_id=\d+|boardSeq=\d+|b_idx=\d+|seq=\d+|uid=\d+|artclNo=|brdIdx=|DOC_NO=|BBS_SEQ=|bIdx=|bdId=|artclView\.do|selectNttInfo\.do|selectBoardArticle\.do|BoardView\.do|boardCnts\/view\.do|boardView\.do|detailView\.do|scholarDetail\.do|View\d+\.do|view\.do|\/portalBbs\/|\/article\/[^/]+\/detail\/|\/web\/Board\/|notice-view\?id=|mod=document),장학|장학금|학자금|등록금|scholarship|tuition|fellowship,,true,confidence=high | 장학/학자금공지
ou_2371_univ_001,ou_2371,,,2371,university,목원대학교 장학공지,https://www.mokwon.ac.kr/kr/html/sub06/0603.html,https://www.mokwon.ac.kr,,a[href],,,,,,장학|장학금|학자금|등록금|scholarship|tuition|fellowship,,true,confidence=high | 알림마당>장학공지
ou_2376_univ_001,ou_2376,,,2376,university,목포가톨릭대학교 장학공지,https://www.mcu.ac.kr/co/contentsView.php?pageID=mcu0708000000,https://www.mcu.ac.kr,,a[href],,,,,,장학|장학금|학자금|등록금|scholarship|tuition|fellowship,,true,confidence=high | 장학 게시판
ou_2379_univ_001,ou_2379,,,2379,university,배재대학교 장학공지,https://www.pcu.ac.kr/kor/article/scholarship,https://www.pcu.ac.kr,,a[href],,,,,,장학|장학금|학자금|등록금|scholarship|tuition|fellowship,,true,confidence=high | 학사공지>장학공지
ou_2389_univ_001,ou_2389,,,2389,university,백석대학교 장학공지,https://www.bu.ac.kr/web/6559/subview.do,https://www.bu.ac.kr,tbody tr,a[href],a[href],"td:last-child, .date, .board-date, .wr_date",,,(mode=view|sMode=VIEW_FORM|iBrdContNo=|articleNo=|boardNo=|nttNo=|nttId=|nttSn=|idx=\d+|no=\d+|wr_id=\d+|boardSeq=\d+|b_idx=\d+|seq=\d+|uid=\d+|artclNo=|brdIdx=|DOC_NO=|BBS_SEQ=|bIdx=|bdId=|artclView\.do|selectNttInfo\.do|selectBoardArticle\.do|BoardView\.do|boardCnts\/view\.do|boardView\.do|detailView\.do|scholarDetail\.do|View\d+\.do|view\.do|\/portalBbs\/|\/article\/[^/]+\/detail\/|\/web\/Board\/|notice-view\?id=|mod=document),장학|장학금|학자금|등록금|scholarship|tuition|fellowship,,true,confidence=high
ou_2401_univ_001,ou_2401,,,2401,university,부산가톨릭대학교 장학공지,https://www.cup.ac.kr/entrance/home/front/board/List294.do,https://www.cup.ac.kr,tbody tr,"a[onclick*='fn_View'], a[href]",a[href],"td:last-child, .date, .board-date, .wr_date",,,(mode=view|sMode=VIEW_FORM|iBrdContNo=|articleNo=|boardNo=|nttNo=|nttId=|nttSn=|idx=\d+|no=\d+|wr_id=\d+|boardSeq=\d+|b_idx=\d+|seq=\d+|uid=\d+|artclNo=|brdIdx=|DOC_NO=|BBS_SEQ=|bIdx=|bdId=|artclView\.do|selectNttInfo\.do|selectBoardArticle\.do|BoardView\.do|boardCnts\/view\.do|boardView\.do|detailView\.do|scholarDetail\.do|View\d+\.do|view\.do|\/portalBbs\/|\/article\/[^/]+\/detail\/|\/web\/Board\/|notice-view\?id=|mod=document),장학|장학금|학자금|등록금|scholarship|tuition|fellowship,,true,confidence=high | CUP광장>장학공지 | fn_View→View294.do (student board)
ou_2407_univ_001,ou_2407,,,2407,university,부산교육대학교 장학공지,https://www.bnue.ac.kr/board/community01_03,https://www.bnue.ac.kr,,a[href],,,,,,장학|장학금|학자금|등록금|scholarship|tuition|fellowship,,true,confidence=high | 한새커뮤니티>장학정보
ou_2409_univ_001,ou_2409,,,2409,university,부산대학교 장학공지,https://www.pusan.ac.kr/kor/CMS/Board/Board.do?mCode=MN095&mgr_seq=3&mode=list&searchID=title&searchKeyword=%EC%9E%A5%ED%95%99,https://www.pusan.ac.kr,tbody tr,a[href],a[href],"td:last-child, .date, .board-date, .wr_date",,,(mode=view|sMode=VIEW_FORM|iBrdContNo=|articleNo=|boardNo=|nttNo=|nttId=|nttSn=|idx=\d+|no=\d+|wr_id=\d+|boardSeq=\d+|b_idx=\d+|seq=\d+|uid=\d+|artclNo=|brdIdx=|DOC_NO=|BBS_SEQ=|bIdx=|bdId=|artclView\.do|selectNttInfo\.do|selectBoardArticle\.do|BoardView\.do|boardCnts\/view\.do|boardView\.do|detailView\.do|scholarDetail\.do|View\d+\.do|view\.do|\/portalBbs\/|\/article\/[^/]+\/detail\/|\/web\/Board\/|notice-view\?id=|mod=document),장학|장학금|학자금|등록금|scholarship|tuition|fellowship,,true,confidence=medium | 전용 장학보드 없음. 공식 안내대로 커뮤니티 공지에서 '장학' 검색
ou_2433_univ_001,ou_2433,,,2433,university,부산외국어대학교 장학공지,https://www.bufs.ac.kr/bbs/board.php?bo_table=notice_sch,https://www.bufs.ac.kr,,a[href],,,,,,장학|장학금|학자금|등록금|scholarship|tuition|fellowship,,true,confidence=high
ou_2439_univ_001,ou_2439,,,2439,university,부산장신대학교 장학공지,https://www.bpu.ac.kr/Board/BoardList.aspx?BoardMstNo=26,https://www.bpu.ac.kr,,a[href],,,,,,장학|장학금|학자금|등록금|scholarship|tuition|fellowship,,true,confidence=high | 장학금/학자금안내
ou_2451_univ_001,ou_2451,,,2451,university,삼육대학교 장학공지,https://www.syu.ac.kr/academic/scholarship-information/scholarship-notice/,https://www.syu.ac.kr,,a[href],,,,,,장학|장학금|학자금|등록금|scholarship|tuition|fellowship,,true,confidence=high
ou_2459_univ_001,ou_2459,,,2459,university,상명대학교 장학공지,https://www.smu.ac.kr/kor/life/notice.do,https://www.smu.ac.kr,tbody tr,a[href],a[href],"td:last-child, .date, .board-date, .wr_date",,,(mode=view|sMode=VIEW_FORM|iBrdContNo=|articleNo=|boardNo=|nttNo=|nttId=|nttSn=|idx=\d+|no=\d+|wr_id=\d+|boardSeq=\d+|b_idx=\d+|seq=\d+|uid=\d+|artclNo=|brdIdx=|DOC_NO=|BBS_SEQ=|bIdx=|bdId=|artclView\.do|selectNttInfo\.do|selectBoardArticle\.do|BoardView\.do|boardCnts\/view\.do|boardView\.do|detailView\.do|scholarDetail\.do|View\d+\.do|view\.do|\/portalBbs\/|\/article\/[^/]+\/detail\/|\/web\/Board\/|notice-view\?id=|mod=document),장학|장학금|학자금|등록금|scholarship|tuition|fellowship,,true,confidence=medium | 통합공지; '등록/장학' 카테고리 필터 사용
ou_2468_univ_001,ou_2468,,,2468,university,상지대학교 장학공지,https://www.sangji.ac.kr/prog/bbsArticle/BBSMSTR_000000000042/list.do,https://www.sangji.ac.kr,tbody tr,a[href],a[href],"td:last-child, .date, .board-date, .wr_date",,,(mode=view|sMode=VIEW_FORM|iBrdContNo=|articleNo=|boardNo=|nttNo=|nttId=|nttSn=|idx=\d+|no=\d+|wr_id=\d+|boardSeq=\d+|b_idx=\d+|seq=\d+|uid=\d+|artclNo=|brdIdx=|DOC_NO=|BBS_SEQ=|bIdx=|bdId=|artclView\.do|selectNttInfo\.do|selectBoardArticle\.do|BoardView\.do|boardCnts\/view\.do|boardView\.do|detailView\.do|scholarDetail\.do|View\d+\.do|view\.do|\/portalBbs\/|\/article\/[^/]+\/detail\/|\/web\/Board\/|notice-view\?id=|mod=document),장학|장학금|학자금|등록금|scholarship|tuition|fellowship,,true,confidence=high
ou_4_univ_001,ou_4,,,4,university,서강대학교 장학공지,https://sogang.ac.kr/ko/scholarship-notice,https://sogang.ac.kr,,a[href],,,,,,장학|장학금|학자금|등록금|scholarship|tuition|fellowship,,true,confidence=medium | 공식 장학공지 URL. 페이지가 JS 로드되어 스냅샷상 비어 보일 수 있음
ou_2493_univ_001,ou_2493,,,2493,university,서경대학교 장학공지,https://www.skuniv.ac.kr/notice,https://www.skuniv.ac.kr,,a[href],,,,,,장학|장학금|학자금|등록금|scholarship|tuition|fellowship,,true,confidence=medium | 공지사항 내 '장학공지' 탭/분류. 카테고리 전용 고정 URL 미확인
ou_2503_univ_001,ou_2503,,,2503,university,서울과학기술대학교 장학공지,https://www.seoultech.ac.kr/service/info/janghak/,https://www.seoultech.ac.kr,,a[href],,,,,,장학|장학금|학자금|등록금|scholarship|tuition|fellowship,,true,confidence=high
ou_2515_univ_001,ou_2515,,,2515,university,서울교육대학교 장학공지,https://www.snue.ac.kr/snue/na/ntt/selectNttList.do?bbsId=1083&mi=3004,https://www.snue.ac.kr,tbody tr,"a.nttInfoBtn, a[data-id], a[href]",a[href],"td:last-child, .date, .board-date, .wr_date",,,(mode=view|sMode=VIEW_FORM|iBrdContNo=|articleNo=|boardNo=|nttNo=|nttId=|nttSn=|idx=\d+|no=\d+|wr_id=\d+|boardSeq=\d+|b_idx=\d+|seq=\d+|uid=\d+|artclNo=|brdIdx=|DOC_NO=|BBS_SEQ=|bIdx=|bdId=|artclView\.do|selectNttInfo\.do|selectBoardArticle\.do|BoardView\.do|boardCnts\/view\.do|boardView\.do|detailView\.do|scholarDetail\.do|View\d+\.do|view\.do|\/portalBbs\/|\/article\/[^/]+\/detail\/|\/web\/Board\/|notice-view\?id=|mod=document),장학|장학금|학자금|등록금|scholarship|tuition|fellowship,,true,confidence=high | 교육지원>장학제도>공지사항 | data-id→selectNttInfo
ou_3_univ_001,ou_3,,,3,university,서울대학교 장학공지,https://student.snu.ac.kr/%EC%86%8C%EC%8B%9D%C2%B7%EC%95%8C%EB%A6%BC/%EA%B3%B5%EC%A7%80%EC%82%AC%ED%95%AD/?category1=%EC%9D%BC%EB%B0%98%EA%B3%B5%EC%A7%80&mod=list,https://student.snu.ac.kr,,a[href],,,,,,장학|장학금|학자금|등록금|scholarship|tuition|fellowship,,true,confidence=medium | notice_sources (general notice)
ou_10_univ_001,ou_10,,,10,university,서울시립대학교 장학공지,https://scholarship.uos.ac.kr/scholarship/main.do?identified=anonymous,https://scholarship.uos.ac.kr,li.main_notice_news,"a[onclick*=""fnView""]","a[onclick*=""fnView""]",span.f_right,,,(mode=view|sMode=VIEW_FORM|iBrdContNo=|articleNo=|boardNo=|nttNo=|nttId=|nttSn=|idx=\d+|no=\d+|wr_id=\d+|boardSeq=\d+|b_idx=\d+|seq=\d+|uid=\d+|artclNo=|brdIdx=|DOC_NO=|BBS_SEQ=|bIdx=|bdId=|artclView\.do|selectNttInfo\.do|selectBoardArticle\.do|BoardView\.do|boardCnts\/view\.do|boardView\.do|detailView\.do|scholarDetail\.do|View\d+\.do|view\.do|\/portalBbs\/|\/article\/[^/]+\/detail\/|\/web\/Board\/|notice-view\?id=|mod=document),장학|장학금|학자금|등록금|scholarship|tuition|fellowship,,true,confidence=medium | 장학 포털 메인에 공지 노출. 전용 list는 세션 의존으로 보임 | selector=li.main_notice_news + fnView
ou_2560_univ_001,ou_2560,,,2560,university,서울신학대학교 장학공지,https://www.stu.ac.kr/CmsHome/stu06_03_03.eznic,https://www.stu.ac.kr,,a[href],,,,,,장학|장학금|학자금|등록금|scholarship|tuition|fellowship,,true,confidence=high | 커뮤니티>장학/취업(장학/대출 탭)
ou_2571_univ_001,ou_2571,,,2571,university,서울여자대학교 장학공지,https://www.swu.ac.kr/swu/744/subview.do,https://www.swu.ac.kr,tbody tr,a[href],a[href],"td:last-child, .date, .board-date, .wr_date",,,(mode=view|sMode=VIEW_FORM|iBrdContNo=|articleNo=|boardNo=|nttNo=|nttId=|nttSn=|idx=\d+|no=\d+|wr_id=\d+|boardSeq=\d+|b_idx=\d+|seq=\d+|uid=\d+|artclNo=|brdIdx=|DOC_NO=|BBS_SEQ=|bIdx=|bdId=|artclView\.do|selectNttInfo\.do|selectBoardArticle\.do|BoardView\.do|boardCnts\/view\.do|boardView\.do|detailView\.do|scholarDetail\.do|View\d+\.do|view\.do|\/portalBbs\/|\/article\/[^/]+\/detail\/|\/web\/Board\/|notice-view\?id=|mod=document),장학|장학금|학자금|등록금|scholarship|tuition|fellowship,,true,confidence=high | 열린캠퍼스 공지사항(장학)
ou_2579_univ_001,ou_2579,,,2579,university,서울장신대학교 장학공지,https://www.sjs.ac.kr/ht_ml/w_03ed/3010.php,https://www.sjs.ac.kr,,a[href],,,,,(mode=view|sMode=VIEW_FORM|iBrdContNo=|articleNo=|boardNo=|nttNo=|nttId=|nttSn=|idx=\d+|no=\d+|wr_id=\d+|boardSeq=\d+|b_idx=\d+|seq=\d+|uid=\d+|artclNo=|brdIdx=|DOC_NO=|BBS_SEQ=|bIdx=|bdId=|artclView\.do|selectNttInfo\.do|selectBoardArticle\.do|BoardView\.do|boardCnts\/view\.do|boardView\.do|detailView\.do|scholarDetail\.do|View\d+\.do|view\.do|\/portalBbs\/|\/article\/[^/]+\/detail\/|\/web\/Board\/|notice-view\?id=|mod=document),장학|장학금|학자금|등록금|scholarship|tuition|fellowship,,true,confidence=medium | 일반 공지(학생성장지원처 장학 공지 포함). 전용 장학보드 미확인
ou_2591_univ_001,ou_2591,,,2591,university,서울한영대학교 장학공지,https://www.shyu.ac.kr/fro_end/html/dep_05/5120.php,https://www.shyu.ac.kr,,a[href],,,,,,장학|장학금|학자금|등록금|scholarship|tuition|fellowship,,true,confidence=high | 대출·장학 게시판
ou_2595_univ_001,ou_2595,,,2595,university,서원대학교 장학공지,https://www.seowon.ac.kr/seowon/435/subview.do,https://www.seowon.ac.kr,tbody tr,a[href],a[href],"td:last-child, .date, .board-date, .wr_date",,,(mode=view|sMode=VIEW_FORM|iBrdContNo=|articleNo=|boardNo=|nttNo=|nttId=|nttSn=|idx=\d+|no=\d+|wr_id=\d+|boardSeq=\d+|b_idx=\d+|seq=\d+|uid=\d+|artclNo=|brdIdx=|DOC_NO=|BBS_SEQ=|bIdx=|bdId=|artclView\.do|selectNttInfo\.do|selectBoardArticle\.do|BoardView\.do|boardCnts\/view\.do|boardView\.do|detailView\.do|scholarDetail\.do|View\d+\.do|view\.do|\/portalBbs\/|\/article\/[^/]+\/detail\/|\/web\/Board\/|notice-view\?id=|mod=document),장학|장학금|학자금|등록금|scholarship|tuition|fellowship,,true,confidence=medium | 통합 공지(학생지원팀 장학 공지 포함). 전용 장학보드 미확인
ou_2602_univ_001,ou_2602,,,2602,university,선문대학교 장학공지,https://lily.sunmoon.ac.kr/Page2/Story/Notice.aspx?ca=003,https://lily.sunmoon.ac.kr,,a[href],,,,,,장학|장학금|학자금|등록금|scholarship|tuition|fellowship,,true,confidence=high | 공지사항>장학공지 필터
ou_2616_univ_001,ou_2616,,,2616,university,성결대학교 장학공지,https://www.sungkyul.ac.kr/skukr/344/subview.do?mode=list,https://www.sungkyul.ac.kr,tbody tr,a[href],a[href],"td:last-child, .date, .board-date, .wr_date",,,(mode=view|sMode=VIEW_FORM|iBrdContNo=|articleNo=|boardNo=|nttNo=|nttId=|nttSn=|idx=\d+|no=\d+|wr_id=\d+|boardSeq=\d+|b_idx=\d+|seq=\d+|uid=\d+|artclNo=|brdIdx=|DOC_NO=|BBS_SEQ=|bIdx=|bdId=|artclView\.do|selectNttInfo\.do|selectBoardArticle\.do|BoardView\.do|boardCnts\/view\.do|boardView\.do|detailView\.do|scholarDetail\.do|View\d+\.do|view\.do|\/portalBbs\/|\/article\/[^/]+\/detail\/|\/web\/Board\/|notice-view\?id=|mod=document),장학|장학금|학자금|등록금|scholarship|tuition|fellowship,,true,confidence=high | 학생지원과 장학/등록/학자금 전용 게시판
ou_2624_univ_001,ou_2624,,,2624,university,성공회대학교 장학공지,https://www.skhu.ac.kr/skhu/4197/subview.do?mode=list,https://www.skhu.ac.kr,tbody tr,a[href],a[href],"td:last-child, .date, .board-date, .wr_date",,,(mode=view|sMode=VIEW_FORM|iBrdContNo=|articleNo=|boardNo=|nttNo=|nttId=|nttSn=|idx=\d+|no=\d+|wr_id=\d+|boardSeq=\d+|b_idx=\d+|seq=\d+|uid=\d+|artclNo=|brdIdx=|DOC_NO=|BBS_SEQ=|bIdx=|bdId=|artclView\.do|selectNttInfo\.do|selectBoardArticle\.do|BoardView\.do|boardCnts\/view\.do|boardView\.do|detailView\.do|scholarDetail\.do|View\d+\.do|view\.do|\/portalBbs\/|\/article\/[^/]+\/detail\/|\/web\/Board\/|notice-view\?id=|mod=document),장학|장학금|학자금|등록금|scholarship|tuition|fellowship,,true,confidence=high | 학생복지처 장학 전용 게시판
ou_5_univ_001,ou_5,,,5,university,성균관대학교 장학공지,https://www.skku.edu/skku/campus/skk_comm/notice06.do,https://www.skku.edu,,a[href],a[href],"td:last-child, .date, .board-date, .wr_date",,,(mode=view|sMode=VIEW_FORM|iBrdContNo=|articleNo=|boardNo=|nttNo=|nttId=|nttSn=|idx=\d+|no=\d+|wr_id=\d+|boardSeq=\d+|b_idx=\d+|seq=\d+|uid=\d+|artclNo=|brdIdx=|DOC_NO=|BBS_SEQ=|bIdx=|bdId=|artclView\.do|selectNttInfo\.do|selectBoardArticle\.do|BoardView\.do|boardCnts\/view\.do|boardView\.do|detailView\.do|scholarDetail\.do|View\d+\.do|view\.do|\/portalBbs\/|\/article\/[^/]+\/detail\/|\/web\/Board\/|notice-view\?id=|mod=document),장학|장학금|학자금|등록금|scholarship|tuition|fellowship,,true,confidence=high | 성균광장 장학 공지
ou_2667_univ_001,ou_2667,,,2667,university,성신여자대학교 장학공지,https://www.sungshin.ac.kr/main_kor/18962/subview.do?mode=list,https://www.sungshin.ac.kr,tbody tr,a[href],a[href],"td:last-child, .date, .board-date, .wr_date",,,(mode=view|sMode=VIEW_FORM|iBrdContNo=|articleNo=|boardNo=|nttNo=|nttId=|nttSn=|idx=\d+|no=\d+|wr_id=\d+|boardSeq=\d+|b_idx=\d+|seq=\d+|uid=\d+|artclNo=|brdIdx=|DOC_NO=|BBS_SEQ=|bIdx=|bdId=|artclView\.do|selectNttInfo\.do|selectBoardArticle\.do|BoardView\.do|boardCnts\/view\.do|boardView\.do|detailView\.do|scholarDetail\.do|View\d+\.do|view\.do|\/portalBbs\/|\/article\/[^/]+\/detail\/|\/web\/Board\/|notice-view\?id=|mod=document),장학|장학금|학자금|등록금|scholarship|tuition|fellowship,,true,confidence=low | 공개 장학생 모집공고 요약 게시판; 세부 공지는 성신포탈 로그인 필요
ou_2679_univ_001,ou_2679,,,2679,university,세명대학교 장학공지,http://setopia.semyung.ac.kr/program/homepage/Notice_u2.jsp?boardTypeID=2,http://setopia.semyung.ac.kr,,a[href],,,,,,장학|장학금|학자금|등록금|scholarship|tuition|fellowship,,true,confidence=medium | 캠퍼스 통합 공지 게시판; 장학복지팀 장학 공지도 여기 게시
ou_2685_univ_001,ou_2685,,,2685,university,세종대학교 장학공지,https://www.sejong.ac.kr/kor/intro/notice7.do?mode=list,https://www.sejong.ac.kr,tbody tr,a[href],a[href],"td:last-child, .date, .board-date, .wr_date",,,(mode=view|sMode=VIEW_FORM|iBrdContNo=|articleNo=|boardNo=|nttNo=|nttId=|nttSn=|idx=\d+|no=\d+|wr_id=\d+|boardSeq=\d+|b_idx=\d+|seq=\d+|uid=\d+|artclNo=|brdIdx=|DOC_NO=|BBS_SEQ=|bIdx=|bdId=|artclView\.do|selectNttInfo\.do|selectBoardArticle\.do|BoardView\.do|boardCnts\/view\.do|boardView\.do|detailView\.do|scholarDetail\.do|View\d+\.do|view\.do|\/portalBbs\/|\/article\/[^/]+\/detail\/|\/web\/Board\/|notice-view\?id=|mod=document),장학|장학금|학자금|등록금|scholarship|tuition|fellowship,,true,confidence=high | 세종소개 공지사항 중 장학 카테고리
ou_2700_univ_001,ou_2700,,,2700,university,세한대학교 장학공지,https://house.sehan.ac.kr/main/board/janghakList1.do?sub_node=1_2,https://house.sehan.ac.kr,tbody tr,a[href],a[href],"td:last-child, .date, .board-date, .wr_date",,,(mode=view|sMode=VIEW_FORM|iBrdContNo=|articleNo=|boardNo=|nttNo=|nttId=|nttSn=|idx=\d+|no=\d+|wr_id=\d+|boardSeq=\d+|b_idx=\d+|seq=\d+|uid=\d+|artclNo=|brdIdx=|DOC_NO=|BBS_SEQ=|bIdx=|bdId=|artclView\.do|selectNttInfo\.do|selectBoardArticle\.do|BoardView\.do|boardCnts\/view\.do|boardView\.do|detailView\.do|scholarDetail\.do|View\d+\.do|view\.do|\/portalBbs\/|\/article\/[^/]+\/detail\/|\/web\/Board\/|notice-view\?id=|mod=document),장학|장학금|학자금|등록금|scholarship|tuition|fellowship,,true,confidence=high | 호등광장 장학공지 전용 게시판
ou_2703_univ_001,ou_2703,,,2703,university,송원대학교 장학공지,https://www.songwon.ac.kr/sb/SE_Board.asp?boardID=NOTICE&pgKey=64,https://www.songwon.ac.kr,,a[href],,,,,,장학|장학금|학자금|등록금|scholarship|tuition|fellowship,,true,confidence=medium | 장학금 및 학자금 대출 메뉴 하위 공지사항
ou_2708_univ_001,ou_2708,,,2708,university,수원가톨릭대학교 장학공지,https://www.suwoncatholic.ac.kr/bbs/board.php?bo_table=free,https://www.suwoncatholic.ac.kr,,a[href],,,,,,장학|장학금|학자금|등록금|scholarship|tuition|fellowship,,true,confidence=low | 전용 장학 게시판 미확인; 일반 공지사항만 공개 확인
ou_2711_univ_001,ou_2711,,,2711,university,수원대학교 장학공지,https://www.suwon.ac.kr/index.html?menuno=2041,https://www.suwon.ac.kr,,a[href],,,,,,장학|장학금|학자금|등록금|scholarship|tuition|fellowship,,true,confidence=high | 포털시스템게시판 장학/대출 전용 목록
ou_2729_univ_001,ou_2729,,,2729,university,숙명여자대학교 장학공지,https://www.sookmyung.ac.kr/kr/news/important-notice.do?mode=list&srCategoryId=46,https://www.sookmyung.ac.kr,tbody tr,a[href],a[href],"td:last-child, .date, .board-date, .wr_date",,,(mode=view|sMode=VIEW_FORM|iBrdContNo=|articleNo=|boardNo=|nttNo=|nttId=|nttSn=|idx=\d+|no=\d+|wr_id=\d+|boardSeq=\d+|b_idx=\d+|seq=\d+|uid=\d+|artclNo=|brdIdx=|DOC_NO=|BBS_SEQ=|bIdx=|bdId=|artclView\.do|selectNttInfo\.do|selectBoardArticle\.do|BoardView\.do|boardCnts\/view\.do|boardView\.do|detailView\.do|scholarDetail\.do|View\d+\.do|view\.do|\/portalBbs\/|\/article\/[^/]+\/detail\/|\/web\/Board\/|notice-view\?id=|mod=document),장학|장학금|학자금|등록금|scholarship|tuition|fellowship,,true,confidence=high | 주요공지 장학 카테고리 필터
ou_2749_univ_001,ou_2749,,,2749,university,순복음총회신학교 장학공지,https://kcc.ac.kr/main/sub.html?boardID=www58,https://kcc.ac.kr,,a[href],,,,,,장학|장학금|학자금|등록금|scholarship|tuition|fellowship,,true,confidence=medium | 장학/취업 게시판
ou_2751_univ_001,ou_2751,,,2751,university,순천향대학교 장학공지,https://home.sch.ac.kr/sch/06/010300.jsp,https://home.sch.ac.kr,,a[href],,,,,,장학|장학금|학자금|등록금|scholarship|tuition|fellowship,,true,confidence=high | 장학공지(교내장학금 목록) 전용 게시판
ou_2762_univ_001,ou_2762,,,2762,university,숭실대학교 장학공지,https://scatch.ssu.ac.kr/%EA%B3%B5%EC%A7%80%EC%82%AC%ED%95%AD/?f&category=%EC%9E%A5%ED%95%99,https://scatch.ssu.ac.kr,,a[href],,,,,,장학|장학금|학자금|등록금|scholarship|tuition|fellowship,,true,confidence=high | Scatch 장학 카테고리 공지
ou_2773_univ_001,ou_2773,,,2773,university,신경주대학교 장학공지,https://sgu.ac.kr/ko/media/notice.php,https://sgu.ac.kr,,a[href],,,,,,장학|장학금|학자금|등록금|scholarship|tuition|fellowship,,true,confidence=medium | 대학 통합 공지사항; 장학 글은 [장학] 접두어로 게시
ou_2777_univ_001,ou_2777,,,2777,university,신라대학교 장학공지,https://www.silla.ac.kr/ko/?pCode=scnotice,https://www.silla.ac.kr,,a[href],,,,,,장학|장학금|학자금|등록금|scholarship|tuition|fellowship,,true,confidence=high | 신라광장 장학공지 전용 게시판
ou_2786_univ_001,ou_2786,,,2786,university,신한대학교 장학공지,https://welfare.shinhan.ac.kr/kr/194/subview.do?mode=list,https://welfare.shinhan.ac.kr,tbody tr,a[href],a[href],"td:last-child, .date, .board-date, .wr_date",,,(mode=view|sMode=VIEW_FORM|iBrdContNo=|articleNo=|boardNo=|nttNo=|nttId=|nttSn=|idx=\d+|no=\d+|wr_id=\d+|boardSeq=\d+|b_idx=\d+|seq=\d+|uid=\d+|artclNo=|brdIdx=|DOC_NO=|BBS_SEQ=|bIdx=|bdId=|artclView\.do|selectNttInfo\.do|selectBoardArticle\.do|BoardView\.do|boardCnts\/view\.do|boardView\.do|detailView\.do|scholarDetail\.do|View\d+\.do|view\.do|\/portalBbs\/|\/article\/[^/]+\/detail\/|\/web\/Board\/|notice-view\?id=|mod=document),장학|장학금|학자금|등록금|scholarship|tuition|fellowship,,true,confidence=medium | 학생복지처 공지사항; 장학·근로·학자금 공지 포함
ou_2791_univ_001,ou_2791,,,2791,university,아신대학교 장학공지,https://www.acts.ac.kr/modules/board/bd_list.asp?id=board_notice05&left=unilife4_1,https://www.acts.ac.kr,,a[href],,,,,(mode=view|sMode=VIEW_FORM|iBrdContNo=|articleNo=|boardNo=|nttNo=|nttId=|nttSn=|idx=\d+|no=\d+|wr_id=\d+|boardSeq=\d+|b_idx=\d+|seq=\d+|uid=\d+|artclNo=|brdIdx=|DOC_NO=|BBS_SEQ=|bIdx=|bdId=|artclView\.do|selectNttInfo\.do|selectBoardArticle\.do|BoardView\.do|boardCnts\/view\.do|boardView\.do|detailView\.do|scholarDetail\.do|View\d+\.do|view\.do|\/portalBbs\/|\/article\/[^/]+\/detail\/|\/web\/Board\/|notice-view\?id=|mod=document),장학|장학금|학자금|등록금|scholarship|tuition|fellowship,,true,confidence=high | 공지사항(장학) 전용 게시판
ou_2799_univ_001,ou_2799,,,2799,university,아주대학교 장학공지,https://www.ajou.ac.kr/kr/ajou/notice_scholarship.do?mode=list,https://www.ajou.ac.kr,tbody tr,a[href],a[href],"td:last-child, .date, .board-date, .wr_date",,,(mode=view|sMode=VIEW_FORM|iBrdContNo=|articleNo=|boardNo=|nttNo=|nttId=|nttSn=|idx=\d+|no=\d+|wr_id=\d+|boardSeq=\d+|b_idx=\d+|seq=\d+|uid=\d+|artclNo=|brdIdx=|DOC_NO=|BBS_SEQ=|bIdx=|bdId=|artclView\.do|selectNttInfo\.do|selectBoardArticle\.do|BoardView\.do|boardCnts\/view\.do|boardView\.do|detailView\.do|scholarDetail\.do|View\d+\.do|view\.do|\/portalBbs\/|\/article\/[^/]+\/detail\/|\/web\/Board\/|notice-view\?id=|mod=document),장학|장학금|학자금|등록금|scholarship|tuition|fellowship,,true,confidence=high | 아주광장 장학공지 전용 게시판
ou_2818_univ_001,ou_2818,,,2818,university,안양대학교 장학공지,https://www.anyang.ac.kr/main/academic/external-scholarship.do,https://www.anyang.ac.kr,,a[href],a[href],"td:last-child, .date, .board-date, .wr_date",,,(mode=view|sMode=VIEW_FORM|iBrdContNo=|articleNo=|boardNo=|nttNo=|nttId=|nttSn=|idx=\d+|no=\d+|wr_id=\d+|boardSeq=\d+|b_idx=\d+|seq=\d+|uid=\d+|artclNo=|brdIdx=|DOC_NO=|BBS_SEQ=|bIdx=|bdId=|artclView\.do|selectNttInfo\.do|selectBoardArticle\.do|BoardView\.do|boardCnts\/view\.do|boardView\.do|detailView\.do|scholarDetail\.do|View\d+\.do|view\.do|\/portalBbs\/|\/article\/[^/]+\/detail\/|\/web\/Board\/|notice-view\?id=|mod=document),장학|장학금|학자금|등록금|scholarship|tuition|fellowship,,true,confidence=medium | 교외장학 안내 게시판
ou_2_univ_001,ou_2,,,2,university,연세대학교 장학공지,https://www.yonsei.ac.kr/sc/254/subview.do?enc=Zm5jdDF8QEB8JTJGYmJzJTJGc2MlMkY1OCUyRmFydGNsTGlzdC5kbyUzRmZpbmRDbFNlcSUzRDI1NyUyNg%3D%3D,https://www.yonsei.ac.kr,,a[href],a[href],"td:last-child, .date, .board-date, .wr_date",,,(mode=view|sMode=VIEW_FORM|iBrdContNo=|articleNo=|boardNo=|nttNo=|nttId=|nttSn=|idx=\d+|no=\d+|wr_id=\d+|boardSeq=\d+|b_idx=\d+|seq=\d+|uid=\d+|artclNo=|brdIdx=|DOC_NO=|BBS_SEQ=|bIdx=|bdId=|artclView\.do|selectNttInfo\.do|selectBoardArticle\.do|BoardView\.do|boardCnts\/view\.do|boardView\.do|detailView\.do|scholarDetail\.do|View\d+\.do|view\.do|\/portalBbs\/|\/article\/[^/]+\/detail\/|\/web\/Board\/|notice-view\?id=|mod=document),장학|장학금|학자금|등록금|scholarship|tuition|fellowship,,true,confidence=high | notice_sources
ou_2848_univ_001,ou_2848,,,2848,university,연세대학교(미래) 장학공지,https://wsw.yonsei.ac.kr/wsw/notice/scholarship-board.do,https://wsw.yonsei.ac.kr,tbody tr,a[href],a[href],"td:last-child, .date, .board-date, .wr_date",,,(mode=view|sMode=VIEW_FORM|iBrdContNo=|articleNo=|boardNo=|nttNo=|nttId=|nttSn=|idx=\d+|no=\d+|wr_id=\d+|boardSeq=\d+|b_idx=\d+|seq=\d+|uid=\d+|artclNo=|brdIdx=|DOC_NO=|BBS_SEQ=|bIdx=|bdId=|artclView\.do|selectNttInfo\.do|selectBoardArticle\.do|BoardView\.do|boardCnts\/view\.do|boardView\.do|detailView\.do|scholarDetail\.do|View\d+\.do|view\.do|\/portalBbs\/|\/article\/[^/]+\/detail\/|\/web\/Board\/|notice-view\?id=|mod=document),장학|장학금|학자금|등록금|scholarship|tuition|fellowship,,true,confidence=high | 미래캠퍼스 학생복지처 장학금 전용 게시판
ou_2857_univ_001,ou_2857,,,2857,university,영남대학교 장학공지,https://www.yu.ac.kr/scholar/notice/notice.do?mode=list,https://www.yu.ac.kr,tbody tr,a[href],a[href],"td:last-child, .date, .board-date, .wr_date",,,(mode=view|sMode=VIEW_FORM|iBrdContNo=|articleNo=|boardNo=|nttNo=|nttId=|nttSn=|idx=\d+|no=\d+|wr_id=\d+|boardSeq=\d+|b_idx=\d+|seq=\d+|uid=\d+|artclNo=|brdIdx=|DOC_NO=|BBS_SEQ=|bIdx=|bdId=|artclView\.do|selectNttInfo\.do|selectBoardArticle\.do|BoardView\.do|boardCnts\/view\.do|boardView\.do|detailView\.do|scholarDetail\.do|View\d+\.do|view\.do|\/portalBbs\/|\/article\/[^/]+\/detail\/|\/web\/Board\/|notice-view\?id=|mod=document),장학|장학금|학자금|등록금|scholarship|tuition|fellowship,,true,confidence=high | 장학안내 공지사항 전용 게시판
ou_2880_univ_001,ou_2880,,,2880,university,영산대학교(양산) 장학공지,https://www.ysu.ac.kr/kor/CMS/Board/Board.do?mCode=MN016&searchCategory=c002&mode=list,https://www.ysu.ac.kr,tbody tr,a[href],a[href],"td:last-child, .date, .board-date, .wr_date",,,(mode=view|sMode=VIEW_FORM|iBrdContNo=|articleNo=|boardNo=|nttNo=|nttId=|nttSn=|idx=\d+|no=\d+|wr_id=\d+|boardSeq=\d+|b_idx=\d+|seq=\d+|uid=\d+|artclNo=|brdIdx=|DOC_NO=|BBS_SEQ=|bIdx=|bdId=|artclView\.do|selectNttInfo\.do|selectBoardArticle\.do|BoardView\.do|boardCnts\/view\.do|boardView\.do|detailView\.do|scholarDetail\.do|View\d+\.do|view\.do|\/portalBbs\/|\/article\/[^/]+\/detail\/|\/web\/Board\/|notice-view\?id=|mod=document),장학|장학금|학자금|등록금|scholarship|tuition|fellowship,,true,confidence=high | 와이즈유 공지사항 장학 카테고리(양산·해운대 공통)
ou_2887_univ_001,ou_2887,,,2887,university,영산대학교(해운대) 장학공지,https://www.ysu.ac.kr/kor/CMS/Board/Board.do?mCode=MN016&searchCategory=c002&mode=list,https://www.ysu.ac.kr,tbody tr,a[href],a[href],"td:last-child, .date, .board-date, .wr_date",,,(mode=view|sMode=VIEW_FORM|iBrdContNo=|articleNo=|boardNo=|nttNo=|nttId=|nttSn=|idx=\d+|no=\d+|wr_id=\d+|boardSeq=\d+|b_idx=\d+|seq=\d+|uid=\d+|artclNo=|brdIdx=|DOC_NO=|BBS_SEQ=|bIdx=|bdId=|artclView\.do|selectNttInfo\.do|selectBoardArticle\.do|BoardView\.do|boardCnts\/view\.do|boardView\.do|detailView\.do|scholarDetail\.do|View\d+\.do|view\.do|\/portalBbs\/|\/article\/[^/]+\/detail\/|\/web\/Board\/|notice-view\?id=|mod=document),장학|장학금|학자금|등록금|scholarship|tuition|fellowship,,true,confidence=high | 와이즈유 공지사항 장학 카테고리(양산·해운대 공통)
ou_2901_univ_001,ou_2901,,,2901,university,예수대학교 장학공지,https://www.jesus.ac.kr/main/?menu=191,https://www.jesus.ac.kr,,a[href],,,,,,장학|장학금|학자금|등록금|scholarship|tuition|fellowship,,true,confidence=medium | 커뮤니티 일반 공지사항; 장학 글이 혼재
ou_2903_univ_001,ou_2903,,,2903,university,예원예술대학교 장학공지,https://www.yewon.ac.kr/main/?menu=191,https://www.yewon.ac.kr,,a[href],,,,,,장학|장학금|학자금|등록금|scholarship|tuition|fellowship,,true,confidence=high | 장학공지 전용 메뉴
ou_2909_univ_001,ou_2909,,,2909,university,용인대학교 장학공지,https://yongin.ac.kr/cmn/board/SYSTEM_DEFAULT000001/scholarList.do,https://yongin.ac.kr,tbody tr,"a[onclick*='doDetail'], a[href]",a[href],"td:last-child, .date, .board-date, .wr_date",,,(mode=view|sMode=VIEW_FORM|iBrdContNo=|articleNo=|boardNo=|nttNo=|nttId=|nttSn=|idx=\d+|no=\d+|wr_id=\d+|boardSeq=\d+|b_idx=\d+|seq=\d+|uid=\d+|artclNo=|brdIdx=|DOC_NO=|BBS_SEQ=|bIdx=|bdId=|artclView\.do|selectNttInfo\.do|selectBoardArticle\.do|BoardView\.do|boardCnts\/view\.do|boardView\.do|detailView\.do|scholarDetail\.do|View\d+\.do|view\.do|\/portalBbs\/|\/article\/[^/]+\/detail\/|\/web\/Board\/|notice-view\?id=|mod=document),장학|장학금|학자금|등록금|scholarship|tuition|fellowship,,true,confidence=high | 장학 공지 전용 게시판 | doDetail→scholarDetail.do
ou_2924_univ_001,ou_2924,,,2924,university,우석대학교 장학공지,http://www.woosuk.ac.kr/main/?menu=110,http://www.woosuk.ac.kr,,a[href],,,,,,장학|장학금|학자금|등록금|scholarship|tuition|fellowship,,true,confidence=high | 등록/장학/대출 공지사항 전용 게시판
ou_2931_univ_001,ou_2931,,,2931,university,우송대학교 장학공지,https://wsjanghak.wsu.ac.kr/board/index.jsp?code=wsjanghak0401,https://wsjanghak.wsu.ac.kr,,a[href],,,,,,장학|장학금|학자금|등록금|scholarship|tuition|fellowship,,true,confidence=high | 장학 포털 공지
ou_2956_univ_001,ou_2956,,,2956,university,원광대학교 장학공지,https://www.wku.ac.kr/category/notice/scholar-notice,https://www.wku.ac.kr,,a[href],,,,,,장학|장학금|학자금|등록금|scholarship|tuition|fellowship,,true,confidence=high | 장학공지 전용 카테고리 게시판
ou_2972_univ_001,ou_2972,,,2972,university,위덕대학교 장학공지,https://www.uu.ac.kr/home/uu_notice_06,https://www.uu.ac.kr,,a[href],,,,,,장학|장학금|학자금|등록금|scholarship|tuition|fellowship,,true,confidence=high | 전용 장학공지 게시판
ou_2978_univ_001,ou_2978,,,2978,university,유원대학교 장학공지,https://www.u1.ac.kr/u1/community/scholarship.do,https://www.u1.ac.kr,tbody tr,a[href],a[href],"td:last-child, .date, .board-date, .wr_date",,,(mode=view|sMode=VIEW_FORM|iBrdContNo=|articleNo=|boardNo=|nttNo=|nttId=|nttSn=|idx=\d+|no=\d+|wr_id=\d+|boardSeq=\d+|b_idx=\d+|seq=\d+|uid=\d+|artclNo=|brdIdx=|DOC_NO=|BBS_SEQ=|bIdx=|bdId=|artclView\.do|selectNttInfo\.do|selectBoardArticle\.do|BoardView\.do|boardCnts\/view\.do|boardView\.do|detailView\.do|scholarDetail\.do|View\d+\.do|view\.do|\/portalBbs\/|\/article\/[^/]+\/detail\/|\/web\/Board\/|notice-view\?id=|mod=document),장학|장학금|학자금|등록금|scholarship|tuition|fellowship,,true,confidence=high | 커뮤니티 > 장학공지
ou_2981_univ_001,ou_2981,,,2981,university,을지대학교 장학공지,https://www.eulji.ac.kr/?menuno=4005,https://www.eulji.ac.kr,,a[href],,,,,(mode=view|sMode=VIEW_FORM|iBrdContNo=|articleNo=|boardNo=|nttNo=|nttId=|nttSn=|idx=\d+|no=\d+|wr_id=\d+|boardSeq=\d+|b_idx=\d+|seq=\d+|uid=\d+|artclNo=|brdIdx=|DOC_NO=|BBS_SEQ=|bIdx=|bdId=|artclView\.do|selectNttInfo\.do|selectBoardArticle\.do|BoardView\.do|boardCnts\/view\.do|boardView\.do|detailView\.do|scholarDetail\.do|View\d+\.do|view\.do|\/portalBbs\/|\/article\/[^/]+\/detail\/|\/web\/Board\/|notice-view\?id=|mod=document),장학|장학금|학자금|등록금|scholarship|tuition|fellowship,,true,confidence=high | 공지사항-장학
ou_7_univ_001,ou_7,,,7,university,이화여자대학교 장학공지,https://www.ewha.ac.kr/ewha/bachelor/scholarship-notice.do,https://www.ewha.ac.kr,tbody tr,a[href],a[href],"td:last-child, .date, .board-date, .wr_date",,,(mode=view|sMode=VIEW_FORM|iBrdContNo=|articleNo=|boardNo=|nttNo=|nttId=|nttSn=|idx=\d+|no=\d+|wr_id=\d+|boardSeq=\d+|b_idx=\d+|seq=\d+|uid=\d+|artclNo=|brdIdx=|DOC_NO=|BBS_SEQ=|bIdx=|bdId=|artclView\.do|selectNttInfo\.do|selectBoardArticle\.do|BoardView\.do|boardCnts\/view\.do|boardView\.do|detailView\.do|scholarDetail\.do|View\d+\.do|view\.do|\/portalBbs\/|\/article\/[^/]+\/detail\/|\/web\/Board\/|notice-view\?id=|mod=document),장학|장학금|학자금|등록금|scholarship|tuition|fellowship,,true,confidence=high | notice_sources
ou_3003_univ_001,ou_3003,,,3003,university,인제대학교 장학공지,https://www.inje.ac.kr/kor/Template/Bsub_page.asp?Ltype=5&Ltype2=0&Ltype3=0&Tname=S_News&Ldir=board/S_News&Lpage=Tboard_L&div=10&d1n=5&d2n=1&d3n=6&d4n=0,https://www.inje.ac.kr,,a[href],,,,,(mode=view|sMode=VIEW_FORM|iBrdContNo=|articleNo=|boardNo=|nttNo=|nttId=|nttSn=|idx=\d+|no=\d+|wr_id=\d+|boardSeq=\d+|b_idx=\d+|seq=\d+|uid=\d+|artclNo=|brdIdx=|DOC_NO=|BBS_SEQ=|bIdx=|bdId=|artclView\.do|selectNttInfo\.do|selectBoardArticle\.do|BoardView\.do|boardCnts\/view\.do|boardView\.do|detailView\.do|scholarDetail\.do|View\d+\.do|view\.do|\/portalBbs\/|\/article\/[^/]+\/detail\/|\/web\/Board\/|notice-view\?id=|mod=document),장학|장학금|학자금|등록금|scholarship|tuition|fellowship,,true,confidence=medium | 인제소식 > 장학 카테고리 목록(상세글 breadcrumb 기준)
ou_3010_univ_001,ou_3010,,,3010,university,인천가톨릭대학교 장학공지,https://www.iccu.ac.kr/bbs/board.php?bo_table=notice_b,https://www.iccu.ac.kr,,a[href],,,,,,장학|장학금|학자금|등록금|scholarship|tuition|fellowship,,true,confidence=medium | 학사공지 통합 게시판(장학금 공지 혼재)
ou_3013_univ_001,ou_3013,,,3013,university,인천대학교 장학공지,https://inuchina.inu.ac.kr/inu/1519/subview.do,https://inuchina.inu.ac.kr,tbody tr,a[href],a[href],"td:last-child, .date, .board-date, .wr_date",,,(mode=view|sMode=VIEW_FORM|iBrdContNo=|articleNo=|boardNo=|nttNo=|nttId=|nttSn=|idx=\d+|no=\d+|wr_id=\d+|boardSeq=\d+|b_idx=\d+|seq=\d+|uid=\d+|artclNo=|brdIdx=|DOC_NO=|BBS_SEQ=|bIdx=|bdId=|artclView\.do|selectNttInfo\.do|selectBoardArticle\.do|BoardView\.do|boardCnts\/view\.do|boardView\.do|detailView\.do|scholarDetail\.do|View\d+\.do|view\.do|\/portalBbs\/|\/article\/[^/]+\/detail\/|\/web\/Board\/|notice-view\?id=|mod=document),장학|장학금|학자금|등록금|scholarship|tuition|fellowship,,true,confidence=high | 전용 장학금 게시판
ou_3036_univ_001,ou_3036,,,3036,university,장로회신학대학교 장학공지,https://www.pcts.ac.kr/www/board/list.general.asp?bd_name=jangshin_jnotice02&design=lounge&m1=6&m2=3&m3=1,https://www.pcts.ac.kr,,a[href],,,,,,장학|장학금|학자금|등록금|scholarship|tuition|fellowship,,true,confidence=medium | 장신Lounge 공지사항; 장학 카테고리 필터 사용
ou_3046_univ_001,ou_3046,,,3046,university,전남대학교 장학공지,https://www.jnu.ac.kr/WebApp/web/HOM/COM/Board/board.aspx?boardID=5&cate=8,https://www.jnu.ac.kr,,a[href],,,,,,장학|장학금|학자금|등록금|scholarship|tuition|fellowship,,true,confidence=high | 공지사항 > 장학안내 필터
ou_3064_univ_001,ou_3064,,,3064,university,전북대학교 장학공지,https://www.jbnu.ac.kr/web/news/notice/sub01.do,https://www.jbnu.ac.kr,tbody tr,"a[onclick*='pf_DetailMove'], a[href]",a[href],"td:last-child, .date, .board-date, .wr_date",,,(mode=view|sMode=VIEW_FORM|iBrdContNo=|articleNo=|boardNo=|nttNo=|nttId=|nttSn=|idx=\d+|no=\d+|wr_id=\d+|boardSeq=\d+|b_idx=\d+|seq=\d+|uid=\d+|artclNo=|brdIdx=|DOC_NO=|BBS_SEQ=|bIdx=|bdId=|artclView\.do|selectNttInfo\.do|selectBoardArticle\.do|BoardView\.do|boardCnts\/view\.do|boardView\.do|detailView\.do|scholarDetail\.do|View\d+\.do|view\.do|\/portalBbs\/|\/article\/[^/]+\/detail\/|\/web\/Board\/|notice-view\?id=|mod=document),장학|장학금|학자금|등록금|scholarship|tuition|fellowship,,true,confidence=medium | 교내공지 통합 게시판(#장학 태그 공지 혼재) | pf_DetailMove→detailView.do
ou_3082_univ_001,ou_3082,,,3082,university,전주교육대학교 장학공지,https://www.jnue.kr/portal/jnue/bbs/list.do?menuId=M0004000100010000,https://www.jnue.kr,,a[href],a[href],"td:last-child, .date, .board-date, .wr_date",,,(mode=view|sMode=VIEW_FORM|iBrdContNo=|articleNo=|boardNo=|nttNo=|nttId=|nttSn=|idx=\d+|no=\d+|wr_id=\d+|boardSeq=\d+|b_idx=\d+|seq=\d+|uid=\d+|artclNo=|brdIdx=|DOC_NO=|BBS_SEQ=|bIdx=|bdId=|artclView\.do|selectNttInfo\.do|selectBoardArticle\.do|BoardView\.do|boardCnts\/view\.do|boardView\.do|detailView\.do|scholarDetail\.do|View\d+\.do|view\.do|\/portalBbs\/|\/article\/[^/]+\/detail\/|\/web\/Board\/|notice-view\?id=|mod=document),장학|장학금|학자금|등록금|scholarship|tuition|fellowship,,true,confidence=medium | 학사공지 게시판(장학 공지 혼재)
ou_3085_univ_001,ou_3085,,,3085,university,전주대학교 장학공지,https://jj.ac.kr/jj/community/notice03.do,https://jj.ac.kr,tbody tr,a[href],a[href],"td:last-child, .date, .board-date, .wr_date",,,(mode=view|sMode=VIEW_FORM|iBrdContNo=|articleNo=|boardNo=|nttNo=|nttId=|nttSn=|idx=\d+|no=\d+|wr_id=\d+|boardSeq=\d+|b_idx=\d+|seq=\d+|uid=\d+|artclNo=|brdIdx=|DOC_NO=|BBS_SEQ=|bIdx=|bdId=|artclView\.do|selectNttInfo\.do|selectBoardArticle\.do|BoardView\.do|boardCnts\/view\.do|boardView\.do|detailView\.do|scholarDetail\.do|View\d+\.do|view\.do|\/portalBbs\/|\/article\/[^/]+\/detail\/|\/web\/Board\/|notice-view\?id=|mod=document),장학|장학금|학자금|등록금|scholarship|tuition|fellowship,,true,confidence=high | 전주대소식 > 장학
ou_3101_univ_001,ou_3101,,,3101,university,제주국제대학교 장학공지,https://www.jeju.ac.kr/square/scholarship.htm,https://www.jeju.ac.kr,,a[href],,,,,,장학|장학금|학자금|등록금|scholarship|tuition|fellowship,,true,confidence=high | 전용 장학공지
ou_3110_univ_001,ou_3110,,,3110,university,제주대학교 장학공지,http://www.jejunu.ac.kr/ara/noticesurvey/outEvent.htm?category=320,http://www.jejunu.ac.kr,,a[href],,,,,,장학|장학금|학자금|등록금|scholarship|tuition|fellowship,,true,confidence=high | 공지사항 > 장학 카테고리 필터
ou_3124_univ_001,ou_3124,,,3124,university,조선대학교 장학공지,https://www3.chosun.ac.kr/scho/2138/subview.do,https://www3.chosun.ac.kr,tbody tr,a[href],a[href],"td:last-child, .date, .board-date, .wr_date",,,(mode=view|sMode=VIEW_FORM|iBrdContNo=|articleNo=|boardNo=|nttNo=|nttId=|nttSn=|idx=\d+|no=\d+|wr_id=\d+|boardSeq=\d+|b_idx=\d+|seq=\d+|uid=\d+|artclNo=|brdIdx=|DOC_NO=|BBS_SEQ=|bIdx=|bdId=|artclView\.do|selectNttInfo\.do|selectBoardArticle\.do|BoardView\.do|boardCnts\/view\.do|boardView\.do|detailView\.do|scholarDetail\.do|View\d+\.do|view\.do|\/portalBbs\/|\/article\/[^/]+\/detail\/|\/web\/Board\/|notice-view\?id=|mod=document),장학|장학금|학자금|등록금|scholarship|tuition|fellowship,,true,confidence=high | 장학안내 사이트 공지사항
ou_3139_univ_001,ou_3139,,,3139,university,중부대학교 장학공지,https://www.joongbu.ac.kr/board.es?bid=0008&mid=a10302000000,https://www.joongbu.ac.kr,,a[href],,,,,,장학|장학금|학자금|등록금|scholarship|tuition|fellowship,,true,confidence=high | 전용 장학공지
ou_8_univ_001,ou_8,,,8,university,중앙대학교 장학공지,https://www.cau.ac.kr/cms/FR_CON/index.do?MENU_ID=100&CONTENTS_NO=5&P_TAB_NO=5,https://www.cau.ac.kr,,,,,,,(mode=view|sMode=VIEW_FORM|iBrdContNo=|articleNo=|boardNo=|nttNo=|nttId=|nttSn=|idx=\d+|no=\d+|wr_id=\d+|boardSeq=\d+|b_idx=\d+|seq=\d+|uid=\d+|artclNo=|brdIdx=|DOC_NO=|BBS_SEQ=|bIdx=|bdId=|artclView\.do|selectNttInfo\.do|selectBoardArticle\.do|BoardView\.do|boardCnts\/view\.do|boardView\.do|detailView\.do|scholarDetail\.do|View\d+\.do|view\.do|\/portalBbs\/|\/article\/[^/]+\/detail\/|\/web\/Board\/|notice-view\?id=|mod=document),장학|장학금|학자금|등록금|scholarship|tuition|fellowship,cau_portal,true,confidence=high | notice_sources | adapter=cau_portal (FR_CON BBSViewList2)
ou_3168_univ_001,ou_3168,,,3168,university,중원대학교 장학공지,http://www.jwu.ac.kr/site/siteView.jwu?bbsCategoryId=0&categoryId=D3_928&depth=3&jobType=0&pageNo=1&search=&searchType=&taskType=0,http://www.jwu.ac.kr,,a[href],,,,,,장학|장학금|학자금|등록금|scholarship|tuition|fellowship,,true,confidence=medium | 공지사항; '장학-학자금' 카테고리 필터 사용
ou_3172_univ_001,ou_3172,,,3172,university,진주교육대학교 장학공지,http://www.cue.ac.kr/kor/CMS/Board/Board.do?mCode=MN186,http://www.cue.ac.kr,tbody tr,a[href],a[href],"td:last-child, .date, .board-date, .wr_date",,,(mode=view|sMode=VIEW_FORM|iBrdContNo=|articleNo=|boardNo=|nttNo=|nttId=|nttSn=|idx=\d+|no=\d+|wr_id=\d+|boardSeq=\d+|b_idx=\d+|seq=\d+|uid=\d+|artclNo=|brdIdx=|DOC_NO=|BBS_SEQ=|bIdx=|bdId=|artclView\.do|selectNttInfo\.do|selectBoardArticle\.do|BoardView\.do|boardCnts\/view\.do|boardView\.do|detailView\.do|scholarDetail\.do|View\d+\.do|view\.do|\/portalBbs\/|\/article\/[^/]+\/detail\/|\/web\/Board\/|notice-view\?id=|mod=document),장학|장학금|학자금|등록금|scholarship|tuition|fellowship,,true,confidence=high | CUE소식 > 장학공지
ou_3187_univ_001,ou_3187,,,3187,university,창신대학교 장학공지,https://www.cs.ac.kr/board/board_community1?category_id=5,https://www.cs.ac.kr,,a[href],,,,,(mode=view|sMode=VIEW_FORM|iBrdContNo=|articleNo=|boardNo=|nttNo=|nttId=|nttSn=|idx=\d+|no=\d+|wr_id=\d+|boardSeq=\d+|b_idx=\d+|seq=\d+|uid=\d+|artclNo=|brdIdx=|DOC_NO=|BBS_SEQ=|bIdx=|bdId=|artclView\.do|selectNttInfo\.do|selectBoardArticle\.do|BoardView\.do|boardCnts\/view\.do|boardView\.do|detailView\.do|scholarDetail\.do|View\d+\.do|view\.do|\/portalBbs\/|\/article\/[^/]+\/detail\/|\/web\/Board\/|notice-view\?id=|mod=document),장학|장학금|학자금|등록금|scholarship|tuition|fellowship,,true,confidence=high | 공지사항 > 장학 카테고리 필터
ou_3194_univ_001,ou_3194,,,3194,university,청운대학교 장학공지,https://home.chungwoon.ac.kr/home/selectBbsNttList.do?bbsNo=44&key=829&searchCtgry=%EC%9E%A5%ED%95%99%EA%B3%B5%EC%A7%80,https://home.chungwoon.ac.kr,tbody tr,a[href],a[href],"td:last-child, .date, .board-date, .wr_date",,,(mode=view|sMode=VIEW_FORM|iBrdContNo=|articleNo=|boardNo=|nttNo=|nttId=|nttSn=|idx=\d+|no=\d+|wr_id=\d+|boardSeq=\d+|b_idx=\d+|seq=\d+|uid=\d+|artclNo=|brdIdx=|DOC_NO=|BBS_SEQ=|bIdx=|bdId=|artclView\.do|selectNttInfo\.do|selectBoardArticle\.do|BoardView\.do|boardCnts\/view\.do|boardView\.do|detailView\.do|scholarDetail\.do|View\d+\.do|view\.do|\/portalBbs\/|\/article\/[^/]+\/detail\/|\/web\/Board\/|notice-view\?id=|mod=document),장학|장학금|학자금|등록금|scholarship|tuition|fellowship,,true,confidence=high | 장학공지 카테고리 필터
ou_3198_univ_001,ou_3198,,,3198,university,청주교육대학교 장학공지,https://www.cje.ac.kr/web/board/brdList.do?menu_cd=000219,https://www.cje.ac.kr,,a[href],a[href],"td:last-child, .date, .board-date, .wr_date",,,(mode=view|sMode=VIEW_FORM|iBrdContNo=|articleNo=|boardNo=|nttNo=|nttId=|nttSn=|idx=\d+|no=\d+|wr_id=\d+|boardSeq=\d+|b_idx=\d+|seq=\d+|uid=\d+|artclNo=|brdIdx=|DOC_NO=|BBS_SEQ=|bIdx=|bdId=|artclView\.do|selectNttInfo\.do|selectBoardArticle\.do|BoardView\.do|boardCnts\/view\.do|boardView\.do|detailView\.do|scholarDetail\.do|View\d+\.do|view\.do|\/portalBbs\/|\/article\/[^/]+\/detail\/|\/web\/Board\/|notice-view\?id=|mod=document),장학|장학금|학자금|등록금|scholarship|tuition|fellowship,,true,confidence=high | 전용 장학공지
ou_3201_univ_001,ou_3201,,,3201,university,청주대학교 장학공지,https://www.cju.ac.kr/www/selectBbsNttList.do?bbsNo=881&key=4577&searchCtgry=%EC%9E%A5%ED%95%99%E3%86%8D%EB%8C%80%EC%B6%9C,https://www.cju.ac.kr,tbody tr,a[href],a[href],"td:last-child, .date, .board-date, .wr_date",,,(mode=view|sMode=VIEW_FORM|iBrdContNo=|articleNo=|boardNo=|nttNo=|nttId=|nttSn=|idx=\d+|no=\d+|wr_id=\d+|boardSeq=\d+|b_idx=\d+|seq=\d+|uid=\d+|artclNo=|brdIdx=|DOC_NO=|BBS_SEQ=|bIdx=|bdId=|artclView\.do|selectNttInfo\.do|selectBoardArticle\.do|BoardView\.do|boardCnts\/view\.do|boardView\.do|detailView\.do|scholarDetail\.do|View\d+\.do|view\.do|\/portalBbs\/|\/article\/[^/]+\/detail\/|\/web\/Board\/|notice-view\?id=|mod=document),장학|장학금|학자금|등록금|scholarship|tuition|fellowship,,true,confidence=high | 장학ㆍ대출 카테고리 필터
ou_3209_univ_001,ou_3209,,,3209,university,초당대학교 장학공지,https://dream.cdu.ac.kr/mod/board/list.do?MID=DRM_B05010100,https://dream.cdu.ac.kr,tbody tr,a[href],a[href],"td:last-child, .date, .board-date, .wr_date",,,(mode=view|sMode=VIEW_FORM|iBrdContNo=|articleNo=|boardNo=|nttNo=|nttId=|nttSn=|idx=\d+|no=\d+|wr_id=\d+|boardSeq=\d+|b_idx=\d+|seq=\d+|uid=\d+|artclNo=|brdIdx=|DOC_NO=|BBS_SEQ=|bIdx=|bdId=|artclView\.do|selectNttInfo\.do|selectBoardArticle\.do|BoardView\.do|boardCnts\/view\.do|boardView\.do|detailView\.do|scholarDetail\.do|View\d+\.do|view\.do|\/portalBbs\/|\/article\/[^/]+\/detail\/|\/web\/Board\/|notice-view\?id=|mod=document),장학|장학금|학자금|등록금|scholarship|tuition|fellowship,,true,confidence=high | 초당 장학안내 사이트 공지사항
ou_3222_univ_001,ou_3222,,,3222,university,추계예술대학교 장학공지,https://www.chugye.ac.kr/mbs/university/jsp/board/list.jsp?boardId=6768&id=university_040803000000,https://www.chugye.ac.kr,,a[href],,,,,,장학|장학금|학자금|등록금|scholarship|tuition|fellowship,,true,confidence=high | 장학 및 학자금 공지사항
ou_3226_univ_001,ou_3226,,,3226,university,춘천교육대학교 장학공지,https://www.cnue.ac.kr/cnue/news/notice03.do,https://www.cnue.ac.kr,tbody tr,a[href],a[href],"td:last-child, .date, .board-date, .wr_date",,,(mode=view|sMode=VIEW_FORM|iBrdContNo=|articleNo=|boardNo=|nttNo=|nttId=|nttSn=|idx=\d+|no=\d+|wr_id=\d+|boardSeq=\d+|b_idx=\d+|seq=\d+|uid=\d+|artclNo=|brdIdx=|DOC_NO=|BBS_SEQ=|bIdx=|bdId=|artclView\.do|selectNttInfo\.do|selectBoardArticle\.do|BoardView\.do|boardCnts\/view\.do|boardView\.do|detailView\.do|scholarDetail\.do|View\d+\.do|view\.do|\/portalBbs\/|\/article\/[^/]+\/detail\/|\/web\/Board\/|notice-view\?id=|mod=document),장학|장학금|학자금|등록금|scholarship|tuition|fellowship,,true,confidence=medium | 학생공지 게시판([장학] 태그 공지 혼재)
ou_3229_univ_001,ou_3229,,,3229,university,충남대학교 장학공지,https://plus.cnu.ac.kr/_prog/_board/?code=sub07_0713,https://plus.cnu.ac.kr,,a[href],,,,,(mode=view|sMode=VIEW_FORM|iBrdContNo=|articleNo=|boardNo=|nttNo=|nttId=|nttSn=|idx=\d+|no=\d+|wr_id=\d+|boardSeq=\d+|b_idx=\d+|seq=\d+|uid=\d+|artclNo=|brdIdx=|DOC_NO=|BBS_SEQ=|bIdx=|bdId=|artclView\.do|selectNttInfo\.do|selectBoardArticle\.do|BoardView\.do|boardCnts\/view\.do|boardView\.do|detailView\.do|scholarDetail\.do|View\d+\.do|view\.do|\/portalBbs\/|\/article\/[^/]+\/detail\/|\/web\/Board\/|notice-view\?id=|mod=document),장학|장학금|학자금|등록금|scholarship|tuition|fellowship,,true,confidence=high | 백마광장 > 장학게시판
ou_3245_univ_001,ou_3245,,,3245,university,충북대학교 장학공지,https://www.chungbuk.ac.kr/www/selectBbsNttList.do?bbsNo=8&key=815&searchCtgry=%ED%95%99%EC%82%AC%2F%EC%9E%A5%ED%95%99,https://www.chungbuk.ac.kr,tbody tr,a[href],a[href],"td:last-child, .date, .board-date, .wr_date",,,(mode=view|sMode=VIEW_FORM|iBrdContNo=|articleNo=|boardNo=|nttNo=|nttId=|nttSn=|idx=\d+|no=\d+|wr_id=\d+|boardSeq=\d+|b_idx=\d+|seq=\d+|uid=\d+|artclNo=|brdIdx=|DOC_NO=|BBS_SEQ=|bIdx=|bdId=|artclView\.do|selectNttInfo\.do|selectBoardArticle\.do|BoardView\.do|boardCnts\/view\.do|boardView\.do|detailView\.do|scholarDetail\.do|View\d+\.do|view\.do|\/portalBbs\/|\/article\/[^/]+\/detail\/|\/web\/Board\/|notice-view\?id=|mod=document),장학|장학금|학자금|등록금|scholarship|tuition|fellowship,,true,confidence=high | 공지사항 > 학사/장학 카테고리 필터
ou_3265_univ_001,ou_3265,,,3265,university,평택대학교 장학공지,https://www.ptu.ac.kr/www/410/subview.do,https://www.ptu.ac.kr,tbody tr,a[href],a[href],"td:last-child, .date, .board-date, .wr_date",,,(mode=view|sMode=VIEW_FORM|iBrdContNo=|articleNo=|boardNo=|nttNo=|nttId=|nttSn=|idx=\d+|no=\d+|wr_id=\d+|boardSeq=\d+|b_idx=\d+|seq=\d+|uid=\d+|artclNo=|brdIdx=|DOC_NO=|BBS_SEQ=|bIdx=|bdId=|artclView\.do|selectNttInfo\.do|selectBoardArticle\.do|BoardView\.do|boardCnts\/view\.do|boardView\.do|detailView\.do|scholarDetail\.do|View\d+\.do|view\.do|\/portalBbs\/|\/article\/[^/]+\/detail\/|\/web\/Board\/|notice-view\?id=|mod=document),장학|장학금|학자금|등록금|scholarship|tuition|fellowship,,true,confidence=high | 장학금안내 게시판
ou_3284_univ_001,ou_3284,,,3284,university,한경국립대학교 장학공지,https://www.hknu.ac.kr/kor/563/subview.do,https://www.hknu.ac.kr,tbody tr,a[href],a[href],"td:last-child, .date, .board-date, .wr_date",,,(mode=view|sMode=VIEW_FORM|iBrdContNo=|articleNo=|boardNo=|nttNo=|nttId=|nttSn=|idx=\d+|no=\d+|wr_id=\d+|boardSeq=\d+|b_idx=\d+|seq=\d+|uid=\d+|artclNo=|brdIdx=|DOC_NO=|BBS_SEQ=|bIdx=|bdId=|artclView\.do|selectNttInfo\.do|selectBoardArticle\.do|BoardView\.do|boardCnts\/view\.do|boardView\.do|detailView\.do|scholarDetail\.do|View\d+\.do|view\.do|\/portalBbs\/|\/article\/[^/]+\/detail\/|\/web\/Board\/|notice-view\?id=|mod=document),장학|장학금|학자금|등록금|scholarship|tuition|fellowship,,true,confidence=high | 장학공지
ou_3294_univ_001,ou_3294,,,3294,university,한국공학대학교 장학공지,https://www.tukorea.ac.kr/tukorea/1097/subview.do,https://www.tukorea.ac.kr,tbody tr,a[href],a[href],"td:last-child, .date, .board-date, .wr_date",,,(mode=view|sMode=VIEW_FORM|iBrdContNo=|articleNo=|boardNo=|nttNo=|nttId=|nttSn=|idx=\d+|no=\d+|wr_id=\d+|boardSeq=\d+|b_idx=\d+|seq=\d+|uid=\d+|artclNo=|brdIdx=|DOC_NO=|BBS_SEQ=|bIdx=|bdId=|artclView\.do|selectNttInfo\.do|selectBoardArticle\.do|BoardView\.do|boardCnts\/view\.do|boardView\.do|detailView\.do|scholarDetail\.do|View\d+\.do|view\.do|\/portalBbs\/|\/article\/[^/]+\/detail\/|\/web\/Board\/|notice-view\?id=|mod=document),장학|장학금|학자금|등록금|scholarship|tuition|fellowship,,true,confidence=high | 장학공지
ou_3303_univ_001,ou_3303,,,3303,university,한국교원대학교 장학공지,https://www.knue.ac.kr/www/selectBbsNttList.do?bbsNo=207&key=1443,https://www.knue.ac.kr,tbody tr,a[href],a[href],"td:last-child, .date, .board-date, .wr_date",,,(mode=view|sMode=VIEW_FORM|iBrdContNo=|articleNo=|boardNo=|nttNo=|nttId=|nttSn=|idx=\d+|no=\d+|wr_id=\d+|boardSeq=\d+|b_idx=\d+|seq=\d+|uid=\d+|artclNo=|brdIdx=|DOC_NO=|BBS_SEQ=|bIdx=|bdId=|artclView\.do|selectNttInfo\.do|selectBoardArticle\.do|BoardView\.do|boardCnts\/view\.do|boardView\.do|detailView\.do|scholarDetail\.do|View\d+\.do|view\.do|\/portalBbs\/|\/article\/[^/]+\/detail\/|\/web\/Board\/|notice-view\?id=|mod=document),장학|장학금|학자금|등록금|scholarship|tuition|fellowship,,true,confidence=high | 장학금 공지사항
ou_3307_univ_001,ou_3307,,,3307,university,한국기술교육대학교 장학공지,https://www.koreatech.ac.kr/notice/list.es?board_id=15&mid=a10604020000,https://www.koreatech.ac.kr,,a[href],,,,,,장학|장학금|학자금|등록금|scholarship|tuition|fellowship,,true,confidence=high | 장학공지
ou_3318_univ_001,ou_3318,,,3318,university,한국성서대학교 장학공지,https://www.bible.ac.kr/ko/life/tuition_notice,https://www.bible.ac.kr,,a[href],,,,,,장학|장학금|학자금|등록금|scholarship|tuition|fellowship,,true,confidence=high | 장학/등록금 공지사항
ou_3329_univ_001,ou_3329,,,3329,university,한국예술종합학교 장학공지,https://www.karts.ac.kr/nri/bbs/NuriBbsList.do?bbsId=BBSNURI_001,https://www.karts.ac.kr,tbody tr,a[href],a[href],"td:last-child, .date, .board-date, .wr_date",,,(mode=view|sMode=VIEW_FORM|iBrdContNo=|articleNo=|boardNo=|nttNo=|nttId=|nttSn=|idx=\d+|no=\d+|wr_id=\d+|boardSeq=\d+|b_idx=\d+|seq=\d+|uid=\d+|artclNo=|brdIdx=|DOC_NO=|BBS_SEQ=|bIdx=|bdId=|artclView\.do|selectNttInfo\.do|selectBoardArticle\.do|BoardView\.do|boardCnts\/view\.do|boardView\.do|detailView\.do|scholarDetail\.do|View\d+\.do|view\.do|\/portalBbs\/|\/article\/[^/]+\/detail\/|\/web\/Board\/|notice-view\?id=|mod=document),장학|장학금|학자금|등록금|scholarship|tuition|fellowship,,true,confidence=medium | 공지사항(장학/생활 카테고리)
ou_1153_univ_001,ou_1153,,,1153,university,한국외국어대학교 장학공지,https://www.hufs.ac.kr/hufs/11283/subview.do,https://www.hufs.ac.kr,tbody tr,a[href],a[href],"td:last-child, .date, .board-date, .wr_date",,,(mode=view|sMode=VIEW_FORM|iBrdContNo=|articleNo=|boardNo=|nttNo=|nttId=|nttSn=|idx=\d+|no=\d+|wr_id=\d+|boardSeq=\d+|b_idx=\d+|seq=\d+|uid=\d+|artclNo=|brdIdx=|DOC_NO=|BBS_SEQ=|bIdx=|bdId=|artclView\.do|selectNttInfo\.do|selectBoardArticle\.do|BoardView\.do|boardCnts\/view\.do|boardView\.do|detailView\.do|scholarDetail\.do|View\d+\.do|view\.do|\/portalBbs\/|\/article\/[^/]+\/detail\/|\/web\/Board\/|notice-view\?id=|mod=document),장학|장학금|학자금|등록금|scholarship|tuition|fellowship,,true,confidence=high | notice_sources
ou_3342_univ_001,ou_3342,,,3342,university,한국전통문화대학교 장학공지,http://www.nuch.ac.kr/mec/ots/brd/list.do?mnuBaseId=MNU0000146&topBaseId=MNU0000009&tplSer=2,http://www.nuch.ac.kr,tbody tr,a[href],a[href],"td:last-child, .date, .board-date, .wr_date",,,(mode=view|sMode=VIEW_FORM|iBrdContNo=|articleNo=|boardNo=|nttNo=|nttId=|nttSn=|idx=\d+|no=\d+|wr_id=\d+|boardSeq=\d+|b_idx=\d+|seq=\d+|uid=\d+|artclNo=|brdIdx=|DOC_NO=|BBS_SEQ=|bIdx=|bdId=|artclView\.do|selectNttInfo\.do|selectBoardArticle\.do|BoardView\.do|boardCnts\/view\.do|boardView\.do|detailView\.do|scholarDetail\.do|View\d+\.do|view\.do|\/portalBbs\/|\/article\/[^/]+\/detail\/|\/web\/Board\/|notice-view\?id=|mod=document),장학|장학금|학자금|등록금|scholarship|tuition|fellowship,,true,confidence=medium | 대학홍보 공지사항
ou_3347_univ_001,ou_3347,,,3347,university,한국체육대학교 장학공지,https://www.knsu.ac.kr/knsu/unilife/notice.do,https://www.knsu.ac.kr,tbody tr,a[href],a[href],"td:last-child, .date, .board-date, .wr_date",,,(mode=view|sMode=VIEW_FORM|iBrdContNo=|articleNo=|boardNo=|nttNo=|nttId=|nttSn=|idx=\d+|no=\d+|wr_id=\d+|boardSeq=\d+|b_idx=\d+|seq=\d+|uid=\d+|artclNo=|brdIdx=|DOC_NO=|BBS_SEQ=|bIdx=|bdId=|artclView\.do|selectNttInfo\.do|selectBoardArticle\.do|BoardView\.do|boardCnts\/view\.do|boardView\.do|detailView\.do|scholarDetail\.do|View\d+\.do|view\.do|\/portalBbs\/|\/article\/[^/]+\/detail\/|\/web\/Board\/|notice-view\?id=|mod=document),장학|장학금|학자금|등록금|scholarship|tuition|fellowship,,true,confidence=medium | 공지사항(장학 카테고리 필터)
ou_3393_univ_001,ou_3393,,,3393,university,한국항공대학교 장학공지,https://kau.ac.kr/kaulife/scholnoti.php,https://kau.ac.kr,,a[href],,,,,,장학|장학금|학자금|등록금|scholarship|tuition|fellowship,,true,confidence=high | 장학/대출공지
ou_3397_univ_001,ou_3397,,,3397,university,한남대학교 장학공지,http://janghak.hannam.ac.kr/sub4/menu_1.html,http://janghak.hannam.ac.kr,,a[href],,,,,,장학|장학금|학자금|등록금|scholarship|tuition|fellowship,,true,confidence=high | 장학공지
ou_3409_univ_001,ou_3409,,,3409,university,한동대학교 장학공지,https://www.handong.edu/kor/square/notice/bbs/college/,https://www.handong.edu,,a[href],,,,,,장학|장학금|학자금|등록금|scholarship|tuition|fellowship,,true,confidence=medium | 대학 공지(장학 글 포함)
ou_3417_univ_001,ou_3417,,,3417,university,한라대학교 장학공지,https://www.halla.ac.kr/kr/244/subview.do,https://www.halla.ac.kr,tbody tr,a[href],a[href],"td:last-child, .date, .board-date, .wr_date",,,(mode=view|sMode=VIEW_FORM|iBrdContNo=|articleNo=|boardNo=|nttNo=|nttId=|nttSn=|idx=\d+|no=\d+|wr_id=\d+|boardSeq=\d+|b_idx=\d+|seq=\d+|uid=\d+|artclNo=|brdIdx=|DOC_NO=|BBS_SEQ=|bIdx=|bdId=|artclView\.do|selectNttInfo\.do|selectBoardArticle\.do|BoardView\.do|boardCnts\/view\.do|boardView\.do|detailView\.do|scholarDetail\.do|View\d+\.do|view\.do|\/portalBbs\/|\/article\/[^/]+\/detail\/|\/web\/Board\/|notice-view\?id=|mod=document),장학|장학금|학자금|등록금|scholarship|tuition|fellowship,,true,confidence=high | 장학공지
ou_3420_univ_001,ou_3420,,,3420,university,한림대학교 장학공지,https://www.hallym.ac.kr/hallym/1135/subview.do,https://www.hallym.ac.kr,tbody tr,a[href],a[href],"td:last-child, .date, .board-date, .wr_date",,,(mode=view|sMode=VIEW_FORM|iBrdContNo=|articleNo=|boardNo=|nttNo=|nttId=|nttSn=|idx=\d+|no=\d+|wr_id=\d+|boardSeq=\d+|b_idx=\d+|seq=\d+|uid=\d+|artclNo=|brdIdx=|DOC_NO=|BBS_SEQ=|bIdx=|bdId=|artclView\.do|selectNttInfo\.do|selectBoardArticle\.do|BoardView\.do|boardCnts\/view\.do|boardView\.do|detailView\.do|scholarDetail\.do|View\d+\.do|view\.do|\/portalBbs\/|\/article\/[^/]+\/detail\/|\/web\/Board\/|notice-view\?id=|mod=document),장학|장학금|학자금|등록금|scholarship|tuition|fellowship,,true,confidence=high | 장학/등록 공지
ou_3436_univ_001,ou_3436,,,3436,university,한밭대학교(산업대) 장학공지,https://www.hanbat.ac.kr/bbs/BBSMSTR_000000001261/list.do,https://www.hanbat.ac.kr,tbody tr,"a[onclick*='fn_search_detail'], a[href*='view.do']",a[href],"td:last-child, .date, .board-date, .wr_date",,,(mode=view|sMode=VIEW_FORM|iBrdContNo=|articleNo=|boardNo=|nttNo=|nttId=|nttSn=|idx=\d+|no=\d+|wr_id=\d+|boardSeq=\d+|b_idx=\d+|seq=\d+|uid=\d+|artclNo=|brdIdx=|DOC_NO=|BBS_SEQ=|bIdx=|bdId=|artclView\.do|selectNttInfo\.do|selectBoardArticle\.do|BoardView\.do|boardCnts\/view\.do|boardView\.do|detailView\.do|scholarDetail\.do|View\d+\.do|view\.do|\/portalBbs\/|\/article\/[^/]+\/detail\/|\/web\/Board\/|notice-view\?id=|mod=document),장학|장학금|학자금|등록금|scholarship|tuition|fellowship,,true,confidence=medium | 국립한밭대학교 장학공지 | fn_search_detail
ou_3437_univ_001,ou_3437,,,3437,university,한서대학교 장학공지,https://www.hanseo.ac.kr/boardCnts/list.do?boardID=301&m=040104&s=hs,https://www.hanseo.ac.kr,tbody tr,"a[onclick*='goView'], a[href]",a[href],"td:last-child, .date, .board-date, .wr_date",,,(mode=view|sMode=VIEW_FORM|iBrdContNo=|articleNo=|boardNo=|nttNo=|nttId=|nttSn=|idx=\d+|no=\d+|wr_id=\d+|boardSeq=\d+|b_idx=\d+|seq=\d+|uid=\d+|artclNo=|brdIdx=|DOC_NO=|BBS_SEQ=|bIdx=|bdId=|artclView\.do|selectNttInfo\.do|selectBoardArticle\.do|BoardView\.do|boardCnts\/view\.do|boardView\.do|detailView\.do|scholarDetail\.do|View\d+\.do|view\.do|\/portalBbs\/|\/article\/[^/]+\/detail\/|\/web\/Board\/|notice-view\?id=|mod=document),장학|장학금|학자금|등록금|scholarship|tuition|fellowship,,true,confidence=high | 장학공지 | goView boardCnts
ou_3447_univ_001,ou_3447,,,3447,university,한성대학교 장학공지,https://www.hansung.ac.kr/hansung/6172/subview.do,https://www.hansung.ac.kr,tbody tr,a[href],a[href],"td:last-child, .date, .board-date, .wr_date",,,(mode=view|sMode=VIEW_FORM|iBrdContNo=|articleNo=|boardNo=|nttNo=|nttId=|nttSn=|idx=\d+|no=\d+|wr_id=\d+|boardSeq=\d+|b_idx=\d+|seq=\d+|uid=\d+|artclNo=|brdIdx=|DOC_NO=|BBS_SEQ=|bIdx=|bdId=|artclView\.do|selectNttInfo\.do|selectBoardArticle\.do|BoardView\.do|boardCnts\/view\.do|boardView\.do|detailView\.do|scholarDetail\.do|View\d+\.do|view\.do|\/portalBbs\/|\/article\/[^/]+\/detail\/|\/web\/Board\/|notice-view\?id=|mod=document),장학|장학금|학자금|등록금|scholarship|tuition|fellowship,,true,confidence=high | 대학 공지사항(장학 글 다수)
ou_3456_univ_001,ou_3456,,,3456,university,한세대학교 장학공지,https://www.hansei.ac.kr/kor/1700/subview.do,https://www.hansei.ac.kr,tbody tr,a[href],a[href],"td:last-child, .date, .board-date, .wr_date",,,(mode=view|sMode=VIEW_FORM|iBrdContNo=|articleNo=|boardNo=|nttNo=|nttId=|nttSn=|idx=\d+|no=\d+|wr_id=\d+|boardSeq=\d+|b_idx=\d+|seq=\d+|uid=\d+|artclNo=|brdIdx=|DOC_NO=|BBS_SEQ=|bIdx=|bdId=|artclView\.do|selectNttInfo\.do|selectBoardArticle\.do|BoardView\.do|boardCnts\/view\.do|boardView\.do|detailView\.do|scholarDetail\.do|View\d+\.do|view\.do|\/portalBbs\/|\/article\/[^/]+\/detail\/|\/web\/Board\/|notice-view\?id=|mod=document),장학|장학금|학자금|등록금|scholarship|tuition|fellowship,,true,confidence=high | 장학
ou_3463_univ_001,ou_3463,,,3463,university,한신대학교 장학공지,https://www.hs.ac.kr/kor/4957/subview.do,https://www.hs.ac.kr,tbody tr,a[href],a[href],"td:last-child, .date, .board-date, .wr_date",,,(mode=view|sMode=VIEW_FORM|iBrdContNo=|articleNo=|boardNo=|nttNo=|nttId=|nttSn=|idx=\d+|no=\d+|wr_id=\d+|boardSeq=\d+|b_idx=\d+|seq=\d+|uid=\d+|artclNo=|brdIdx=|DOC_NO=|BBS_SEQ=|bIdx=|bdId=|artclView\.do|selectNttInfo\.do|selectBoardArticle\.do|BoardView\.do|boardCnts\/view\.do|boardView\.do|detailView\.do|scholarDetail\.do|View\d+\.do|view\.do|\/portalBbs\/|\/article\/[^/]+\/detail\/|\/web\/Board\/|notice-view\?id=|mod=document),장학|장학금|학자금|등록금|scholarship|tuition|fellowship,,true,confidence=high | 장학/사회봉사
ou_6_univ_001,ou_6,,,6,university,한양대학교 장학공지,https://sc.hanyang.ac.kr/-12,https://sc.hanyang.ac.kr,,a[href],,,,,,장학|장학금|학자금|등록금|scholarship|tuition|fellowship,,true,confidence=high | 장학공지
ou_3509_univ_001,ou_3509,,,3509,university,한일장신대학교 장학공지,https://www.hanil.ac.kr/portal/default/bbs/list.do?menuId=M0004000100040000,https://www.hanil.ac.kr,,a[href],a[href],"td:last-child, .date, .board-date, .wr_date",,,(mode=view|sMode=VIEW_FORM|iBrdContNo=|articleNo=|boardNo=|nttNo=|nttId=|nttSn=|idx=\d+|no=\d+|wr_id=\d+|boardSeq=\d+|b_idx=\d+|seq=\d+|uid=\d+|artclNo=|brdIdx=|DOC_NO=|BBS_SEQ=|bIdx=|bdId=|artclView\.do|selectNttInfo\.do|selectBoardArticle\.do|BoardView\.do|boardCnts\/view\.do|boardView\.do|detailView\.do|scholarDetail\.do|View\d+\.do|view\.do|\/portalBbs\/|\/article\/[^/]+\/detail\/|\/web\/Board\/|notice-view\?id=|mod=document),장학|장학금|학자금|등록금|scholarship|tuition|fellowship,,true,confidence=medium | 장학공지 메뉴
ou_3518_univ_001,ou_3518,,,3518,university,협성대학교 장학공지,https://www.uhs.ac.kr/uhs/155/subview.do,https://www.uhs.ac.kr,tbody tr,"a[onclick*='jf_view'], a[href]",a[href],"td:last-child, .date, .board-date, .wr_date",,,(mode=view|sMode=VIEW_FORM|iBrdContNo=|articleNo=|boardNo=|nttNo=|nttId=|nttSn=|idx=\d+|no=\d+|wr_id=\d+|boardSeq=\d+|b_idx=\d+|seq=\d+|uid=\d+|artclNo=|brdIdx=|DOC_NO=|BBS_SEQ=|bIdx=|bdId=|artclView\.do|selectNttInfo\.do|selectBoardArticle\.do|BoardView\.do|boardCnts\/view\.do|boardView\.do|detailView\.do|scholarDetail\.do|View\d+\.do|view\.do|\/portalBbs\/|\/article\/[^/]+\/detail\/|\/web\/Board\/|notice-view\?id=|mod=document),장학|장학금|학자금|등록금|scholarship|tuition|fellowship,,true,confidence=medium | 협성소식(장학 글 포함) | jf_view portalBbs
ou_3525_univ_001,ou_3525,,,3525,university,호남대학교 장학공지,https://www.honam.ac.kr/Scholarship_SchFees,https://www.honam.ac.kr,,a[href],,,,,,장학|장학금|학자금|등록금|scholarship|tuition|fellowship,,true,confidence=high | 장학/학자금
ou_3529_univ_001,ou_3529,,,3529,university,호남신학대학교 장학공지,https://www.htus.ac.kr/board/board.php?b_id=001,https://www.htus.ac.kr,,a[href],,,,,,장학|장학금|학자금|등록금|scholarship|tuition|fellowship,,true,confidence=medium | 학사공지(장학 글 포함)
ou_3538_univ_001,ou_3538,,,3538,university,호서대학교 장학공지,https://www.hoseo.ac.kr/Home/BBSList.mbz?action=MAPP_1708240139&schCategorycode=CTG_17082400013,https://www.hoseo.ac.kr,,a[href],,,,,,장학|장학금|학자금|등록금|scholarship|tuition|fellowship,,true,confidence=medium | 공지사항 장학공지 카테고리
ou_3550_univ_001,ou_3550,,,3550,university,호원대학교 장학공지,https://www.howon.ac.kr/web/_guide/index.html?sm=scholarshipboard,https://www.howon.ac.kr,,a[href],,,,,,장학|장학금|학자금|등록금|scholarship|tuition|fellowship,,true,confidence=high | 장학안내 게시판
ou_13_univ_001,ou_13,,,13,university,홍익대학교 장학공지,https://www.hongik.ac.kr/kr/education/notice-undergrad.do?noCat=24,https://www.hongik.ac.kr,tbody tr,a[href],a[href],"td:last-child, .date, .board-date, .wr_date",,,(mode=view|sMode=VIEW_FORM|iBrdContNo=|articleNo=|boardNo=|nttNo=|nttId=|nttSn=|idx=\d+|no=\d+|wr_id=\d+|boardSeq=\d+|b_idx=\d+|seq=\d+|uid=\d+|artclNo=|brdIdx=|DOC_NO=|BBS_SEQ=|bIdx=|bdId=|artclView\.do|selectNttInfo\.do|selectBoardArticle\.do|BoardView\.do|boardCnts\/view\.do|boardView\.do|detailView\.do|scholarDetail\.do|View\d+\.do|view\.do|\/portalBbs\/|\/article\/[^/]+\/detail\/|\/web\/Board\/|notice-view\?id=|mod=document),장학|장학금|학자금|등록금|scholarship|tuition|fellowship,,true,confidence=high | 대학공지 장학 카테고리
ou_1618_univ_001,ou_1618,,,1618,university,화성의과학대학교 장학공지,https://www.hsmu.ac.kr/user/board/HSMU40102000_list_HSMU40102000.do,https://www.hsmu.ac.kr,tbody tr,a[href],a[href],"td:last-child, .date, .board-date, .wr_date",,,(mode=view|sMode=VIEW_FORM|iBrdContNo=|articleNo=|boardNo=|nttNo=|nttId=|nttSn=|idx=\d+|no=\d+|wr_id=\d+|boardSeq=\d+|b_idx=\d+|seq=\d+|uid=\d+|artclNo=|brdIdx=|DOC_NO=|BBS_SEQ=|bIdx=|bdId=|artclView\.do|selectNttInfo\.do|selectBoardArticle\.do|BoardView\.do|boardCnts\/view\.do|boardView\.do|detailView\.do|scholarDetail\.do|View\d+\.do|view\.do|\/portalBbs\/|\/article\/[^/]+\/detail\/|\/web\/Board\/|notice-view\?id=|mod=document),장학|장학금|학자금|등록금|scholarship|tuition|fellowship,,true,confidence=high | 장학공지
