source_id,source_name,list_url,initial_status,initial_error_bucket,initial_observed_count,initial_matched_count,root_cause_category,root_cause_confidence,root_cause_detail,site_structure,action_taken,changed_config,changed_code,diagnose_bucket,primary_failure_code,recovered,final_status,final_error_bucket,final_observed_count,final_matched_count,recent_notice_count,detail_access_status,canonical_url_status,body_status,attachment_status,candidate_handoff_status,launch_eligible,remaining_blocker,exact_next_action
ou_1688_univ_001,가야대학교(고령) 장학공지,https://www.kaya.ac.kr/Home/BBSList.mbz?action=MAPP_0000000411,success,success,3,0,valid_zero_recent_posts,confirmed,Recovered or originally successful with list items,STATIC_HTML_EVENT_URL|STATIC_HTML_HREF,none,,,,DETAIL_IDENTITY_UNVERIFIED,false,success,success,3,0,0,success,success,success,not_evaluated,blocked,false,no_keyword_match_in_lookback,manual_review_with_saved_html_evidence
ou_1689_univ_001,가야대학교(김해) 장학공지,https://www.kaya.ac.kr/Home/BBSList.mbz?action=MAPP_0000000411,success,success,3,0,valid_zero_recent_posts,confirmed,Recovered or originally successful with list items,STATIC_HTML_EVENT_URL|STATIC_HTML_HREF,none,,,,DETAIL_IDENTITY_UNVERIFIED,false,success,success,3,0,0,success,success,success,not_evaluated,blocked,false,no_keyword_match_in_lookback,manual_review_with_saved_html_evidence
ou_1690_univ_001,가천대학교 장학공지,https://www.gachon.ac.kr/kor/1146/subview.do,empty_observed,empty_observed,0,0,onclick_event_url_required,confirmed,List rows resolved after expanding notice_url_pattern to include artclView.do / event URL IDs,SERVER_RENDERED_WITH_PAGINATION|STATIC_HTML_EVENT_URL,expanded_notice_url_pattern; cleared selector_miss list_item_selector; preferred university_slug; jf_viewArtcl script URL helper; retry crawl,notice_url_pattern;list_item_selector(optional),deriveUniversitySlug;tune DO_DETAIL_URL_PATTERN;jf_viewArtcl;DEFAULT_NOTICE_URL_PATTERN,ok,URL_RESOLUTION_FAILED,true,success,recovered_after_retry,22,22,22,skipped,failed,skipped,not_evaluated,ready,true,,ingest_candidates_dry_run_then_admin_review
ou_1700_univ_001,가톨릭관동대학교 장학공지,https://www.cku.ac.kr/bbs/cku_kr/1202/artclList.do,empty_observed,empty_observed,0,0,onclick_event_url_required,confirmed,List rows resolved after expanding notice_url_pattern to include artclView.do / event URL IDs,STATIC_HTML_EVENT_URL,expanded_notice_url_pattern; cleared selector_miss list_item_selector; preferred university_slug; jf_viewArtcl script URL helper; retry crawl,notice_url_pattern;list_item_selector(optional),deriveUniversitySlug;tune DO_DETAIL_URL_PATTERN;jf_viewArtcl;DEFAULT_NOTICE_URL_PATTERN,ok,URL_RESOLUTION_FAILED,true,success,success,3,3,3,skipped,failed,skipped,not_evaluated,ready,true,,ingest_candidates_dry_run_then_admin_review
ou_1707_univ_001,가톨릭꽃동네대학교 장학공지,https://www.kkot.ac.kr/welfare/board/list?boardManagementNo=1252&menuLevel=2&menuNo=288,success,success,2,0,valid_zero_recent_posts,confirmed,Recovered or originally successful with list items,SERVER_RENDERED_WITH_PAGINATION|STATIC_HTML_EVENT_URL|STATIC_HTML_HREF,none,,,,DETAIL_IDENTITY_UNVERIFIED,false,success,success,2,0,0,success,success,success,not_evaluated,blocked,false,no_keyword_match_in_lookback,manual_review_with_saved_html_evidence
ou_1711_univ_001,가톨릭대학교 장학공지,https://www.catholic.ac.kr/ko/campuslife/notice.do?mode=list&srCategoryId=22,success,success,10,10,valid_zero_recent_posts,confirmed,Recovered or originally successful with list items,STATIC_HTML_HREF,none,,,,DETAIL_IDENTITY_UNVERIFIED,false,success,success,10,10,10,success,success,success,not_evaluated,ready,true,,ingest_candidates_dry_run_then_admin_review
ou_1732_univ_001,감리교신학대학교 장학공지,https://www.mtu.ac.kr/mtu/board/list.do?mId=160,empty_observed,empty_observed,0,0,detail_url_resolution_failed,high,List rows found but detail URL could not be extracted,SERVER_RENDERED_WITH_PAGINATION,expanded_notice_url_pattern; cleared selector_miss list_item_selector; preferred university_slug; jf_viewArtcl script URL helper; retry crawl,notice_url_pattern;list_item_selector(optional),deriveUniversitySlug;tune DO_DETAIL_URL_PATTERN;jf_viewArtcl;DEFAULT_NOTICE_URL_PATTERN,ok,URL_RESOLUTION_FAILED,false,empty_observed,empty_observed,0,0,0,skipped,failed,skipped,not_evaluated,blocked,false,detail_url_resolution_failed,capture_onclick_payload_and_extend_generic_url_builder
ou_1737_univ_001,강남대학교 장학공지,https://web.kangnam.ac.kr/menu/f19069e6134f8f8aa7f689a4a675e66f.do?searchMenuSeq=117,empty_observed,empty_observed,0,0,list_selector_mismatch,confirmed,Configured list_item_selector matched 0 rows on fetched HTML,SERVER_RENDERED_WITH_PAGINATION|SOURCE_CONFIG_OR_SELECTOR_MISMATCH|STATIC_HTML_EVENT_URL,expanded_notice_url_pattern; cleared selector_miss list_item_selector; preferred university_slug; jf_viewArtcl script URL helper; retry crawl,notice_url_pattern;list_item_selector(optional),deriveUniversitySlug;tune DO_DETAIL_URL_PATTERN;jf_viewArtcl;DEFAULT_NOTICE_URL_PATTERN,selector_miss,LIST_SELECTOR_ZERO_MATCHES,false,empty_observed,empty_observed,0,0,0,skipped,skipped,skipped,not_evaluated,blocked,false,list_selector_mismatch,retune_list_item_selector_against_live_html
ou_1745_univ_001,강서대학교 장학공지,https://gangseo.ac.kr/kcua/boardList?menuCode=BC0703,timeout,attempt_timeout,0,0,timeout,confirmed,Source attempt timed out,UNKNOWN_NEEDS_MANUAL_REVIEW,expanded_notice_url_pattern; cleared selector_miss list_item_selector; preferred university_slug; jf_viewArtcl script URL helper; retry crawl,notice_url_pattern;list_item_selector(optional),deriveUniversitySlug;tune DO_DETAIL_URL_PATTERN;jf_viewArtcl;DEFAULT_NOTICE_URL_PATTERN,fallback_scan,UNKNOWN_NEEDS_MANUAL_REVIEW,false,timeout,attempt_timeout,0,0,0,skipped,not_observed,skipped,not_evaluated,blocked,false,timeout,manual_browser_access_check_then_transport_policy_if_allowed
ou_1751_univ_001,강원대학교 장학공지,https://itcall.kangwon.ac.kr/www/selectBbsNttList.do?bbsNo=34&key=232,http_error,http_error,0,0,http_forbidden,high,Fetch/access failure: http_error/UNKNOWN_NEEDS_MANUAL_REVIEW,AUTH_OR_CAPTCHA_REQUIRED,expanded_notice_url_pattern; cleared selector_miss list_item_selector; preferred university_slug; jf_viewArtcl script URL helper; retry crawl,notice_url_pattern;list_item_selector(optional),deriveUniversitySlug;tune DO_DETAIL_URL_PATTERN;jf_viewArtcl;DEFAULT_NOTICE_URL_PATTERN,fetch_error,UNKNOWN_NEEDS_MANUAL_REVIEW,false,http_error,http_error,0,0,0,skipped,not_observed,skipped,not_evaluated,blocked,false,http_forbidden,manual_browser_access_check_then_transport_policy_if_allowed
ou_11_univ_001,건국대학교 장학공지,https://www.konkuk.ac.kr/bbs/konkuk/235/artclList.do,empty_observed,empty_observed,0,0,onclick_event_url_required,confirmed,List rows resolved after expanding notice_url_pattern to include artclView.do / event URL IDs,STATIC_HTML_EVENT_URL,expanded_notice_url_pattern; cleared selector_miss list_item_selector; preferred university_slug; jf_viewArtcl script URL helper; retry crawl,notice_url_pattern;list_item_selector(optional),deriveUniversitySlug;tune DO_DETAIL_URL_PATTERN;jf_viewArtcl;DEFAULT_NOTICE_URL_PATTERN,ok,URL_RESOLUTION_FAILED,true,success,success,20,20,20,skipped,failed,skipped,not_evaluated,ready,true,,ingest_candidates_dry_run_then_admin_review
ou_1779_univ_001,건국대학교(글로컬) 장학공지,https://www.kku.ac.kr/cms/FR_CON/index.do?MENU_ID=1750,empty_observed,empty_observed,0,0,list_selector_mismatch,confirmed,Configured list_item_selector matched 0 rows on fetched HTML,SERVER_RENDERED_WITH_PAGINATION|SOURCE_CONFIG_OR_SELECTOR_MISMATCH|STATIC_HTML_EVENT_URL,expanded_notice_url_pattern; cleared selector_miss list_item_selector; preferred university_slug; jf_viewArtcl script URL helper; retry crawl,notice_url_pattern;list_item_selector(optional),deriveUniversitySlug;tune DO_DETAIL_URL_PATTERN;jf_viewArtcl;DEFAULT_NOTICE_URL_PATTERN,selector_miss,LIST_SELECTOR_ZERO_MATCHES,false,empty_observed,empty_observed,0,0,0,skipped,skipped,skipped,not_evaluated,blocked,false,list_selector_mismatch,retune_list_item_selector_against_live_html
ou_1786_univ_001,건양대학교 장학공지,https://www.konyang.ac.kr/cop/bbs/BBSMSTR_000000000585/selectBoardList.do,empty_observed,empty_observed,0,0,onclick_event_url_required,high,List selector matched rows but notice URLs failed pattern/event resolution,SERVER_RENDERED_WITH_PAGINATION|STATIC_HTML_EVENT_URL,expanded_notice_url_pattern; cleared selector_miss list_item_selector; preferred university_slug; jf_viewArtcl script URL helper; retry crawl,notice_url_pattern;list_item_selector(optional),deriveUniversitySlug;tune DO_DETAIL_URL_PATTERN;jf_viewArtcl;DEFAULT_NOTICE_URL_PATTERN,ok,URL_RESOLUTION_FAILED,false,timeout,attempt_timeout,0,0,0,skipped,failed,skipped,not_evaluated,blocked,false,onclick_event_url_required,capture_onclick_payload_and_extend_generic_url_builder
ou_1798_univ_001,경기대학교 장학공지,https://www.kyonggi.ac.kr/scholarship/selectBbsNttList.do?bbsNo=518&key=3078,success,success,0,0,valid_empty_board,low,Success with 0 observed items — needs empty-board vs filter confirmation,SERVER_RENDERED_WITH_PAGINATION|STATIC_HTML_HREF,expanded_notice_url_pattern; cleared selector_miss list_item_selector; preferred university_slug; jf_viewArtcl script URL helper; retry crawl,notice_url_pattern;list_item_selector(optional),deriveUniversitySlug;tune DO_DETAIL_URL_PATTERN;jf_viewArtcl;DEFAULT_NOTICE_URL_PATTERN,ok,DETAIL_URL_UNVERIFIED,false,success,success,0,0,0,success,success,success,not_evaluated,blocked,false,zero_observed_needs_empty_board_confirmation,confirm_empty_board_vs_date_filter_with_CRAWL_ALLOW_UNDATED
ou_1821_univ_001,경남과학기술대학교 장학공지,https://www.gnu.ac.kr/eng/na/ntt/selectNttList.do?bbsId=12788&mi=49470,empty_observed,empty_observed,0,0,detail_url_resolution_failed,high,List rows found but detail URL could not be extracted,STATIC_HTML_EVENT_URL,expanded_notice_url_pattern; cleared selector_miss list_item_selector; preferred university_slug; jf_viewArtcl script URL helper; retry crawl,notice_url_pattern;list_item_selector(optional),deriveUniversitySlug;tune DO_DETAIL_URL_PATTERN;jf_viewArtcl;DEFAULT_NOTICE_URL_PATTERN,link_extract_fail,MANUAL_BROWSER_NETWORK_REQUIRED,false,empty_observed,empty_observed,0,0,0,skipped,failed,skipped,not_evaluated,blocked,false,detail_url_resolution_failed,capture_onclick_payload_and_extend_generic_url_builder
ou_1826_univ_001,경남대학교 장학공지,https://www.kyungnam.ac.kr/ko/8460/subview.do?enc=Zm5jdDF8QEB8JTJGYmJzJTJGa28lMkYxNDA3JTJGYXJ0Y2xMaXN0LmRvJTNG,empty_observed,empty_observed,0,0,onclick_event_url_required,confirmed,List rows resolved after expanding notice_url_pattern to include artclView.do / event URL IDs,STATIC_HTML_EVENT_URL,expanded_notice_url_pattern; cleared selector_miss list_item_selector; preferred university_slug; jf_viewArtcl script URL helper; retry crawl,notice_url_pattern;list_item_selector(optional),deriveUniversitySlug;tune DO_DETAIL_URL_PATTERN;jf_viewArtcl;DEFAULT_NOTICE_URL_PATTERN,ok,URL_RESOLUTION_FAILED,true,success,success,13,13,13,skipped,failed,skipped,not_evaluated,ready,true,,ingest_candidates_dry_run_then_admin_review
ou_1836_univ_001,경동대학교 장학공지,https://kduniv.ac.kr/kor/CMS/Board/Board.do?mCode=MN284&mgr_seq=509&mode=list,success,success,5,5,valid_zero_recent_posts,confirmed,Recovered or originally successful with list items,SERVER_RENDERED_WITH_PAGINATION|STATIC_HTML_EVENT_URL|STATIC_HTML_HREF,none,,,,DETAIL_IDENTITY_UNVERIFIED,false,success,success,5,5,5,success,success,success,not_evaluated,ready,true,,ingest_candidates_dry_run_then_admin_review
ou_1841_univ_001,경북대학교 장학공지,https://knu.ac.kr/wbbs/wbbs/bbs/btin/list.action?bbs_cde=1&menu_idx=67,success,success,0,0,valid_empty_board,low,Success with 0 observed items — needs empty-board vs filter confirmation,SERVER_RENDERED_WITH_PAGINATION|STATIC_HTML_EVENT_URL|STATIC_HTML_HREF,expanded_notice_url_pattern; cleared selector_miss list_item_selector; preferred university_slug; jf_viewArtcl script URL helper; retry crawl,notice_url_pattern;list_item_selector(optional),deriveUniversitySlug;tune DO_DETAIL_URL_PATTERN;jf_viewArtcl;DEFAULT_NOTICE_URL_PATTERN,fallback_scan,DETAIL_URL_UNVERIFIED,false,success,success,0,0,0,success,success,success,not_evaluated,blocked,false,zero_observed_needs_empty_board_confirmation,confirm_empty_board_vs_date_filter_with_CRAWL_ALLOW_UNDATED
ou_1864_univ_001,경상국립대학교 장학공지,https://www.gnu.ac.kr/eng/na/ntt/selectNttList.do?bbsId=12788&mi=49470,empty_observed,empty_observed,0,0,detail_url_resolution_failed,high,List rows found but detail URL could not be extracted,STATIC_HTML_EVENT_URL,expanded_notice_url_pattern; cleared selector_miss list_item_selector; preferred university_slug; jf_viewArtcl script URL helper; retry crawl,notice_url_pattern;list_item_selector(optional),deriveUniversitySlug;tune DO_DETAIL_URL_PATTERN;jf_viewArtcl;DEFAULT_NOTICE_URL_PATTERN,link_extract_fail,MANUAL_BROWSER_NETWORK_REQUIRED,false,empty_observed,empty_observed,0,0,0,skipped,failed,skipped,not_evaluated,blocked,false,detail_url_resolution_failed,capture_onclick_payload_and_extend_generic_url_builder
ou_1878_univ_001,경성대학교 장학공지,https://kscms.ks.ac.kr/janghak/CMS/Board/Board.do?mCode=MN060,success,success,15,15,valid_zero_recent_posts,confirmed,Recovered or originally successful with list items,SERVER_RENDERED_WITH_PAGINATION|STATIC_HTML_HREF,none,,,,DETAIL_IDENTITY_UNVERIFIED,false,success,success,15,15,15,success,success,success,not_evaluated,ready,true,,ingest_candidates_dry_run_then_admin_review
ou_1888_univ_001,경운대학교 장학공지,https://www.ikw.ac.kr/page/link.tc?mn=2589&pageSeq=1929,network_error,transport_http_forbidden,0,0,http_forbidden,high,Fetch/access failure: transport_http_forbidden/UNKNOWN_NEEDS_MANUAL_REVIEW,UNKNOWN_NEEDS_MANUAL_REVIEW,expanded_notice_url_pattern; cleared selector_miss list_item_selector; preferred university_slug; jf_viewArtcl script URL helper; retry crawl,notice_url_pattern;list_item_selector(optional),deriveUniversitySlug;tune DO_DETAIL_URL_PATTERN;jf_viewArtcl;DEFAULT_NOTICE_URL_PATTERN,fallback_scan,UNKNOWN_NEEDS_MANUAL_REVIEW,false,network_error,network_error,0,0,0,skipped,not_observed,skipped,not_evaluated,blocked,false,http_forbidden,manual_browser_access_check_then_transport_policy_if_allowed
ou_1892_univ_001,경인교육대학교 장학공지,https://www.ginue.ac.kr/kor/CMS/Board/Board.do?mCode=MN126&mgr_seq=90&mode=list,success,success,8,8,valid_zero_recent_posts,confirmed,Recovered or originally successful with list items,SERVER_RENDERED_WITH_PAGINATION|STATIC_HTML_HREF,none,,,,DETAIL_IDENTITY_UNVERIFIED,false,success,success,8,8,8,success,success,success,not_evaluated,ready,true,,ingest_candidates_dry_run_then_admin_review
ou_1895_univ_001,경일대학교 장학공지,https://www.kiu.ac.kr/pages/sub.htm?nav_code=kiu1540189661,success,success,15,0,valid_zero_recent_posts,confirmed,Recovered or originally successful with list items,SERVER_RENDERED_WITH_PAGINATION|STATIC_HTML_EVENT_URL|STATIC_HTML_HREF,none,,,,DETAIL_IDENTITY_UNVERIFIED,false,success,success,15,0,0,success,success,success,not_evaluated,blocked,false,no_keyword_match_in_lookback,manual_review_with_saved_html_evidence
ou_9_univ_001,경희대학교 장학공지,https://janghak.khu.ac.kr/janghak/user/bbs/BMSR00040/list.do?menuNo=12300032,success,success,8,8,valid_zero_recent_posts,confirmed,Recovered or originally successful with list items,STATIC_HTML_EVENT_URL|STATIC_HTML_HREF,none,,,,DETAIL_IDENTITY_UNVERIFIED,false,success,success,8,8,8,success,success,success,not_evaluated,ready,true,,ingest_candidates_dry_run_then_admin_review
ou_1923_univ_001,계명대학교 장학공지,https://www.kmu.ac.kr/uni/main/page.jsp?mnu_uid=145,network_error,network_error,0,0,network_dns_or_tls_failure,high,TLS/certificate exception indicated by access profile,TLS_OR_CERTIFICATE_EXCEPTION,expanded_notice_url_pattern; cleared selector_miss list_item_selector; preferred university_slug; jf_viewArtcl script URL helper; retry crawl,notice_url_pattern;list_item_selector(optional),deriveUniversitySlug;tune DO_DETAIL_URL_PATTERN;jf_viewArtcl;DEFAULT_NOTICE_URL_PATTERN,fetch_error,UNKNOWN_NEEDS_MANUAL_REVIEW,false,network_error,network_error,0,0,0,skipped,not_observed,skipped,not_evaluated,blocked,false,network_dns_or_tls_failure,manual_browser_access_check_then_transport_policy_if_allowed
ou_1_univ_001,고려대학교 장학공지,https://scholarship.korea.ac.kr/scholarship/application/notice.do,network_error,network_error,0,0,network_dns_or_tls_failure,medium,Network/fetch failure bucket=network_error primary=UNKNOWN_NEEDS_MANUAL_REVIEW,UNKNOWN_NEEDS_MANUAL_REVIEW,expanded_notice_url_pattern; cleared selector_miss list_item_selector; preferred university_slug; jf_viewArtcl script URL helper; retry crawl,notice_url_pattern;list_item_selector(optional),deriveUniversitySlug;tune DO_DETAIL_URL_PATTERN;jf_viewArtcl;DEFAULT_NOTICE_URL_PATTERN,fetch_error,UNKNOWN_NEEDS_MANUAL_REVIEW,false,network_error,network_error,0,0,0,skipped,not_observed,skipped,not_evaluated,blocked,false,network_dns_or_tls_failure,manual_browser_access_check_then_transport_policy_if_allowed
ou_1961_univ_001,고려대학교(세종) 장학공지,https://sejong.korea.ac.kr/koreaSejong/7906/subview.do,empty_observed,empty_observed,0,0,onclick_event_url_required,confirmed,List rows resolved after expanding notice_url_pattern to include artclView.do / event URL IDs,SERVER_RENDERED_WITH_PAGINATION|STATIC_HTML_EVENT_URL,expanded_notice_url_pattern; cleared selector_miss list_item_selector; preferred university_slug; jf_viewArtcl script URL helper; retry crawl,notice_url_pattern;list_item_selector(optional),deriveUniversitySlug;tune DO_DETAIL_URL_PATTERN;jf_viewArtcl;DEFAULT_NOTICE_URL_PATTERN,ok,URL_RESOLUTION_FAILED,true,success,success,10,10,10,skipped,failed,skipped,not_evaluated,ready,true,,ingest_candidates_dry_run_then_admin_review
ou_1973_univ_001,고신대학교 장학공지,https://www.kosin.ac.kr/kr/index.php?pCode=scholarshipNews,success,success,16,0,valid_zero_recent_posts,confirmed,Recovered or originally successful with list items,STATIC_HTML_HREF,none,,,,DETAIL_CONTENT_EMPTY_OR_BOILERPLATE,false,success,success,16,0,0,success,success,warning,not_evaluated,blocked,false,no_keyword_match_in_lookback,manual_review_with_saved_html_evidence
ou_1982_univ_001,공주교육대학교 장학공지,https://www.gjue.ac.kr/kor/article/BBSMSTR_000000000108,success,success,0,0,valid_empty_board,low,Success with 0 observed items — needs empty-board vs filter confirmation,SERVER_RENDERED_WITH_PAGINATION|STATIC_HTML_EVENT_URL|STATIC_HTML_HREF,expanded_notice_url_pattern; cleared selector_miss list_item_selector; preferred university_slug; jf_viewArtcl script URL helper; retry crawl,notice_url_pattern;list_item_selector(optional),deriveUniversitySlug;tune DO_DETAIL_URL_PATTERN;jf_viewArtcl;DEFAULT_NOTICE_URL_PATTERN,fallback_scan,DETAIL_URL_UNVERIFIED,false,success,success,0,0,0,success,success,success,not_evaluated,blocked,false,zero_observed_needs_empty_board_confirmation,confirm_empty_board_vs_date_filter_with_CRAWL_ALLOW_UNDATED
ou_1986_univ_001,광신대학교 장학공지,https://www.kwangshin.ac.kr/front/boardList.do?brd_mgrno=180&menu_no=442,empty_observed,empty_observed,0,0,onclick_event_url_required,high,List selector matched rows but notice URLs failed pattern/event resolution,STATIC_HTML_EVENT_URL,expanded_notice_url_pattern; cleared selector_miss list_item_selector; preferred university_slug; jf_viewArtcl script URL helper; retry crawl,notice_url_pattern;list_item_selector(optional),deriveUniversitySlug;tune DO_DETAIL_URL_PATTERN;jf_viewArtcl;DEFAULT_NOTICE_URL_PATTERN,link_extract_fail,URL_RESOLUTION_FAILED,false,empty_observed,empty_observed,0,0,0,skipped,failed,skipped,not_evaluated,blocked,false,onclick_event_url_required,capture_onclick_payload_and_extend_generic_url_builder
ou_1995_univ_001,광운대학교 장학공지,https://www.kw.ac.kr/ko/life/notice.jsp?srCategoryId=4,success,success,18,0,valid_zero_recent_posts,confirmed,Recovered or originally successful with list items,SERVER_RENDERED_WITH_PAGINATION|STATIC_HTML_EVENT_URL|STATIC_HTML_HREF,none,,,,DETAIL_IDENTITY_UNVERIFIED,false,success,success,18,0,0,success,success,success,not_evaluated,blocked,false,no_keyword_match_in_lookback,manual_review_with_saved_html_evidence
ou_2005_univ_001,광주과학기술원 장학공지,https://www.gist.ac.kr/site/kr/html/sub05/050209.html,success,recovered_after_retry,6,0,valid_zero_recent_posts,confirmed,Recovered or originally successful with list items,STATIC_HTML_EVENT_URL|STATIC_HTML_HREF,none,,,,DETAIL_IDENTITY_UNVERIFIED,false,success,recovered_after_retry,6,0,0,success,success,success,not_evaluated,blocked,false,no_keyword_match_in_lookback,manual_review_with_saved_html_evidence
ou_2007_univ_001,광주교육대학교 장학공지,https://www.gnue.ac.kr/planweb/board/list.9is?contentUid=4a9f18ab5c48fe8c015cec61f46c1131&boardUid=4a9f18ab5d53940b015d539a2f9e002e&contentUid=4a9f18ab5c48fe8c015cec61f46c1131,success,success,11,0,valid_zero_recent_posts,confirmed,Recovered or originally successful with list items,SERVER_RENDERED_WITH_PAGINATION|STATIC_HTML_EVENT_URL|STATIC_HTML_HREF,none,,,,DETAIL_IDENTITY_UNVERIFIED,false,success,success,11,0,0,success,success,success,not_evaluated,blocked,false,no_keyword_match_in_lookback,manual_review_with_saved_html_evidence
ou_2010_univ_001,광주대학교 장학공지,https://www.gwangju.ac.kr/bbs/?b_id=gwangju_notice_se&mn=538&site=gwangju,success,success,1,0,valid_zero_recent_posts,confirmed,Recovered or originally successful with list items,STATIC_HTML_EVENT_URL|STATIC_HTML_HREF,none,,,,FILTERED_OUT_BY_DATE,false,success,success,1,0,0,success,warning,success,not_evaluated,blocked,false,no_keyword_match_in_lookback,manual_review_with_saved_html_evidence
ou_2015_univ_001,광주여자대학교 장학공지,https://www.kwu.ac.kr/mod/board/list.do?MID=KWU_B06010401,empty_observed,empty_observed,0,0,list_selector_mismatch,high,Configured list_item_selector matched 0 rows on fetched HTML,SOURCE_CONFIG_OR_SELECTOR_MISMATCH,expanded_notice_url_pattern; cleared selector_miss list_item_selector; preferred university_slug; jf_viewArtcl script URL helper; retry crawl,notice_url_pattern;list_item_selector(optional),deriveUniversitySlug;tune DO_DETAIL_URL_PATTERN;jf_viewArtcl;DEFAULT_NOTICE_URL_PATTERN,ok,LIST_SELECTOR_ZERO_MATCHES,false,empty_observed,empty_observed,0,0,0,skipped,skipped,skipped,not_evaluated,blocked,false,list_selector_mismatch,retune_list_item_selector_against_live_html
ou_2021_univ_001,국립강릉원주대학교 장학공지,https://gwnu.ac.kr/kr/7899/subview.do,empty_observed,empty_observed,0,0,onclick_event_url_required,high,List selector matched rows but notice URLs failed pattern/event resolution,STATIC_HTML_EVENT_URL,expanded_notice_url_pattern; cleared selector_miss list_item_selector; preferred university_slug; jf_viewArtcl script URL helper; retry crawl,notice_url_pattern;list_item_selector(optional),deriveUniversitySlug;tune DO_DETAIL_URL_PATTERN;jf_viewArtcl;DEFAULT_NOTICE_URL_PATTERN,ok,URL_RESOLUTION_FAILED,success_zero,success,success,0,0,0,skipped,failed,skipped,not_evaluated,blocked,false,zero_observed_needs_empty_board_confirmation,confirm_empty_board_vs_date_filter_with_CRAWL_ALLOW_UNDATED
ou_2026_univ_001,국립경국대학교 장학공지,https://www.gknu.ac.kr/main/board/index.do?manage_idx=1&menu_idx=333&search.category1=107,success,success,10,10,valid_zero_recent_posts,confirmed,Recovered or originally successful with list items,STATIC_HTML_EVENT_URL|STATIC_HTML_HREF,none,,,,DETAIL_IDENTITY_UNVERIFIED,false,success,success,10,10,10,success,success,success,not_evaluated,ready,true,,ingest_candidates_dry_run_then_admin_review
ou_2032_univ_001,국립공주대학교 장학공지,https://homepage.kongju.ac.kr/KNU/16909/subview.do,empty_observed,empty_observed,0,0,onclick_event_url_required,high,List selector matched rows but notice URLs failed pattern/event resolution,SERVER_RENDERED_WITH_PAGINATION|STATIC_HTML_EVENT_URL,expanded_notice_url_pattern; cleared selector_miss list_item_selector; preferred university_slug; jf_viewArtcl script URL helper; retry crawl,notice_url_pattern;list_item_selector(optional),deriveUniversitySlug;tune DO_DETAIL_URL_PATTERN;jf_viewArtcl;DEFAULT_NOTICE_URL_PATTERN,ok,URL_RESOLUTION_FAILED,success_zero,success,success,0,0,0,skipped,failed,skipped,not_evaluated,blocked,false,zero_observed_needs_empty_board_confirmation,confirm_empty_board_vs_date_filter_with_CRAWL_ALLOW_UNDATED
ou_2046_univ_001,국립군산대학교 장학공지,https://www.kunsan.ac.kr/board/list.kunsan?boardId=BBS_0000009,success,success,7,0,valid_zero_recent_posts,confirmed,Recovered or originally successful with list items,STATIC_HTML_EVENT_URL|STATIC_HTML_HREF,none,,,,DETAIL_CONTENT_EMPTY_OR_BOILERPLATE,false,success,success,7,0,0,success,success,warning,not_evaluated,blocked,false,no_keyword_match_in_lookback,manual_review_with_saved_html_evidence
ou_2051_univ_001,국립금오공과대학교 장학공지,https://www.kumoh.ac.kr/ko/sub06_01_01_01.do,success,success,5,5,valid_zero_recent_posts,confirmed,Recovered or originally successful with list items,STATIC_HTML_HREF,none,,,,DETAIL_IDENTITY_UNVERIFIED,false,success,success,5,5,5,success,success,success,not_evaluated,ready,true,,ingest_candidates_dry_run_then_admin_review
ou_2056_univ_001,국립목포대학교 장학공지,https://scholarship.mokpo.ac.kr/scholarship/6366/subview.do,empty_observed,empty_observed,0,0,onclick_event_url_required,confirmed,List rows resolved after expanding notice_url_pattern to include artclView.do / event URL IDs,STATIC_HTML_EVENT_URL,expanded_notice_url_pattern; cleared selector_miss list_item_selector; preferred university_slug; jf_viewArtcl script URL helper; retry crawl,notice_url_pattern;list_item_selector(optional),deriveUniversitySlug;tune DO_DETAIL_URL_PATTERN;jf_viewArtcl;DEFAULT_NOTICE_URL_PATTERN,ok,URL_RESOLUTION_FAILED,true,success,success,10,10,10,skipped,failed,skipped,not_evaluated,ready,true,,ingest_candidates_dry_run_then_admin_review
ou_2062_univ_001,국립목포해양대학교 장학공지,https://www.mmu.ac.kr/main/board/303,network_error,network_error,0,0,network_dns_or_tls_failure,medium,Network/fetch failure bucket=network_error primary=UNKNOWN_NEEDS_MANUAL_REVIEW,UNKNOWN_NEEDS_MANUAL_REVIEW,expanded_notice_url_pattern; cleared selector_miss list_item_selector; preferred university_slug; jf_viewArtcl script URL helper; retry crawl,notice_url_pattern;list_item_selector(optional),deriveUniversitySlug;tune DO_DETAIL_URL_PATTERN;jf_viewArtcl;DEFAULT_NOTICE_URL_PATTERN,fetch_error,UNKNOWN_NEEDS_MANUAL_REVIEW,false,network_error,network_error,0,0,0,skipped,not_observed,skipped,not_evaluated,blocked,false,network_dns_or_tls_failure,manual_browser_access_check_then_transport_policy_if_allowed
ou_2065_univ_001,국립부경대학교 장학공지,https://www.pknu.ac.kr/main/163?cd=10004,success,success,0,0,valid_empty_board,low,Success with 0 observed items — needs empty-board vs filter confirmation,SERVER_RENDERED_WITH_PAGINATION|STATIC_HTML_EVENT_URL|STATIC_HTML_HREF,expanded_notice_url_pattern; cleared selector_miss list_item_selector; preferred university_slug; jf_viewArtcl script URL helper; retry crawl,notice_url_pattern;list_item_selector(optional),deriveUniversitySlug;tune DO_DETAIL_URL_PATTERN;jf_viewArtcl;DEFAULT_NOTICE_URL_PATTERN,fallback_scan,ADAPTER_REQUIRED,false,success,success,0,0,0,success,success,success,not_evaluated,blocked,false,zero_observed_needs_empty_board_confirmation,confirm_empty_board_vs_date_filter_with_CRAWL_ALLOW_UNDATED
ou_2074_univ_001,국립순천대학교 장학공지,https://www.scnu.ac.kr/SCNU/na/ntt/selectNttList.do?bbsId=4487&mi=8690,empty_observed,empty_observed,0,0,onclick_event_url_required,high,List selector matched rows but notice URLs failed pattern/event resolution,SERVER_RENDERED_WITH_PAGINATION|STATIC_HTML_EVENT_URL,expanded_notice_url_pattern; cleared selector_miss list_item_selector; preferred university_slug; jf_viewArtcl script URL helper; retry crawl,notice_url_pattern;list_item_selector(optional),deriveUniversitySlug;tune DO_DETAIL_URL_PATTERN;jf_viewArtcl;DEFAULT_NOTICE_URL_PATTERN,ok,URL_RESOLUTION_FAILED,false,empty_observed,empty_observed,0,0,0,skipped,failed,skipped,not_evaluated,blocked,false,onclick_event_url_required,capture_onclick_payload_and_extend_generic_url_builder
ou_2081_univ_001,국립창원대학교 장학공지,https://www.changwon.ac.kr/haksa/na/ntt/selectNttList.do?bbsId=5849&mi=15814,empty_observed,empty_observed,0,0,detail_url_resolution_failed,high,List rows found but detail URL could not be extracted,SERVER_RENDERED_WITH_PAGINATION|STATIC_HTML_EVENT_URL,expanded_notice_url_pattern; cleared selector_miss list_item_selector; preferred university_slug; jf_viewArtcl script URL helper; retry crawl,notice_url_pattern;list_item_selector(optional),deriveUniversitySlug;tune DO_DETAIL_URL_PATTERN;jf_viewArtcl;DEFAULT_NOTICE_URL_PATTERN,link_extract_fail,MANUAL_BROWSER_NETWORK_REQUIRED,false,empty_observed,empty_observed,0,0,0,skipped,failed,skipped,not_evaluated,blocked,false,detail_url_resolution_failed,capture_onclick_payload_and_extend_generic_url_builder
ou_2091_univ_001,국립한국교통대학교 장학공지,https://www.ut.ac.kr/cop/bbs/BBSMSTR_000000000060/selectBoardList.do,empty_observed,empty_observed,0,0,onclick_event_url_required,confirmed,List rows resolved after expanding notice_url_pattern to include artclView.do / event URL IDs,SERVER_RENDERED_WITH_PAGINATION|STATIC_HTML_EVENT_URL,expanded_notice_url_pattern; cleared selector_miss list_item_selector; preferred university_slug; jf_viewArtcl script URL helper; retry crawl,notice_url_pattern;list_item_selector(optional),deriveUniversitySlug;tune DO_DETAIL_URL_PATTERN;jf_viewArtcl;DEFAULT_NOTICE_URL_PATTERN,ok,URL_RESOLUTION_FAILED,true,success,success,1,1,1,skipped,failed,skipped,not_evaluated,ready,true,,ingest_candidates_dry_run_then_admin_review
ou_2097_univ_001,국립한국해양대학교 장학공지,https://www.kmou.ac.kr/kmou/na/ntt/selectNttList.do?mi=5691&bbsId=1041,http_error,http_error,0,0,http_forbidden,high,Fetch/access failure: http_error/UNKNOWN_NEEDS_MANUAL_REVIEW,UNKNOWN_NEEDS_MANUAL_REVIEW,expanded_notice_url_pattern; cleared selector_miss list_item_selector; preferred university_slug; jf_viewArtcl script URL helper; retry crawl,notice_url_pattern;list_item_selector(optional),deriveUniversitySlug;tune DO_DETAIL_URL_PATTERN;jf_viewArtcl;DEFAULT_NOTICE_URL_PATTERN,fetch_error,UNKNOWN_NEEDS_MANUAL_REVIEW,false,http_error,http_error,0,0,0,skipped,not_observed,skipped,not_evaluated,blocked,false,http_forbidden,manual_browser_access_check_then_transport_policy_if_allowed
ou_2106_univ_001,국립한밭대학교 장학공지,https://www.hanbat.ac.kr/bbs/BBSMSTR_000000001261/list.do,empty_observed,empty_observed,0,0,onclick_event_url_required,high,List selector matched rows but notice URLs failed pattern/event resolution,SERVER_RENDERED_WITH_PAGINATION|STATIC_HTML_EVENT_URL,expanded_notice_url_pattern; cleared selector_miss list_item_selector; preferred university_slug; jf_viewArtcl script URL helper; retry crawl,notice_url_pattern;list_item_selector(optional),deriveUniversitySlug;tune DO_DETAIL_URL_PATTERN;jf_viewArtcl;DEFAULT_NOTICE_URL_PATTERN,link_extract_fail,URL_RESOLUTION_FAILED,false,empty_observed,empty_observed,0,0,0,skipped,failed,skipped,not_evaluated,blocked,false,onclick_event_url_required,capture_onclick_payload_and_extend_generic_url_builder
ou_2112_univ_001,국민대학교 장학공지,https://www.kookmin.ac.kr/user/kmuNews/notice/7/index.do,empty_observed,empty_observed,0,0,onclick_event_url_required,high,List selector matched rows but notice URLs failed pattern/event resolution,STATIC_HTML_EVENT_URL,expanded_notice_url_pattern; cleared selector_miss list_item_selector; preferred university_slug; jf_viewArtcl script URL helper; retry crawl,notice_url_pattern;list_item_selector(optional),deriveUniversitySlug;tune DO_DETAIL_URL_PATTERN;jf_viewArtcl;DEFAULT_NOTICE_URL_PATTERN,link_extract_fail,URL_RESOLUTION_FAILED,false,empty_observed,empty_observed,0,0,0,skipped,failed,skipped,not_evaluated,blocked,false,onclick_event_url_required,capture_onclick_payload_and_extend_generic_url_builder
ou_2138_univ_001,극동대학교 장학공지,https://www.kdu.ac.kr/home/sub.do?mncd=179&mode=list,success,success,10,10,valid_zero_recent_posts,confirmed,Recovered or originally successful with list items,SERVER_RENDERED_WITH_PAGINATION|STATIC_HTML_EVENT_URL|STATIC_HTML_HREF,none,,,,PAGINATION_UNVERIFIED,false,success,success,10,10,10,success,success,success,not_evaluated,ready,true,,ingest_candidates_dry_run_then_admin_review
ou_2146_univ_001,금강대학교 장학공지,https://www.ggu.ac.kr/sub01080108,success,success,2,0,valid_zero_recent_posts,confirmed,Recovered or originally successful with list items,SERVER_RENDERED_WITH_PAGINATION|STATIC_HTML_EVENT_URL|STATIC_HTML_HREF,none,,,,FILTERED_OUT_BY_DATE,false,success,success,2,0,0,success,success,success,not_evaluated,blocked,false,no_keyword_match_in_lookback,manual_review_with_saved_html_evidence
ou_2149_univ_001,김천대학교 장학공지,https://www.kcu.ac.kr/kcua/boardList?menuCode=BC0703,network_error,network_error,0,0,network_dns_or_tls_failure,high,TLS/certificate exception indicated by access profile,TLS_OR_CERTIFICATE_EXCEPTION,expanded_notice_url_pattern; cleared selector_miss list_item_selector; preferred university_slug; jf_viewArtcl script URL helper; retry crawl,notice_url_pattern;list_item_selector(optional),deriveUniversitySlug;tune DO_DETAIL_URL_PATTERN;jf_viewArtcl;DEFAULT_NOTICE_URL_PATTERN,fetch_error,UNKNOWN_NEEDS_MANUAL_REVIEW,false,network_error,network_error,0,0,0,skipped,not_observed,skipped,not_evaluated,blocked,false,network_dns_or_tls_failure,manual_browser_access_check_then_transport_policy_if_allowed
ou_2155_univ_001,나사렛대학교 장학공지,https://kornu.ac.kr/mbs/kornukr/jsp/board/list.jsp?boardId=18&id=kornukr_080104000000,partial,partial,6,0,valid_zero_recent_posts,confirmed,Recovered or originally successful with list items,DETAIL_PAGE_UNREACHABLE|SERVER_RENDERED_WITH_PAGINATION|STATIC_HTML_EVENT_URL|STATIC_HTML_HREF,expanded_notice_url_pattern; cleared selector_miss list_item_selector; preferred university_slug; jf_viewArtcl script URL helper; retry crawl,notice_url_pattern;list_item_selector(optional),deriveUniversitySlug;tune DO_DETAIL_URL_PATTERN;jf_viewArtcl;DEFAULT_NOTICE_URL_PATTERN,fallback_scan,DETAIL_FETCH_FAILED,true,success,success,6,0,0,warning,warning,success,not_evaluated,blocked,false,no_keyword_match_in_lookback,manual_review_with_saved_html_evidence
ou_2163_univ_001,남부대학교 장학공지,https://www.nambu.ac.kr/board/NAMBU_BOARD_0016/boardList.do?menuCd=KR006006004,empty_observed,empty_observed,0,0,onclick_event_url_required,high,List selector matched rows but notice URLs failed pattern/event resolution,SERVER_RENDERED_WITH_PAGINATION|STATIC_HTML_EVENT_URL,expanded_notice_url_pattern; cleared selector_miss list_item_selector; preferred university_slug; jf_viewArtcl script URL helper; retry crawl,notice_url_pattern;list_item_selector(optional),deriveUniversitySlug;tune DO_DETAIL_URL_PATTERN;jf_viewArtcl;DEFAULT_NOTICE_URL_PATTERN,link_extract_fail,URL_RESOLUTION_FAILED,false,empty_observed,empty_observed,0,0,0,skipped,failed,skipped,not_evaluated,blocked,false,onclick_event_url_required,capture_onclick_payload_and_extend_generic_url_builder
ou_2173_univ_001,남서울대학교 장학공지,https://www.nsu.ac.kr/?m1=page&menu_id=134,empty_observed,empty_observed,0,0,unknown_requires_manual_review,low,Unresolved: initial=empty_observed final=empty_observed diag=fallback_scan primary=UNKNOWN_NEEDS_MANUAL_REVIEW,UNKNOWN_NEEDS_MANUAL_REVIEW,expanded_notice_url_pattern; cleared selector_miss list_item_selector; preferred university_slug; jf_viewArtcl script URL helper; retry crawl,notice_url_pattern;list_item_selector(optional),deriveUniversitySlug;tune DO_DETAIL_URL_PATTERN;jf_viewArtcl;DEFAULT_NOTICE_URL_PATTERN,fallback_scan,UNKNOWN_NEEDS_MANUAL_REVIEW,false,empty_observed,empty_observed,0,0,0,skipped,skipped,skipped,not_evaluated,blocked,false,unknown_requires_manual_review,manual_review_with_saved_html_evidence
ou_2195_univ_001,대구가톨릭대학교 장학공지,https://www.cu.ac.kr/plaza/notice/scholarship,success,success,17,0,valid_zero_recent_posts,confirmed,Recovered or originally successful with list items,STATIC_HTML_EVENT_URL|STATIC_HTML_HREF,none,,,,DETAIL_CONTENT_EMPTY_OR_BOILERPLATE,false,success,success,17,0,0,success,success,warning,not_evaluated,blocked,false,no_keyword_match_in_lookback,manual_review_with_saved_html_evidence
ou_2214_univ_001,대구교육대학교 장학공지,https://www.dnue.ac.kr/kor/CMS/Board/Board.do?mCode=MN169,success,success,10,10,valid_zero_recent_posts,confirmed,Recovered or originally successful with list items,SERVER_RENDERED_WITH_PAGINATION|STATIC_HTML_HREF,none,,,,DETAIL_IDENTITY_UNVERIFIED,false,success,success,10,10,10,success,success,success,not_evaluated,ready,true,,ingest_candidates_dry_run_then_admin_review
ou_2228_univ_001,대구예술대학교 장학공지,https://www.dgau.ac.kr/notice_sch,success,success,0,0,valid_empty_board,low,Success with 0 observed items — needs empty-board vs filter confirmation,SERVER_RENDERED_WITH_PAGINATION|STATIC_HTML_EVENT_URL|STATIC_HTML_HREF,expanded_notice_url_pattern; cleared selector_miss list_item_selector; preferred university_slug; jf_viewArtcl script URL helper; retry crawl,notice_url_pattern;list_item_selector(optional),deriveUniversitySlug;tune DO_DETAIL_URL_PATTERN;jf_viewArtcl;DEFAULT_NOTICE_URL_PATTERN,fallback_scan,DETAIL_URL_UNVERIFIED,false,success,success,0,0,0,success,success,success,not_evaluated,blocked,false,zero_observed_needs_empty_board_confirmation,confirm_empty_board_vs_date_filter_with_CRAWL_ALLOW_UNDATED
ou_2229_univ_001,대구한의대학교 장학공지,https://www.dhu.ac.kr/pages/sub.htm?nav_code=dhu1574335885,success,success,6,0,valid_zero_recent_posts,confirmed,Recovered or originally successful with list items,STATIC_HTML_EVENT_URL|STATIC_HTML_HREF,none,,,,FILTERED_OUT_BY_DATE,false,success,success,6,0,0,success,success,success,not_evaluated,blocked,false,no_keyword_match_in_lookback,manual_review_with_saved_html_evidence
ou_2238_univ_001,대신대학교 장학공지,https://www.daeshin.ac.kr/html/05_community/01.php,network_error,network_error,0,0,network_dns_or_tls_failure,high,TLS/certificate exception indicated by access profile,TLS_OR_CERTIFICATE_EXCEPTION,expanded_notice_url_pattern; cleared selector_miss list_item_selector; preferred university_slug; jf_viewArtcl script URL helper; retry crawl,notice_url_pattern;list_item_selector(optional),deriveUniversitySlug;tune DO_DETAIL_URL_PATTERN;jf_viewArtcl;DEFAULT_NOTICE_URL_PATTERN,fetch_error,UNKNOWN_NEEDS_MANUAL_REVIEW,false,network_error,network_error,0,0,0,skipped,not_observed,skipped,not_evaluated,blocked,false,network_dns_or_tls_failure,manual_browser_access_check_then_transport_policy_if_allowed
ou_2243_univ_001,대전가톨릭대학교 장학공지,https://www.dcatholic.ac.kr/bbs/board.php?bo_table=notice,success,success,3,0,valid_zero_recent_posts,confirmed,Recovered or originally successful with list items,SERVER_RENDERED_WITH_PAGINATION|STATIC_HTML_HREF,none,,,,FILTERED_OUT_BY_DATE,false,success,success,3,0,0,success,success,success,not_evaluated,blocked,false,no_keyword_match_in_lookback,manual_review_with_saved_html_evidence
ou_2246_univ_001,대전대학교 장학공지,https://www.dju.ac.kr/dju/na/ntt/selectNttList.do?bbsId=1853&mi=3957,empty_observed,empty_observed,0,0,onclick_event_url_required,high,List selector matched rows but notice URLs failed pattern/event resolution,SERVER_RENDERED_WITH_PAGINATION|STATIC_HTML_EVENT_URL,expanded_notice_url_pattern; cleared selector_miss list_item_selector; preferred university_slug; jf_viewArtcl script URL helper; retry crawl,notice_url_pattern;list_item_selector(optional),deriveUniversitySlug;tune DO_DETAIL_URL_PATTERN;jf_viewArtcl;DEFAULT_NOTICE_URL_PATTERN,link_extract_fail,URL_RESOLUTION_FAILED,false,empty_observed,empty_observed,0,0,0,skipped,failed,skipped,not_evaluated,blocked,false,onclick_event_url_required,capture_onclick_payload_and_extend_generic_url_builder
ou_2254_univ_001,대전신학대학교 장학공지,https://www.daejeon.ac.kr/bbs/board.php?bo_table=N01_04,success,success,1,0,valid_zero_recent_posts,confirmed,Recovered or originally successful with list items,SERVER_RENDERED_WITH_PAGINATION|STATIC_HTML_HREF,none,,,,DETAIL_IDENTITY_UNVERIFIED,false,success,success,1,0,0,success,success,success,not_evaluated,blocked,false,no_keyword_match_in_lookback,manual_review_with_saved_html_evidence
ou_2257_univ_001,대진대학교 장학공지,https://www.daejin.ac.kr/daejin/1004/subview.do,network_error,transport_redirect_limit,0,0,redirect_loop,high,Transport redirect limit or loop,UNKNOWN_NEEDS_MANUAL_REVIEW,expanded_notice_url_pattern; cleared selector_miss list_item_selector; preferred university_slug; jf_viewArtcl script URL helper; retry crawl,notice_url_pattern;list_item_selector(optional),deriveUniversitySlug;tune DO_DETAIL_URL_PATTERN;jf_viewArtcl;DEFAULT_NOTICE_URL_PATTERN,fetch_error,UNKNOWN_NEEDS_MANUAL_REVIEW,false,network_error,transport_redirect_limit,0,0,0,skipped,not_observed,skipped,not_evaluated,blocked,false,redirect_loop,manual_review_with_saved_html_evidence
ou_2266_univ_001,덕성여자대학교 장학공지,https://www.duksung.ac.kr/bbs/board.do?bsIdx=36&menuId=1059,empty_observed,empty_observed,0,0,list_selector_mismatch,confirmed,Configured list_item_selector matched 0 rows on fetched HTML,SERVER_RENDERED_WITH_PAGINATION|SOURCE_CONFIG_OR_SELECTOR_MISMATCH|STATIC_HTML_EVENT_URL,expanded_notice_url_pattern; cleared selector_miss list_item_selector; preferred university_slug; jf_viewArtcl script URL helper; retry crawl,notice_url_pattern;list_item_selector(optional),deriveUniversitySlug;tune DO_DETAIL_URL_PATTERN;jf_viewArtcl;DEFAULT_NOTICE_URL_PATTERN,selector_miss,LIST_SELECTOR_ZERO_MATCHES,false,empty_observed,empty_observed,0,0,0,skipped,skipped,skipped,not_evaluated,blocked,false,list_selector_mismatch,retune_list_item_selector_against_live_html
ou_12_univ_001,동국대학교 장학공지,https://scholarship.dongguk.edu/article/notice/list,empty_observed,empty_observed,0,0,onclick_event_url_required,high,List selector matched rows but notice URLs failed pattern/event resolution,SERVER_RENDERED_WITH_PAGINATION|STATIC_HTML_EVENT_URL,expanded_notice_url_pattern; cleared selector_miss list_item_selector; preferred university_slug; jf_viewArtcl script URL helper; retry crawl,notice_url_pattern;list_item_selector(optional),deriveUniversitySlug;tune DO_DETAIL_URL_PATTERN;jf_viewArtcl;DEFAULT_NOTICE_URL_PATTERN,ok,URL_RESOLUTION_FAILED,false,empty_observed,empty_observed,0,0,0,skipped,failed,skipped,not_evaluated,blocked,false,onclick_event_url_required,capture_onclick_payload_and_extend_generic_url_builder
ou_2285_univ_001,동국대학교(WISE) 장학공지,https://wise.dongguk.ac.kr/article/servicenotice/list,empty_observed,empty_observed,0,0,list_selector_mismatch,confirmed,Configured list_item_selector matched 0 rows on fetched HTML,SERVER_RENDERED_WITH_PAGINATION|SOURCE_CONFIG_OR_SELECTOR_MISMATCH|STATIC_HTML_EVENT_URL,expanded_notice_url_pattern; cleared selector_miss list_item_selector; preferred university_slug; jf_viewArtcl script URL helper; retry crawl,notice_url_pattern;list_item_selector(optional),deriveUniversitySlug;tune DO_DETAIL_URL_PATTERN;jf_viewArtcl;DEFAULT_NOTICE_URL_PATTERN,selector_miss,LIST_SELECTOR_ZERO_MATCHES,success_zero,success,success,0,0,0,skipped,skipped,skipped,not_evaluated,blocked,false,zero_observed_needs_empty_board_confirmation,confirm_empty_board_vs_date_filter_with_CRAWL_ALLOW_UNDATED
ou_2292_univ_001,동덕여자대학교 장학공지,https://www.dongduk.ac.kr/www/contents/kor-noti.do?gotoMenuNo=kor-noti,empty_observed,empty_observed,0,0,list_selector_mismatch,confirmed,Configured list_item_selector matched 0 rows on fetched HTML,SERVER_RENDERED_WITH_PAGINATION|SOURCE_CONFIG_OR_SELECTOR_MISMATCH|STATIC_HTML_EVENT_URL,expanded_notice_url_pattern; cleared selector_miss list_item_selector; preferred university_slug; jf_viewArtcl script URL helper; retry crawl,notice_url_pattern;list_item_selector(optional),deriveUniversitySlug;tune DO_DETAIL_URL_PATTERN;jf_viewArtcl;DEFAULT_NOTICE_URL_PATTERN,selector_miss,LIST_SELECTOR_ZERO_MATCHES,false,empty_observed,empty_observed,0,0,0,skipped,skipped,skipped,not_evaluated,blocked,false,list_selector_mismatch,retune_list_item_selector_against_live_html
ou_2304_univ_001,동명대학교 장학공지,https://www.tu.ac.kr/tuhome/sub07_01_03.do,success,success,9,9,valid_zero_recent_posts,confirmed,Recovered or originally successful with list items,STATIC_HTML_EVENT_URL|STATIC_HTML_HREF,none,,,,DETAIL_IDENTITY_UNVERIFIED,false,success,success,9,9,9,success,success,success,not_evaluated,ready,true,,ingest_candidates_dry_run_then_admin_review
ou_2309_univ_001,동서대학교 장학공지,https://www.dongseo.ac.kr/kr/?pCode=MN2000195,success,success,23,23,valid_zero_recent_posts,confirmed,Recovered or originally successful with list items,STATIC_HTML_EVENT_URL|STATIC_HTML_HREF,none,,,,DETAIL_IDENTITY_UNVERIFIED,false,success,success,23,23,23,success,success,success,not_evaluated,ready,true,,ingest_candidates_dry_run_then_admin_review
ou_2315_univ_001,동신대학교 장학공지,https://www.dsu.ac.kr/kr/?pCode=notischlr,success,success,10,0,valid_zero_recent_posts,confirmed,Recovered or originally successful with list items,STATIC_HTML_EVENT_URL|STATIC_HTML_HREF,none,,,,DETAIL_IDENTITY_UNVERIFIED,false,success,success,10,0,0,success,success,success,not_evaluated,blocked,false,no_keyword_match_in_lookback,manual_review_with_saved_html_evidence
ou_2319_univ_001,동아대학교 장학공지,https://www.donga.ac.kr/kor/CMS/Board/Board.do?mCode=MN172,success,success,14,14,valid_zero_recent_posts,confirmed,Recovered or originally successful with list items,SERVER_RENDERED_WITH_PAGINATION|STATIC_HTML_EVENT_URL|STATIC_HTML_HREF,none,,,,DETAIL_IDENTITY_UNVERIFIED,false,success,success,14,14,14,success,success,success,not_evaluated,ready,true,,ingest_candidates_dry_run_then_admin_review
ou_2335_univ_001,동양대학교 장학공지,https://www.dyu.ac.kr/plaza/news/encourage-inform/,success,success,0,0,valid_empty_board,low,Success with 0 observed items — needs empty-board vs filter confirmation,STATIC_HTML_EVENT_URL|STATIC_HTML_HREF,expanded_notice_url_pattern; cleared selector_miss list_item_selector; preferred university_slug; jf_viewArtcl script URL helper; retry crawl,notice_url_pattern;list_item_selector(optional),deriveUniversitySlug;tune DO_DETAIL_URL_PATTERN;jf_viewArtcl;DEFAULT_NOTICE_URL_PATTERN,fallback_scan,DETAIL_URL_UNVERIFIED,false,success,success,0,0,0,success,success,success,not_evaluated,blocked,false,zero_observed_needs_empty_board_confirmation,confirm_empty_board_vs_date_filter_with_CRAWL_ALLOW_UNDATED
ou_2343_univ_001,동의대학교 장학공지,https://www.deu.ac.kr/www/deu-scholarship.do,success,success,12,12,valid_zero_recent_posts,confirmed,Recovered or originally successful with list items,STATIC_HTML_EVENT_URL|STATIC_HTML_HREF,none,,,,DETAIL_IDENTITY_UNVERIFIED,false,success,success,12,12,12,success,success,success,not_evaluated,ready,true,,ingest_candidates_dry_run_then_admin_review
ou_2355_univ_001,루터대학교 장학공지,http://english.ltu.ac.kr/Board/bbs.list.php?bid=Notice,timeout,attempt_timeout,0,0,timeout,confirmed,Source attempt timed out,UNKNOWN_NEEDS_MANUAL_REVIEW,expanded_notice_url_pattern; cleared selector_miss list_item_selector; preferred university_slug; jf_viewArtcl script URL helper; retry crawl,notice_url_pattern;list_item_selector(optional),deriveUniversitySlug;tune DO_DETAIL_URL_PATTERN;jf_viewArtcl;DEFAULT_NOTICE_URL_PATTERN,fetch_error,UNKNOWN_NEEDS_MANUAL_REVIEW,false,timeout,attempt_timeout,0,0,0,skipped,not_observed,skipped,not_evaluated,blocked,false,timeout,manual_browser_access_check_then_transport_policy_if_allowed
ou_2358_univ_001,명지대학교 장학공지,https://www.mju.ac.kr/mjukr/259/subview.do,empty_observed,empty_observed,0,0,onclick_event_url_required,confirmed,List rows resolved after expanding notice_url_pattern to include artclView.do / event URL IDs,STATIC_HTML_EVENT_URL,expanded_notice_url_pattern; cleared selector_miss list_item_selector; preferred university_slug; jf_viewArtcl script URL helper; retry crawl,notice_url_pattern;list_item_selector(optional),deriveUniversitySlug;tune DO_DETAIL_URL_PATTERN;jf_viewArtcl;DEFAULT_NOTICE_URL_PATTERN,ok,URL_RESOLUTION_FAILED,true,success,success,9,9,9,skipped,failed,skipped,not_evaluated,ready,true,,ingest_candidates_dry_run_then_admin_review
ou_2371_univ_001,목원대학교 장학공지,https://www.mokwon.ac.kr/kr/html/sub06/0603.html,success,success,7,0,valid_zero_recent_posts,confirmed,Recovered or originally successful with list items,SERVER_RENDERED_WITH_PAGINATION|STATIC_HTML_EVENT_URL|STATIC_HTML_HREF,none,,,,DETAIL_IDENTITY_UNVERIFIED,false,success,success,7,0,0,success,success,success,not_evaluated,blocked,false,no_keyword_match_in_lookback,manual_review_with_saved_html_evidence
ou_2376_univ_001,목포가톨릭대학교 장학공지,https://www.mcu.ac.kr/co/contentsView.php?pageID=mcu0708000000,success,success,0,0,valid_empty_board,low,Success with 0 observed items — needs empty-board vs filter confirmation,STATIC_HTML_HREF,expanded_notice_url_pattern; cleared selector_miss list_item_selector; preferred university_slug; jf_viewArtcl script URL helper; retry crawl,notice_url_pattern;list_item_selector(optional),deriveUniversitySlug;tune DO_DETAIL_URL_PATTERN;jf_viewArtcl;DEFAULT_NOTICE_URL_PATTERN,fallback_scan,DETAIL_CONTENT_EMPTY_OR_BOILERPLATE,false,success,success,0,0,0,success,success,failed,not_evaluated,blocked,false,zero_observed_needs_empty_board_confirmation,confirm_empty_board_vs_date_filter_with_CRAWL_ALLOW_UNDATED
ou_2379_univ_001,배재대학교 장학공지,https://www.pcu.ac.kr/kor/article/scholarship,success,success,0,0,valid_empty_board,low,Success with 0 observed items — needs empty-board vs filter confirmation,SERVER_RENDERED_WITH_PAGINATION|STATIC_HTML_EVENT_URL|STATIC_HTML_HREF,expanded_notice_url_pattern; cleared selector_miss list_item_selector; preferred university_slug; jf_viewArtcl script URL helper; retry crawl,notice_url_pattern;list_item_selector(optional),deriveUniversitySlug;tune DO_DETAIL_URL_PATTERN;jf_viewArtcl;DEFAULT_NOTICE_URL_PATTERN,fallback_scan,DETAIL_URL_UNVERIFIED,false,success,success,0,0,0,success,warning,success,not_evaluated,blocked,false,zero_observed_needs_empty_board_confirmation,confirm_empty_board_vs_date_filter_with_CRAWL_ALLOW_UNDATED
ou_2389_univ_001,백석대학교 장학공지,https://www.bu.ac.kr/web/6559/subview.do,empty_observed,empty_observed,0,0,onclick_event_url_required,confirmed,List rows resolved after expanding notice_url_pattern to include artclView.do / event URL IDs,STATIC_HTML_EVENT_URL,expanded_notice_url_pattern; cleared selector_miss list_item_selector; preferred university_slug; jf_viewArtcl script URL helper; retry crawl,notice_url_pattern;list_item_selector(optional),deriveUniversitySlug;tune DO_DETAIL_URL_PATTERN;jf_viewArtcl;DEFAULT_NOTICE_URL_PATTERN,ok,URL_RESOLUTION_FAILED,true,success,success,6,6,6,skipped,failed,skipped,not_evaluated,ready,true,,ingest_candidates_dry_run_then_admin_review
ou_2401_univ_001,부산가톨릭대학교 장학공지,https://www.cup.ac.kr/entrance/home/front/board/List294.do,empty_observed,empty_observed,0,0,detail_url_resolution_failed,high,List rows found but detail URL could not be extracted,SERVER_RENDERED_WITH_PAGINATION|STATIC_HTML_EVENT_URL,expanded_notice_url_pattern; cleared selector_miss list_item_selector; preferred university_slug; jf_viewArtcl script URL helper; retry crawl,notice_url_pattern;list_item_selector(optional),deriveUniversitySlug;tune DO_DETAIL_URL_PATTERN;jf_viewArtcl;DEFAULT_NOTICE_URL_PATTERN,link_extract_fail,MANUAL_BROWSER_NETWORK_REQUIRED,false,empty_observed,empty_observed,0,0,0,skipped,failed,skipped,not_evaluated,blocked,false,detail_url_resolution_failed,capture_onclick_payload_and_extend_generic_url_builder
ou_2407_univ_001,부산교육대학교 장학공지,https://www.bnue.ac.kr/board/community01_03,success,success,0,0,valid_empty_board,low,Success with 0 observed items — needs empty-board vs filter confirmation,STATIC_HTML_HREF,expanded_notice_url_pattern; cleared selector_miss list_item_selector; preferred university_slug; jf_viewArtcl script URL helper; retry crawl,notice_url_pattern;list_item_selector(optional),deriveUniversitySlug;tune DO_DETAIL_URL_PATTERN;jf_viewArtcl;DEFAULT_NOTICE_URL_PATTERN,fallback_scan,DETAIL_URL_UNVERIFIED,false,success,success,0,0,0,success,success,success,not_evaluated,blocked,false,zero_observed_needs_empty_board_confirmation,confirm_empty_board_vs_date_filter_with_CRAWL_ALLOW_UNDATED
ou_2409_univ_001,부산대학교 장학공지,https://www.pusan.ac.kr/kor/CMS/Board/Board.do?mCode=MN095&mgr_seq=3&mode=list&searchID=title&searchKeyword=%EC%9E%A5%ED%95%99,success,success,9,9,valid_zero_recent_posts,confirmed,Recovered or originally successful with list items,SERVER_RENDERED_WITH_PAGINATION|STATIC_HTML_EVENT_URL|STATIC_HTML_HREF,none,,,,DETAIL_IDENTITY_UNVERIFIED,false,success,success,9,9,9,success,success,success,not_evaluated,ready,true,,ingest_candidates_dry_run_then_admin_review
ou_2433_univ_001,부산외국어대학교 장학공지,https://www.bufs.ac.kr/bbs/board.php?bo_table=notice_sch,success,success,18,0,valid_zero_recent_posts,confirmed,Recovered or originally successful with list items,SERVER_RENDERED_WITH_PAGINATION|STATIC_HTML_HREF,none,,,,DETAIL_CONTENT_EMPTY_OR_BOILERPLATE,false,success,success,18,0,0,success,success,warning,not_evaluated,blocked,false,no_keyword_match_in_lookback,manual_review_with_saved_html_evidence
ou_2439_univ_001,부산장신대학교 장학공지,https://www.bpu.ac.kr/Board/BoardList.aspx?BoardMstNo=26,success,success,0,0,valid_empty_board,low,Success with 0 observed items — needs empty-board vs filter confirmation,STATIC_HTML_EVENT_URL|STATIC_HTML_HREF,expanded_notice_url_pattern; cleared selector_miss list_item_selector; preferred university_slug; jf_viewArtcl script URL helper; retry crawl,notice_url_pattern;list_item_selector(optional),deriveUniversitySlug;tune DO_DETAIL_URL_PATTERN;jf_viewArtcl;DEFAULT_NOTICE_URL_PATTERN,fallback_scan,DETAIL_URL_UNVERIFIED,false,success,success,0,0,0,success,success,success,not_evaluated,blocked,false,zero_observed_needs_empty_board_confirmation,confirm_empty_board_vs_date_filter_with_CRAWL_ALLOW_UNDATED
ou_2451_univ_001,삼육대학교 장학공지,https://www.syu.ac.kr/academic/scholarship-information/scholarship-notice/,success,success,11,0,valid_zero_recent_posts,confirmed,Recovered or originally successful with list items,STATIC_HTML_EVENT_URL|STATIC_HTML_HREF,none,,,,DETAIL_IDENTITY_UNVERIFIED,false,success,success,11,0,0,success,warning,success,not_evaluated,blocked,false,no_keyword_match_in_lookback,manual_review_with_saved_html_evidence
ou_2459_univ_001,상명대학교 장학공지,https://www.smu.ac.kr/kor/life/notice.do,success,success,4,0,valid_zero_recent_posts,confirmed,Recovered or originally successful with list items,STATIC_HTML_HREF,none,,,,DETAIL_IDENTITY_UNVERIFIED,false,success,success,4,0,0,success,success,success,not_evaluated,blocked,false,no_keyword_match_in_lookback,manual_review_with_saved_html_evidence
ou_2468_univ_001,상지대학교 장학공지,https://www.sangji.ac.kr/prog/bbsArticle/BBSMSTR_000000000042/list.do,empty_observed,empty_observed,0,0,onclick_event_url_required,high,List selector matched rows but notice URLs failed pattern/event resolution,SERVER_RENDERED_WITH_PAGINATION|STATIC_HTML_EVENT_URL,expanded_notice_url_pattern; cleared selector_miss list_item_selector; preferred university_slug; jf_viewArtcl script URL helper; retry crawl,notice_url_pattern;list_item_selector(optional),deriveUniversitySlug;tune DO_DETAIL_URL_PATTERN;jf_viewArtcl;DEFAULT_NOTICE_URL_PATTERN,link_extract_fail,URL_RESOLUTION_FAILED,false,empty_observed,empty_observed,0,0,0,skipped,failed,skipped,not_evaluated,blocked,false,onclick_event_url_required,capture_onclick_payload_and_extend_generic_url_builder
ou_4_univ_001,서강대학교 장학공지,https://sogang.ac.kr/ko/scholarship-notice,success,success,0,0,valid_empty_board,low,Success with 0 observed items — needs empty-board vs filter confirmation,STATIC_HTML_HREF,expanded_notice_url_pattern; cleared selector_miss list_item_selector; preferred university_slug; jf_viewArtcl script URL helper; retry crawl,notice_url_pattern;list_item_selector(optional),deriveUniversitySlug;tune DO_DETAIL_URL_PATTERN;jf_viewArtcl;DEFAULT_NOTICE_URL_PATTERN,fallback_scan,DETAIL_URL_UNVERIFIED,false,success,success,0,0,0,success,success,success,not_evaluated,blocked,false,zero_observed_needs_empty_board_confirmation,confirm_empty_board_vs_date_filter_with_CRAWL_ALLOW_UNDATED
ou_2493_univ_001,서경대학교 장학공지,https://www.skuniv.ac.kr/notice,success,success,4,0,valid_zero_recent_posts,confirmed,Recovered or originally successful with list items,STATIC_HTML_HREF,none,,,,DETAIL_IDENTITY_UNVERIFIED,false,success,success,4,0,0,success,success,success,not_evaluated,blocked,false,no_keyword_match_in_lookback,manual_review_with_saved_html_evidence
ou_2503_univ_001,서울과학기술대학교 장학공지,https://www.seoultech.ac.kr/service/info/janghak/,success,success,3,0,valid_zero_recent_posts,confirmed,Recovered or originally successful with list items,SERVER_RENDERED_WITH_PAGINATION|STATIC_HTML_HREF,none,,,,DETAIL_IDENTITY_UNVERIFIED,false,success,success,3,0,0,success,success,success,not_evaluated,blocked,false,no_keyword_match_in_lookback,manual_review_with_saved_html_evidence
ou_2515_univ_001,서울교육대학교 장학공지,https://www.snue.ac.kr/snue/na/ntt/selectNttList.do?bbsId=1083&mi=3004,empty_observed,empty_observed,0,0,onclick_event_url_required,high,List selector matched rows but notice URLs failed pattern/event resolution,STATIC_HTML_EVENT_URL,expanded_notice_url_pattern; cleared selector_miss list_item_selector; preferred university_slug; jf_viewArtcl script URL helper; retry crawl,notice_url_pattern;list_item_selector(optional),deriveUniversitySlug;tune DO_DETAIL_URL_PATTERN;jf_viewArtcl;DEFAULT_NOTICE_URL_PATTERN,link_extract_fail,URL_RESOLUTION_FAILED,false,empty_observed,empty_observed,0,0,0,skipped,failed,skipped,not_evaluated,blocked,false,onclick_event_url_required,capture_onclick_payload_and_extend_generic_url_builder
ou_3_univ_001,서울대학교 장학공지,https://student.snu.ac.kr/%EC%86%8C%EC%8B%9D%C2%B7%EC%95%8C%EB%A6%BC/%EA%B3%B5%EC%A7%80%EC%82%AC%ED%95%AD/?category1=%EC%9D%BC%EB%B0%98%EA%B3%B5%EC%A7%80&mod=list,success,success,1,0,valid_zero_recent_posts,confirmed,Recovered or originally successful with list items,STATIC_HTML_EVENT_URL|STATIC_HTML_HREF,none,,,,DETAIL_IDENTITY_UNVERIFIED,false,success,success,1,0,0,success,success,success,not_evaluated,blocked,false,no_keyword_match_in_lookback,manual_review_with_saved_html_evidence
ou_10_univ_001,서울시립대학교 장학공지,https://scholarship.uos.ac.kr/scholarship/main.do?identified=anonymous,empty_observed,empty_observed,0,0,onclick_event_url_required,high,List selector matched rows but notice URLs failed pattern/event resolution,STATIC_HTML_EVENT_URL,expanded_notice_url_pattern; cleared selector_miss list_item_selector; preferred university_slug; jf_viewArtcl script URL helper; retry crawl,notice_url_pattern;list_item_selector(optional),deriveUniversitySlug;tune DO_DETAIL_URL_PATTERN;jf_viewArtcl;DEFAULT_NOTICE_URL_PATTERN,link_extract_fail,URL_RESOLUTION_FAILED,false,empty_observed,empty_observed,0,0,0,skipped,failed,skipped,not_evaluated,blocked,false,onclick_event_url_required,capture_onclick_payload_and_extend_generic_url_builder
ou_2560_univ_001,서울신학대학교 장학공지,https://www.stu.ac.kr/CmsHome/stu06_03_03.eznic,success,success,1,0,valid_zero_recent_posts,confirmed,Recovered or originally successful with list items,STATIC_HTML_EVENT_URL|STATIC_HTML_HREF,none,,,,ADAPTER_REQUIRED,false,success,success,1,0,0,success,success,success,not_evaluated,blocked,false,no_keyword_match_in_lookback,manual_review_with_saved_html_evidence
ou_2571_univ_001,서울여자대학교 장학공지,https://www.swu.ac.kr/swu/744/subview.do,empty_observed,empty_observed,0,0,onclick_event_url_required,confirmed,List rows resolved after expanding notice_url_pattern to include artclView.do / event URL IDs,STATIC_HTML_EVENT_URL,expanded_notice_url_pattern; cleared selector_miss list_item_selector; preferred university_slug; jf_viewArtcl script URL helper; retry crawl,notice_url_pattern;list_item_selector(optional),deriveUniversitySlug;tune DO_DETAIL_URL_PATTERN;jf_viewArtcl;DEFAULT_NOTICE_URL_PATTERN,ok,URL_RESOLUTION_FAILED,true,success,success,11,11,11,skipped,failed,skipped,not_evaluated,ready,true,,ingest_candidates_dry_run_then_admin_review
ou_2579_univ_001,서울장신대학교 장학공지,https://www.sjs.ac.kr/ht_ml/w_03ed/3010.php,network_error,network_error,0,0,network_dns_or_tls_failure,high,TLS/certificate exception indicated by access profile,TLS_OR_CERTIFICATE_EXCEPTION,expanded_notice_url_pattern; cleared selector_miss list_item_selector; preferred university_slug; jf_viewArtcl script URL helper; retry crawl,notice_url_pattern;list_item_selector(optional),deriveUniversitySlug;tune DO_DETAIL_URL_PATTERN;jf_viewArtcl;DEFAULT_NOTICE_URL_PATTERN,fetch_error,UNKNOWN_NEEDS_MANUAL_REVIEW,false,network_error,network_error,0,0,0,skipped,not_observed,skipped,not_evaluated,blocked,false,network_dns_or_tls_failure,manual_browser_access_check_then_transport_policy_if_allowed
ou_2591_univ_001,서울한영대학교 장학공지,https://www.shyu.ac.kr/fro_end/html/dep_05/5120.php,success,success,15,0,valid_zero_recent_posts,confirmed,Recovered or originally successful with list items,SERVER_RENDERED_WITH_PAGINATION|STATIC_HTML_EVENT_URL|STATIC_HTML_HREF,none,,,,DETAIL_IDENTITY_UNVERIFIED,false,success,success,15,0,0,success,success,success,not_evaluated,blocked,false,no_keyword_match_in_lookback,manual_review_with_saved_html_evidence
ou_2595_univ_001,서원대학교 장학공지,https://www.seowon.ac.kr/seowon/435/subview.do,empty_observed,empty_observed,0,0,onclick_event_url_required,confirmed,List rows resolved after expanding notice_url_pattern to include artclView.do / event URL IDs,STATIC_HTML_EVENT_URL,expanded_notice_url_pattern; cleared selector_miss list_item_selector; preferred university_slug; jf_viewArtcl script URL helper; retry crawl,notice_url_pattern;list_item_selector(optional),deriveUniversitySlug;tune DO_DETAIL_URL_PATTERN;jf_viewArtcl;DEFAULT_NOTICE_URL_PATTERN,ok,URL_RESOLUTION_FAILED,true,success,success,8,8,8,skipped,failed,skipped,not_evaluated,ready,true,,ingest_candidates_dry_run_then_admin_review
ou_2602_univ_001,선문대학교 장학공지,https://lily.sunmoon.ac.kr/Page2/Story/Notice.aspx?ca=003,success,success,9,0,valid_zero_recent_posts,confirmed,Recovered or originally successful with list items,STATIC_HTML_EVENT_URL|STATIC_HTML_HREF,none,,,,DETAIL_IDENTITY_UNVERIFIED,false,success,success,9,0,0,success,success,success,not_evaluated,blocked,false,no_keyword_match_in_lookback,manual_review_with_saved_html_evidence
ou_2616_univ_001,성결대학교 장학공지,https://www.sungkyul.ac.kr/skukr/344/subview.do?mode=list,empty_observed,empty_observed,0,0,onclick_event_url_required,confirmed,List rows resolved after expanding notice_url_pattern to include artclView.do / event URL IDs,STATIC_HTML_EVENT_URL,expanded_notice_url_pattern; cleared selector_miss list_item_selector; preferred university_slug; jf_viewArtcl script URL helper; retry crawl,notice_url_pattern;list_item_selector(optional),deriveUniversitySlug;tune DO_DETAIL_URL_PATTERN;jf_viewArtcl;DEFAULT_NOTICE_URL_PATTERN,ok,URL_RESOLUTION_FAILED,true,success,success,9,9,9,skipped,failed,skipped,not_evaluated,ready,true,,ingest_candidates_dry_run_then_admin_review
ou_2624_univ_001,성공회대학교 장학공지,https://www.skhu.ac.kr/skhu/4197/subview.do?mode=list,empty_observed,empty_observed,0,0,onclick_event_url_required,confirmed,List rows resolved after expanding notice_url_pattern to include artclView.do / event URL IDs,SERVER_RENDERED_WITH_PAGINATION|STATIC_HTML_EVENT_URL,expanded_notice_url_pattern; cleared selector_miss list_item_selector; preferred university_slug; jf_viewArtcl script URL helper; retry crawl,notice_url_pattern;list_item_selector(optional),deriveUniversitySlug;tune DO_DETAIL_URL_PATTERN;jf_viewArtcl;DEFAULT_NOTICE_URL_PATTERN,ok,URL_RESOLUTION_FAILED,true,success,success,7,7,7,skipped,failed,skipped,not_evaluated,ready,true,,ingest_candidates_dry_run_then_admin_review
ou_5_univ_001,성균관대학교 장학공지,https://www.skku.edu/skku/campus/skk_comm/notice06.do,empty_observed,empty_observed,0,0,list_selector_mismatch,confirmed,Configured list_item_selector matched 0 rows on fetched HTML,SERVER_RENDERED_WITH_PAGINATION|SOURCE_CONFIG_OR_SELECTOR_MISMATCH|STATIC_HTML_EVENT_URL,expanded_notice_url_pattern; cleared selector_miss list_item_selector; preferred university_slug; jf_viewArtcl script URL helper; retry crawl,notice_url_pattern;list_item_selector(optional),deriveUniversitySlug;tune DO_DETAIL_URL_PATTERN;jf_viewArtcl;DEFAULT_NOTICE_URL_PATTERN,selector_miss,LIST_SELECTOR_ZERO_MATCHES,true,success,success,8,1,1,skipped,skipped,skipped,not_evaluated,ready,true,,ingest_candidates_dry_run_then_admin_review
ou_2667_univ_001,성신여자대학교 장학공지,https://www.sungshin.ac.kr/main_kor/18962/subview.do?mode=list,empty_observed,empty_observed,0,0,onclick_event_url_required,high,List selector matched rows but notice URLs failed pattern/event resolution,STATIC_HTML_EVENT_URL,expanded_notice_url_pattern; cleared selector_miss list_item_selector; preferred university_slug; jf_viewArtcl script URL helper; retry crawl,notice_url_pattern;list_item_selector(optional),deriveUniversitySlug;tune DO_DETAIL_URL_PATTERN;jf_viewArtcl;DEFAULT_NOTICE_URL_PATTERN,ok,URL_RESOLUTION_FAILED,success_zero,success,success,0,0,0,skipped,failed,skipped,not_evaluated,blocked,false,zero_observed_needs_empty_board_confirmation,confirm_empty_board_vs_date_filter_with_CRAWL_ALLOW_UNDATED
ou_2679_univ_001,세명대학교 장학공지,http://setopia.semyung.ac.kr/program/homepage/Notice_u2.jsp?boardTypeID=2,success,success,0,0,valid_empty_board,low,Success with 0 observed items — needs empty-board vs filter confirmation,SERVER_RENDERED_WITH_PAGINATION|STATIC_HTML_HREF,expanded_notice_url_pattern; cleared selector_miss list_item_selector; preferred university_slug; jf_viewArtcl script URL helper; retry crawl,notice_url_pattern;list_item_selector(optional),deriveUniversitySlug;tune DO_DETAIL_URL_PATTERN;jf_viewArtcl;DEFAULT_NOTICE_URL_PATTERN,fallback_scan,DETAIL_URL_UNVERIFIED,false,success,success,0,0,0,success,success,success,not_evaluated,blocked,false,zero_observed_needs_empty_board_confirmation,confirm_empty_board_vs_date_filter_with_CRAWL_ALLOW_UNDATED
ou_2685_univ_001,세종대학교 장학공지,https://www.sejong.ac.kr/kor/intro/notice7.do?mode=list,success,success,7,7,valid_zero_recent_posts,confirmed,Recovered or originally successful with list items,STATIC_HTML_HREF,none,,,,DETAIL_IDENTITY_UNVERIFIED,false,success,success,7,7,7,success,success,success,not_evaluated,ready,true,,ingest_candidates_dry_run_then_admin_review
ou_2700_univ_001,세한대학교 장학공지,https://house.sehan.ac.kr/main/board/janghakList1.do?sub_node=1_2,empty_observed,empty_observed,0,0,onclick_event_url_required,high,List selector matched rows but notice URLs failed pattern/event resolution,SERVER_RENDERED_WITH_PAGINATION|STATIC_HTML_EVENT_URL,expanded_notice_url_pattern; cleared selector_miss list_item_selector; preferred university_slug; jf_viewArtcl script URL helper; retry crawl,notice_url_pattern;list_item_selector(optional),deriveUniversitySlug;tune DO_DETAIL_URL_PATTERN;jf_viewArtcl;DEFAULT_NOTICE_URL_PATTERN,link_extract_fail,URL_RESOLUTION_FAILED,false,empty_observed,empty_observed,0,0,0,skipped,failed,skipped,not_evaluated,blocked,false,onclick_event_url_required,capture_onclick_payload_and_extend_generic_url_builder
ou_2703_univ_001,송원대학교 장학공지,https://www.songwon.ac.kr/sb/SE_Board.asp?boardID=NOTICE&pgKey=64,success,success,0,0,valid_empty_board,low,Success with 0 observed items — needs empty-board vs filter confirmation,STATIC_HTML_EVENT_URL|STATIC_HTML_HREF,expanded_notice_url_pattern; cleared selector_miss list_item_selector; preferred university_slug; jf_viewArtcl script URL helper; retry crawl,notice_url_pattern;list_item_selector(optional),deriveUniversitySlug;tune DO_DETAIL_URL_PATTERN;jf_viewArtcl;DEFAULT_NOTICE_URL_PATTERN,fallback_scan,DETAIL_URL_UNVERIFIED,false,success,success,0,0,0,success,success,success,not_evaluated,blocked,false,zero_observed_needs_empty_board_confirmation,confirm_empty_board_vs_date_filter_with_CRAWL_ALLOW_UNDATED
ou_2708_univ_001,수원가톨릭대학교 장학공지,https://www.suwoncatholic.ac.kr/bbs/board.php?bo_table=free,success,success,0,0,valid_empty_board,low,Success with 0 observed items — needs empty-board vs filter confirmation,SERVER_RENDERED_WITH_PAGINATION|STATIC_HTML_HREF,expanded_notice_url_pattern; cleared selector_miss list_item_selector; preferred university_slug; jf_viewArtcl script URL helper; retry crawl,notice_url_pattern;list_item_selector(optional),deriveUniversitySlug;tune DO_DETAIL_URL_PATTERN;jf_viewArtcl;DEFAULT_NOTICE_URL_PATTERN,fallback_scan,DETAIL_URL_UNVERIFIED,false,success,success,0,0,0,success,success,success,not_evaluated,blocked,false,zero_observed_needs_empty_board_confirmation,confirm_empty_board_vs_date_filter_with_CRAWL_ALLOW_UNDATED
ou_2711_univ_001,수원대학교 장학공지,https://www.suwon.ac.kr/index.html?menuno=2041,success,success,0,0,valid_empty_board,low,Success with 0 observed items — needs empty-board vs filter confirmation,DETAIL_PAGE_UNREACHABLE|SERVER_RENDERED_WITH_PAGINATION|STATIC_HTML_EVENT_URL|STATIC_HTML_HREF,expanded_notice_url_pattern; cleared selector_miss list_item_selector; preferred university_slug; jf_viewArtcl script URL helper; retry crawl,notice_url_pattern;list_item_selector(optional),deriveUniversitySlug;tune DO_DETAIL_URL_PATTERN;jf_viewArtcl;DEFAULT_NOTICE_URL_PATTERN,fallback_scan,DETAIL_FETCH_FAILED,false,success,success,0,0,0,failed,success,skipped,not_evaluated,blocked,false,zero_observed_needs_empty_board_confirmation,confirm_empty_board_vs_date_filter_with_CRAWL_ALLOW_UNDATED
ou_2729_univ_001,숙명여자대학교 장학공지,https://www.sookmyung.ac.kr/kr/news/important-notice.do?mode=list&srCategoryId=46,success,recovered_after_retry,4,4,valid_zero_recent_posts,confirmed,Recovered or originally successful with list items,STATIC_HTML_HREF,none,,,,,false,success,recovered_after_retry,4,4,4,success,success,success,not_evaluated,ready,true,,ingest_candidates_dry_run_then_admin_review
ou_2749_univ_001,순복음총회신학교 장학공지,https://kcc.ac.kr/main/sub.html?boardID=www58,success,success,1,0,valid_zero_recent_posts,confirmed,Recovered or originally successful with list items,SERVER_RENDERED_WITH_PAGINATION|STATIC_HTML_EVENT_URL|STATIC_HTML_HREF,none,,,,DETAIL_IDENTITY_UNVERIFIED,false,success,success,1,0,0,success,success,success,not_evaluated,blocked,false,no_keyword_match_in_lookback,manual_review_with_saved_html_evidence
ou_2751_univ_001,순천향대학교 장학공지,https://home.sch.ac.kr/sch/06/010300.jsp,success,success,10,0,valid_zero_recent_posts,confirmed,Recovered or originally successful with list items,STATIC_HTML_EVENT_URL|STATIC_HTML_HREF,none,,,,DETAIL_IDENTITY_UNVERIFIED,false,success,success,10,0,0,success,success,success,not_evaluated,blocked,false,no_keyword_match_in_lookback,manual_review_with_saved_html_evidence
ou_2762_univ_001,숭실대학교 장학공지,https://scatch.ssu.ac.kr/%EA%B3%B5%EC%A7%80%EC%82%AC%ED%95%AD/?f&category=%EC%9E%A5%ED%95%99,success,success,16,0,valid_zero_recent_posts,confirmed,Recovered or originally successful with list items,SERVER_RENDERED_WITH_PAGINATION|STATIC_HTML_HREF,none,,,,DETAIL_IDENTITY_UNVERIFIED,false,success,success,16,0,0,success,success,success,not_evaluated,blocked,false,no_keyword_match_in_lookback,manual_review_with_saved_html_evidence
ou_2773_univ_001,신경주대학교 장학공지,https://sgu.ac.kr/ko/media/notice.php,success,success,1,0,valid_zero_recent_posts,confirmed,Recovered or originally successful with list items,SERVER_RENDERED_WITH_PAGINATION|STATIC_HTML_HREF,none,,,,FILTERED_OUT_BY_DATE,false,success,success,1,0,0,success,success,success,not_evaluated,blocked,false,no_keyword_match_in_lookback,manual_review_with_saved_html_evidence
ou_2777_univ_001,신라대학교 장학공지,https://www.silla.ac.kr/ko/?pCode=scnotice,success,success,17,0,valid_zero_recent_posts,confirmed,Recovered or originally successful with list items,STATIC_HTML_EVENT_URL|STATIC_HTML_HREF,none,,,,DETAIL_CONTENT_EMPTY_OR_BOILERPLATE,false,success,success,17,0,0,success,success,warning,not_evaluated,blocked,false,no_keyword_match_in_lookback,manual_review_with_saved_html_evidence
ou_2786_univ_001,신한대학교 장학공지,https://welfare.shinhan.ac.kr/kr/194/subview.do?mode=list,empty_observed,empty_observed,0,0,onclick_event_url_required,high,List selector matched rows but notice URLs failed pattern/event resolution,STATIC_HTML_EVENT_URL,expanded_notice_url_pattern; cleared selector_miss list_item_selector; preferred university_slug; jf_viewArtcl script URL helper; retry crawl,notice_url_pattern;list_item_selector(optional),deriveUniversitySlug;tune DO_DETAIL_URL_PATTERN;jf_viewArtcl;DEFAULT_NOTICE_URL_PATTERN,ok,URL_RESOLUTION_FAILED,success_zero,success,success,0,0,0,skipped,failed,skipped,not_evaluated,blocked,false,zero_observed_needs_empty_board_confirmation,confirm_empty_board_vs_date_filter_with_CRAWL_ALLOW_UNDATED
ou_2791_univ_001,아신대학교 장학공지,https://www.acts.ac.kr/modules/board/bd_list.asp?id=board_notice05&left=unilife4_1,timeout,attempt_timeout,0,0,timeout,confirmed,Source attempt timed out,UNKNOWN_NEEDS_MANUAL_REVIEW,expanded_notice_url_pattern; cleared selector_miss list_item_selector; preferred university_slug; jf_viewArtcl script URL helper; retry crawl,notice_url_pattern;list_item_selector(optional),deriveUniversitySlug;tune DO_DETAIL_URL_PATTERN;jf_viewArtcl;DEFAULT_NOTICE_URL_PATTERN,fallback_scan,UNKNOWN_NEEDS_MANUAL_REVIEW,false,timeout,attempt_timeout,0,0,0,skipped,not_observed,skipped,not_evaluated,blocked,false,timeout,manual_browser_access_check_then_transport_policy_if_allowed
ou_2799_univ_001,아주대학교 장학공지,https://www.ajou.ac.kr/kr/ajou/notice_scholarship.do?mode=list,success,success,11,11,valid_zero_recent_posts,confirmed,Recovered or originally successful with list items,STATIC_HTML_HREF,none,,,,DETAIL_IDENTITY_UNVERIFIED,false,success,success,11,11,11,success,success,success,not_evaluated,ready,true,,ingest_candidates_dry_run_then_admin_review
ou_2818_univ_001,안양대학교 장학공지,https://www.anyang.ac.kr/main/academic/external-scholarship.do,empty_observed,empty_observed,0,0,list_selector_mismatch,confirmed,Configured list_item_selector matched 0 rows on fetched HTML,SOURCE_CONFIG_OR_SELECTOR_MISMATCH,expanded_notice_url_pattern; cleared selector_miss list_item_selector; preferred university_slug; jf_viewArtcl script URL helper; retry crawl,notice_url_pattern;list_item_selector(optional),deriveUniversitySlug;tune DO_DETAIL_URL_PATTERN;jf_viewArtcl;DEFAULT_NOTICE_URL_PATTERN,selector_miss,LIST_SELECTOR_ZERO_MATCHES,true,success,success,10,0,0,skipped,skipped,skipped,not_evaluated,blocked,false,no_keyword_match_in_lookback,manual_review_with_saved_html_evidence
ou_2_univ_001,연세대학교 장학공지,https://www.yonsei.ac.kr/sc/254/subview.do?enc=Zm5jdDF8QEB8JTJGYmJzJTJGc2MlMkY1OCUyRmFydGNsTGlzdC5kbyUzRmZpbmRDbFNlcSUzRDI1NyUyNg%3D%3D,empty_observed,empty_observed,0,0,list_selector_mismatch,confirmed,Configured list_item_selector matched 0 rows on fetched HTML,SOURCE_CONFIG_OR_SELECTOR_MISMATCH|STATIC_HTML_EVENT_URL,expanded_notice_url_pattern; cleared selector_miss list_item_selector; preferred university_slug; jf_viewArtcl script URL helper; retry crawl,notice_url_pattern;list_item_selector(optional),deriveUniversitySlug;tune DO_DETAIL_URL_PATTERN;jf_viewArtcl;DEFAULT_NOTICE_URL_PATTERN,selector_miss,LIST_SELECTOR_ZERO_MATCHES,true,success,success,10,10,10,skipped,skipped,skipped,not_evaluated,ready,true,,ingest_candidates_dry_run_then_admin_review
ou_2848_univ_001,연세대학교(미래) 장학공지,https://wsw.yonsei.ac.kr/wsw/notice/scholarship-board.do,success,success,16,16,valid_zero_recent_posts,confirmed,Recovered or originally successful with list items,STATIC_HTML_HREF,none,,,,DETAIL_IDENTITY_UNVERIFIED,false,success,success,16,16,16,success,success,success,not_evaluated,ready,true,,ingest_candidates_dry_run_then_admin_review
ou_2857_univ_001,영남대학교 장학공지,https://www.yu.ac.kr/scholar/notice/notice.do?mode=list,success,success,13,13,valid_zero_recent_posts,confirmed,Recovered or originally successful with list items,STATIC_HTML_EVENT_URL|STATIC_HTML_HREF,none,,,,DETAIL_IDENTITY_UNVERIFIED,false,success,success,13,13,13,success,success,success,not_evaluated,ready,true,,ingest_candidates_dry_run_then_admin_review
ou_2880_univ_001,영산대학교(양산) 장학공지,https://www.ysu.ac.kr/kor/CMS/Board/Board.do?mCode=MN016&searchCategory=c002&mode=list,success,success,10,10,valid_zero_recent_posts,confirmed,Recovered or originally successful with list items,SERVER_RENDERED_WITH_PAGINATION|STATIC_HTML_EVENT_URL|STATIC_HTML_HREF,none,,,,DETAIL_IDENTITY_UNVERIFIED,false,success,success,10,10,10,success,success,success,not_evaluated,ready,true,,ingest_candidates_dry_run_then_admin_review
ou_2887_univ_001,영산대학교(해운대) 장학공지,https://www.ysu.ac.kr/kor/CMS/Board/Board.do?mCode=MN016&searchCategory=c002&mode=list,success,success,10,10,valid_zero_recent_posts,confirmed,Recovered or originally successful with list items,SERVER_RENDERED_WITH_PAGINATION|STATIC_HTML_EVENT_URL|STATIC_HTML_HREF,none,,,,DETAIL_IDENTITY_UNVERIFIED,false,success,success,10,10,0,success,success,success,not_evaluated,ready,true,,ingest_candidates_dry_run_then_admin_review
ou_2901_univ_001,예수대학교 장학공지,https://www.jesus.ac.kr/main/?menu=191,success,success,2,0,valid_zero_recent_posts,confirmed,Recovered or originally successful with list items,STATIC_HTML_HREF,none,,,,DETAIL_IDENTITY_UNVERIFIED,false,success,success,2,0,0,success,success,success,not_evaluated,blocked,false,no_keyword_match_in_lookback,manual_review_with_saved_html_evidence
ou_2903_univ_001,예원예술대학교 장학공지,https://www.yewon.ac.kr/main/?menu=191,success,success,5,0,valid_zero_recent_posts,confirmed,Recovered or originally successful with list items,SERVER_RENDERED_WITH_PAGINATION|STATIC_HTML_EVENT_URL|STATIC_HTML_HREF,none,,,,ADAPTER_REQUIRED,false,success,success,5,0,0,success,success,success,not_evaluated,blocked,false,no_keyword_match_in_lookback,manual_review_with_saved_html_evidence
ou_2909_univ_001,용인대학교 장학공지,https://yongin.ac.kr/cmn/board/SYSTEM_DEFAULT000001/scholarList.do,empty_observed,empty_observed,0,0,onclick_event_url_required,high,List selector matched rows but notice URLs failed pattern/event resolution,SERVER_RENDERED_WITH_PAGINATION|STATIC_HTML_EVENT_URL,expanded_notice_url_pattern; cleared selector_miss list_item_selector; preferred university_slug; jf_viewArtcl script URL helper; retry crawl,notice_url_pattern;list_item_selector(optional),deriveUniversitySlug;tune DO_DETAIL_URL_PATTERN;jf_viewArtcl;DEFAULT_NOTICE_URL_PATTERN,link_extract_fail,URL_RESOLUTION_FAILED,false,empty_observed,empty_observed,0,0,0,skipped,failed,skipped,not_evaluated,blocked,false,onclick_event_url_required,capture_onclick_payload_and_extend_generic_url_builder
ou_2924_univ_001,우석대학교 장학공지,http://www.woosuk.ac.kr/main/?menu=110,success,success,0,0,valid_empty_board,low,Success with 0 observed items — needs empty-board vs filter confirmation,SERVER_RENDERED_WITH_PAGINATION|STATIC_HTML_HREF,expanded_notice_url_pattern; cleared selector_miss list_item_selector; preferred university_slug; jf_viewArtcl script URL helper; retry crawl,notice_url_pattern;list_item_selector(optional),deriveUniversitySlug;tune DO_DETAIL_URL_PATTERN;jf_viewArtcl;DEFAULT_NOTICE_URL_PATTERN,fallback_scan,DETAIL_URL_UNVERIFIED,false,success,success,0,0,0,success,success,success,not_evaluated,blocked,false,zero_observed_needs_empty_board_confirmation,confirm_empty_board_vs_date_filter_with_CRAWL_ALLOW_UNDATED
ou_2931_univ_001,우송대학교 장학공지,https://wsjanghak.wsu.ac.kr/board/index.jsp?code=wsjanghak0401,success,success,5,0,valid_zero_recent_posts,confirmed,Recovered or originally successful with list items,STATIC_HTML_HREF,none,,,,DETAIL_IDENTITY_UNVERIFIED,false,success,success,5,0,0,success,success,success,not_evaluated,blocked,false,no_keyword_match_in_lookback,manual_review_with_saved_html_evidence
ou_2956_univ_001,원광대학교 장학공지,https://www.wku.ac.kr/category/notice/scholar-notice,success,success,11,1,valid_zero_recent_posts,confirmed,Recovered or originally successful with list items,STATIC_HTML_HREF,none,,,,DETAIL_IDENTITY_UNVERIFIED,false,success,success,11,1,1,success,success,success,not_evaluated,ready,true,,ingest_candidates_dry_run_then_admin_review
ou_2972_univ_001,위덕대학교 장학공지,https://www.uu.ac.kr/home/uu_notice_06,success,success,15,0,valid_zero_recent_posts,confirmed,Recovered or originally successful with list items,SERVER_RENDERED_WITH_PAGINATION|STATIC_HTML_HREF,none,,,,FILTERED_OUT_BY_DATE,false,success,success,15,0,0,success,success,success,not_evaluated,blocked,false,no_keyword_match_in_lookback,manual_review_with_saved_html_evidence
ou_2978_univ_001,유원대학교 장학공지,https://www.u1.ac.kr/u1/community/scholarship.do,timeout,attempt_timeout,0,0,timeout,confirmed,Source attempt timed out,UNKNOWN_NEEDS_MANUAL_REVIEW,expanded_notice_url_pattern; cleared selector_miss list_item_selector; preferred university_slug; jf_viewArtcl script URL helper; retry crawl,notice_url_pattern;list_item_selector(optional),deriveUniversitySlug;tune DO_DETAIL_URL_PATTERN;jf_viewArtcl;DEFAULT_NOTICE_URL_PATTERN,ok,UNKNOWN_NEEDS_MANUAL_REVIEW,true,success,success,11,11,11,skipped,not_observed,skipped,not_evaluated,ready,true,,ingest_candidates_dry_run_then_admin_review
ou_2981_univ_001,을지대학교 장학공지,https://www.eulji.ac.kr/?menuno=4005,network_error,network_error,0,0,network_dns_or_tls_failure,medium,Network/fetch failure bucket=network_error primary=UNKNOWN_NEEDS_MANUAL_REVIEW,UNKNOWN_NEEDS_MANUAL_REVIEW,expanded_notice_url_pattern; cleared selector_miss list_item_selector; preferred university_slug; jf_viewArtcl script URL helper; retry crawl,notice_url_pattern;list_item_selector(optional),deriveUniversitySlug;tune DO_DETAIL_URL_PATTERN;jf_viewArtcl;DEFAULT_NOTICE_URL_PATTERN,fetch_error,UNKNOWN_NEEDS_MANUAL_REVIEW,false,network_error,network_error,0,0,0,skipped,not_observed,skipped,not_evaluated,blocked,false,network_dns_or_tls_failure,manual_browser_access_check_then_transport_policy_if_allowed
ou_7_univ_001,이화여자대학교 장학공지,https://www.ewha.ac.kr/ewha/bachelor/scholarship-notice.do,timeout,attempt_timeout,0,0,timeout,confirmed,Source attempt timed out,UNKNOWN_NEEDS_MANUAL_REVIEW,expanded_notice_url_pattern; cleared selector_miss list_item_selector; preferred university_slug; jf_viewArtcl script URL helper; retry crawl,notice_url_pattern;list_item_selector(optional),deriveUniversitySlug;tune DO_DETAIL_URL_PATTERN;jf_viewArtcl;DEFAULT_NOTICE_URL_PATTERN,ok,UNKNOWN_NEEDS_MANUAL_REVIEW,true,success,success,13,10,10,skipped,not_observed,skipped,not_evaluated,ready,true,,ingest_candidates_dry_run_then_admin_review
ou_3003_univ_001,인제대학교 장학공지,https://www.inje.ac.kr/kor/Template/Bsub_page.asp?Ltype=5&Ltype2=0&Ltype3=0&Tname=S_News&Ldir=board/S_News&Lpage=Tboard_L&div=10&d1n=5&d2n=1&d3n=6&d4n=0,network_error,network_error,0,0,network_dns_or_tls_failure,high,TLS/certificate exception indicated by access profile,TLS_OR_CERTIFICATE_EXCEPTION,expanded_notice_url_pattern; cleared selector_miss list_item_selector; preferred university_slug; jf_viewArtcl script URL helper; retry crawl,notice_url_pattern;list_item_selector(optional),deriveUniversitySlug;tune DO_DETAIL_URL_PATTERN;jf_viewArtcl;DEFAULT_NOTICE_URL_PATTERN,fetch_error,UNKNOWN_NEEDS_MANUAL_REVIEW,false,network_error,network_error,0,0,0,skipped,not_observed,skipped,not_evaluated,blocked,false,network_dns_or_tls_failure,manual_browser_access_check_then_transport_policy_if_allowed
ou_3010_univ_001,인천가톨릭대학교 장학공지,https://www.iccu.ac.kr/bbs/board.php?bo_table=notice_b,success,success,5,0,valid_zero_recent_posts,confirmed,Recovered or originally successful with list items,SERVER_RENDERED_WITH_PAGINATION|STATIC_HTML_HREF,none,,,,DETAIL_IDENTITY_UNVERIFIED,false,success,success,5,0,0,success,success,success,not_evaluated,blocked,false,no_keyword_match_in_lookback,manual_review_with_saved_html_evidence
ou_3013_univ_001,인천대학교 장학공지,https://inuchina.inu.ac.kr/inu/1519/subview.do,empty_observed,empty_observed,0,0,detail_url_resolution_failed,high,List rows found but detail URL could not be extracted,UNKNOWN_NEEDS_MANUAL_REVIEW,expanded_notice_url_pattern; cleared selector_miss list_item_selector; preferred university_slug; jf_viewArtcl script URL helper; retry crawl,notice_url_pattern;list_item_selector(optional),deriveUniversitySlug;tune DO_DETAIL_URL_PATTERN;jf_viewArtcl;DEFAULT_NOTICE_URL_PATTERN,ok,URL_RESOLUTION_FAILED,true,success,success,10,10,10,skipped,failed,skipped,not_evaluated,ready,true,,ingest_candidates_dry_run_then_admin_review
ou_3036_univ_001,장로회신학대학교 장학공지,https://www.pcts.ac.kr/www/board/list.general.asp?bd_name=jangshin_jnotice02&design=lounge&m1=6&m2=3&m3=1,success,success,1,0,valid_zero_recent_posts,confirmed,Recovered or originally successful with list items,LEGACY_CHARSET|SERVER_RENDERED_WITH_PAGINATION|STATIC_HTML_EVENT_URL|STATIC_HTML_HREF,none,,,,DETAIL_IDENTITY_UNVERIFIED,false,success,success,1,0,0,success,success,success,not_evaluated,blocked,false,no_keyword_match_in_lookback,manual_review_with_saved_html_evidence
ou_3046_univ_001,전남대학교 장학공지,https://www.jnu.ac.kr/WebApp/web/HOM/COM/Board/board.aspx?boardID=5&cate=8,timeout,attempt_timeout,0,0,timeout,confirmed,Source attempt timed out,UNKNOWN_NEEDS_MANUAL_REVIEW,expanded_notice_url_pattern; cleared selector_miss list_item_selector; preferred university_slug; jf_viewArtcl script URL helper; retry crawl,notice_url_pattern;list_item_selector(optional),deriveUniversitySlug;tune DO_DETAIL_URL_PATTERN;jf_viewArtcl;DEFAULT_NOTICE_URL_PATTERN,fallback_scan,UNKNOWN_NEEDS_MANUAL_REVIEW,true,success,success,20,0,0,skipped,not_observed,skipped,not_evaluated,blocked,false,no_keyword_match_in_lookback,manual_review_with_saved_html_evidence
ou_3064_univ_001,전북대학교 장학공지,https://www.jbnu.ac.kr/web/news/notice/sub01.do,empty_observed,empty_observed,0,0,onclick_event_url_required,high,List selector matched rows but notice URLs failed pattern/event resolution,STATIC_HTML_EVENT_URL,expanded_notice_url_pattern; cleared selector_miss list_item_selector; preferred university_slug; jf_viewArtcl script URL helper; retry crawl,notice_url_pattern;list_item_selector(optional),deriveUniversitySlug;tune DO_DETAIL_URL_PATTERN;jf_viewArtcl;DEFAULT_NOTICE_URL_PATTERN,link_extract_fail,URL_RESOLUTION_FAILED,false,empty_observed,empty_observed,0,0,0,skipped,failed,skipped,not_evaluated,blocked,false,onclick_event_url_required,capture_onclick_payload_and_extend_generic_url_builder
ou_3082_univ_001,전주교육대학교 장학공지,https://www.jnue.kr/portal/jnue/bbs/list.do?menuId=M0004000100010000,empty_observed,empty_observed,0,0,list_selector_mismatch,confirmed,Configured list_item_selector matched 0 rows on fetched HTML,SOURCE_CONFIG_OR_SELECTOR_MISMATCH,expanded_notice_url_pattern; cleared selector_miss list_item_selector; preferred university_slug; jf_viewArtcl script URL helper; retry crawl,notice_url_pattern;list_item_selector(optional),deriveUniversitySlug;tune DO_DETAIL_URL_PATTERN;jf_viewArtcl;DEFAULT_NOTICE_URL_PATTERN,selector_miss,LIST_SELECTOR_ZERO_MATCHES,success_zero,success,success,0,0,0,skipped,skipped,skipped,not_evaluated,blocked,false,zero_observed_needs_empty_board_confirmation,confirm_empty_board_vs_date_filter_with_CRAWL_ALLOW_UNDATED
ou_3085_univ_001,전주대학교 장학공지,https://jj.ac.kr/jj/community/notice03.do,success,success,23,17,valid_zero_recent_posts,confirmed,Recovered or originally successful with list items,STATIC_HTML_HREF,none,,,,DETAIL_IDENTITY_UNVERIFIED,false,success,success,23,17,17,success,success,success,not_evaluated,ready,true,,ingest_candidates_dry_run_then_admin_review
ou_3101_univ_001,제주국제대학교 장학공지,https://www.jeju.ac.kr/square/scholarship.htm,success,success,1,0,valid_zero_recent_posts,confirmed,Recovered or originally successful with list items,SERVER_RENDERED_WITH_PAGINATION|STATIC_HTML_HREF,none,,,,FILTERED_OUT_BY_DATE,false,success,success,1,0,0,success,success,success,not_evaluated,blocked,false,no_keyword_match_in_lookback,manual_review_with_saved_html_evidence
ou_3110_univ_001,제주대학교 장학공지,http://www.jejunu.ac.kr/ara/noticesurvey/outEvent.htm?category=320,success,success,2,0,valid_zero_recent_posts,confirmed,Recovered or originally successful with list items,SERVER_RENDERED_WITH_PAGINATION|STATIC_HTML_EVENT_URL|STATIC_HTML_HREF,none,,,,DETAIL_IDENTITY_UNVERIFIED,false,success,success,2,0,0,success,success,success,not_evaluated,blocked,false,no_keyword_match_in_lookback,manual_review_with_saved_html_evidence
ou_3124_univ_001,조선대학교 장학공지,https://www3.chosun.ac.kr/scho/2138/subview.do,empty_observed,empty_observed,0,0,onclick_event_url_required,confirmed,List rows resolved after expanding notice_url_pattern to include artclView.do / event URL IDs,STATIC_HTML_EVENT_URL,expanded_notice_url_pattern; cleared selector_miss list_item_selector; preferred university_slug; jf_viewArtcl script URL helper; retry crawl,notice_url_pattern;list_item_selector(optional),deriveUniversitySlug;tune DO_DETAIL_URL_PATTERN;jf_viewArtcl;DEFAULT_NOTICE_URL_PATTERN,ok,URL_RESOLUTION_FAILED,true,success,success,10,10,10,skipped,failed,skipped,not_evaluated,ready,true,,ingest_candidates_dry_run_then_admin_review
ou_3139_univ_001,중부대학교 장학공지,https://www.joongbu.ac.kr/board.es?bid=0008&mid=a10302000000,success,success,13,1,valid_zero_recent_posts,confirmed,Recovered or originally successful with list items,STATIC_HTML_EVENT_URL|STATIC_HTML_HREF,none,,,,DETAIL_IDENTITY_UNVERIFIED,false,success,success,13,1,1,success,success,success,not_evaluated,ready,true,,ingest_candidates_dry_run_then_admin_review
ou_8_univ_001,중앙대학교 장학공지,https://www.cau.ac.kr/cms/FR_CON/index.do?MENU_ID=100&CONTENTS_NO=5&P_TAB_NO=5,empty_observed,empty_observed,0,0,list_selector_mismatch,high,Configured list_item_selector matched 0 rows on fetched HTML,SERVER_RENDERED_WITH_PAGINATION|SOURCE_CONFIG_OR_SELECTOR_MISMATCH|STATIC_HTML_EVENT_URL,expanded_notice_url_pattern; cleared selector_miss list_item_selector; preferred university_slug; jf_viewArtcl script URL helper; retry crawl,notice_url_pattern;list_item_selector(optional),deriveUniversitySlug;tune DO_DETAIL_URL_PATTERN;jf_viewArtcl;DEFAULT_NOTICE_URL_PATTERN,fetch_error,LIST_SELECTOR_ZERO_MATCHES,false,empty_observed,empty_observed,0,0,0,skipped,skipped,skipped,not_evaluated,blocked,false,list_selector_mismatch,retune_list_item_selector_against_live_html
ou_3168_univ_001,중원대학교 장학공지,http://www.jwu.ac.kr/site/siteView.jwu?bbsCategoryId=0&categoryId=D3_928&depth=3&jobType=0&pageNo=1&search=&searchType=&taskType=0,success,success,0,0,valid_empty_board,low,Success with 0 observed items — needs empty-board vs filter confirmation,DETAIL_PAGE_UNREACHABLE|SERVER_RENDERED_WITH_PAGINATION|STATIC_HTML_EVENT_URL|STATIC_HTML_HREF,expanded_notice_url_pattern; cleared selector_miss list_item_selector; preferred university_slug; jf_viewArtcl script URL helper; retry crawl,notice_url_pattern;list_item_selector(optional),deriveUniversitySlug;tune DO_DETAIL_URL_PATTERN;jf_viewArtcl;DEFAULT_NOTICE_URL_PATTERN,fallback_scan,DETAIL_FETCH_FAILED,false,success,success,0,0,0,failed,warning,skipped,not_evaluated,blocked,false,zero_observed_needs_empty_board_confirmation,confirm_empty_board_vs_date_filter_with_CRAWL_ALLOW_UNDATED
ou_3172_univ_001,진주교육대학교 장학공지,http://www.cue.ac.kr/kor/CMS/Board/Board.do?mCode=MN186,success,success,10,10,valid_zero_recent_posts,confirmed,Recovered or originally successful with list items,SERVER_RENDERED_WITH_PAGINATION|STATIC_HTML_HREF,none,,,,DETAIL_IDENTITY_UNVERIFIED,false,success,success,10,10,10,success,success,success,not_evaluated,ready,true,,ingest_candidates_dry_run_then_admin_review
ou_3187_univ_001,창신대학교 장학공지,https://www.cs.ac.kr/board/board_community1?category_id=5,network_error,network_error,0,0,network_dns_or_tls_failure,high,TLS/certificate exception indicated by access profile,TLS_OR_CERTIFICATE_EXCEPTION,expanded_notice_url_pattern; cleared selector_miss list_item_selector; preferred university_slug; jf_viewArtcl script URL helper; retry crawl,notice_url_pattern;list_item_selector(optional),deriveUniversitySlug;tune DO_DETAIL_URL_PATTERN;jf_viewArtcl;DEFAULT_NOTICE_URL_PATTERN,fetch_error,UNKNOWN_NEEDS_MANUAL_REVIEW,false,network_error,network_error,0,0,0,skipped,not_observed,skipped,not_evaluated,blocked,false,network_dns_or_tls_failure,manual_browser_access_check_then_transport_policy_if_allowed
ou_3194_univ_001,청운대학교 장학공지,https://home.chungwoon.ac.kr/home/selectBbsNttList.do?bbsNo=44&key=829&searchCtgry=%EC%9E%A5%ED%95%99%EA%B3%B5%EC%A7%80,partial,partial,9,9,valid_zero_recent_posts,confirmed,Recovered or originally successful with list items,DETAIL_PAGE_UNREACHABLE|SERVER_RENDERED_WITH_PAGINATION|STATIC_HTML_HREF,expanded_notice_url_pattern; cleared selector_miss list_item_selector; preferred university_slug; jf_viewArtcl script URL helper; retry crawl,notice_url_pattern;list_item_selector(optional),deriveUniversitySlug;tune DO_DETAIL_URL_PATTERN;jf_viewArtcl;DEFAULT_NOTICE_URL_PATTERN,ok,DETAIL_FETCH_FAILED,true,success,success,9,9,9,warning,success,success,not_evaluated,ready,true,,ingest_candidates_dry_run_then_admin_review
ou_3198_univ_001,청주교육대학교 장학공지,https://www.cje.ac.kr/web/board/brdList.do?menu_cd=000219,empty_observed,empty_observed,0,0,list_selector_mismatch,confirmed,Configured list_item_selector matched 0 rows on fetched HTML,SERVER_RENDERED_WITH_PAGINATION|SOURCE_CONFIG_OR_SELECTOR_MISMATCH|STATIC_HTML_EVENT_URL,expanded_notice_url_pattern; cleared selector_miss list_item_selector; preferred university_slug; jf_viewArtcl script URL helper; retry crawl,notice_url_pattern;list_item_selector(optional),deriveUniversitySlug;tune DO_DETAIL_URL_PATTERN;jf_viewArtcl;DEFAULT_NOTICE_URL_PATTERN,selector_miss,LIST_SELECTOR_ZERO_MATCHES,false,empty_observed,empty_observed,0,0,0,skipped,skipped,skipped,not_evaluated,blocked,false,list_selector_mismatch,retune_list_item_selector_against_live_html
ou_3201_univ_001,청주대학교 장학공지,https://www.cju.ac.kr/www/selectBbsNttList.do?bbsNo=881&key=4577&searchCtgry=%EC%9E%A5%ED%95%99%E3%86%8D%EB%8C%80%EC%B6%9C,success,success,11,11,valid_zero_recent_posts,confirmed,Recovered or originally successful with list items,SERVER_RENDERED_WITH_PAGINATION|STATIC_HTML_HREF,none,,,,DETAIL_IDENTITY_UNVERIFIED,false,success,success,11,11,11,success,success,success,not_evaluated,ready,true,,ingest_candidates_dry_run_then_admin_review
ou_3209_univ_001,초당대학교 장학공지,https://dream.cdu.ac.kr/mod/board/list.do?MID=DRM_B05010100,empty_observed,empty_observed,0,0,detail_url_resolution_failed,high,List rows found but detail URL could not be extracted,SERVER_RENDERED_WITH_PAGINATION,expanded_notice_url_pattern; cleared selector_miss list_item_selector; preferred university_slug; jf_viewArtcl script URL helper; retry crawl,notice_url_pattern;list_item_selector(optional),deriveUniversitySlug;tune DO_DETAIL_URL_PATTERN;jf_viewArtcl;DEFAULT_NOTICE_URL_PATTERN,ok,URL_RESOLUTION_FAILED,false,empty_observed,empty_observed,0,0,0,skipped,failed,skipped,not_evaluated,blocked,false,detail_url_resolution_failed,capture_onclick_payload_and_extend_generic_url_builder
ou_3222_univ_001,추계예술대학교 장학공지,https://www.chugye.ac.kr/mbs/university/jsp/board/list.jsp?boardId=6768&id=university_040803000000,success,success,24,0,valid_zero_recent_posts,confirmed,Recovered or originally successful with list items,SERVER_RENDERED_WITH_PAGINATION|STATIC_HTML_HREF,none,,,,DETAIL_IDENTITY_UNVERIFIED,false,success,success,24,0,0,success,success,success,not_evaluated,blocked,false,no_keyword_match_in_lookback,manual_review_with_saved_html_evidence
ou_3226_univ_001,춘천교육대학교 장학공지,https://www.cnue.ac.kr/cnue/news/notice03.do,success,success,5,5,valid_zero_recent_posts,confirmed,Recovered or originally successful with list items,SERVER_RENDERED_WITH_PAGINATION|STATIC_HTML_HREF,none,,,,DETAIL_IDENTITY_UNVERIFIED,false,success,success,5,5,5,success,success,success,not_evaluated,ready,true,,ingest_candidates_dry_run_then_admin_review
ou_3229_univ_001,충남대학교 장학공지,https://plus.cnu.ac.kr/_prog/_board/?code=sub07_0713,partial,partial,12,0,unknown_requires_manual_review,low,Unresolved: initial=partial final=partial diag=fallback_scan primary=DETAIL_FETCH_FAILED,DETAIL_PAGE_UNREACHABLE|SERVER_RENDERED_WITH_PAGINATION|STATIC_HTML_EVENT_URL|STATIC_HTML_HREF,expanded_notice_url_pattern; cleared selector_miss list_item_selector; preferred university_slug; jf_viewArtcl script URL helper; retry crawl,notice_url_pattern;list_item_selector(optional),deriveUniversitySlug;tune DO_DETAIL_URL_PATTERN;jf_viewArtcl;DEFAULT_NOTICE_URL_PATTERN,fallback_scan,DETAIL_FETCH_FAILED,false,partial,partial,12,0,0,warning,warning,warning,not_evaluated,blocked,false,unknown_requires_manual_review,manual_review_with_saved_html_evidence
ou_3245_univ_001,충북대학교 장학공지,https://www.chungbuk.ac.kr/www/selectBbsNttList.do?bbsNo=8&key=815&searchCtgry=%ED%95%99%EC%82%AC%2F%EC%9E%A5%ED%95%99,success,success,4,4,valid_zero_recent_posts,confirmed,Recovered or originally successful with list items,SERVER_RENDERED_WITH_PAGINATION|STATIC_HTML_EVENT_URL|STATIC_HTML_HREF,none,,,,DETAIL_IDENTITY_UNVERIFIED,false,success,success,4,4,4,success,success,success,not_evaluated,ready,true,,ingest_candidates_dry_run_then_admin_review
ou_3265_univ_001,평택대학교 장학공지,https://www.ptu.ac.kr/www/410/subview.do,empty_observed,empty_observed,0,0,onclick_event_url_required,high,List selector matched rows but notice URLs failed pattern/event resolution,SERVER_RENDERED_WITH_PAGINATION|STATIC_HTML_EVENT_URL,expanded_notice_url_pattern; cleared selector_miss list_item_selector; preferred university_slug; jf_viewArtcl script URL helper; retry crawl,notice_url_pattern;list_item_selector(optional),deriveUniversitySlug;tune DO_DETAIL_URL_PATTERN;jf_viewArtcl;DEFAULT_NOTICE_URL_PATTERN,ok,URL_RESOLUTION_FAILED,success_zero,success,success,0,0,0,skipped,failed,skipped,not_evaluated,blocked,false,zero_observed_needs_empty_board_confirmation,confirm_empty_board_vs_date_filter_with_CRAWL_ALLOW_UNDATED
ou_3284_univ_001,한경국립대학교 장학공지,https://www.hknu.ac.kr/kor/563/subview.do,empty_observed,empty_observed,0,0,onclick_event_url_required,confirmed,List rows resolved after expanding notice_url_pattern to include artclView.do / event URL IDs,SERVER_RENDERED_WITH_PAGINATION|STATIC_HTML_EVENT_URL,expanded_notice_url_pattern; cleared selector_miss list_item_selector; preferred university_slug; jf_viewArtcl script URL helper; retry crawl,notice_url_pattern;list_item_selector(optional),deriveUniversitySlug;tune DO_DETAIL_URL_PATTERN;jf_viewArtcl;DEFAULT_NOTICE_URL_PATTERN,ok,URL_RESOLUTION_FAILED,true,success,success,10,10,10,skipped,failed,skipped,not_evaluated,ready,true,,ingest_candidates_dry_run_then_admin_review
ou_3294_univ_001,한국공학대학교 장학공지,https://www.tukorea.ac.kr/tukorea/1097/subview.do,empty_observed,empty_observed,0,0,onclick_event_url_required,confirmed,List rows resolved after expanding notice_url_pattern to include artclView.do / event URL IDs,STATIC_HTML_EVENT_URL,expanded_notice_url_pattern; cleared selector_miss list_item_selector; preferred university_slug; jf_viewArtcl script URL helper; retry crawl,notice_url_pattern;list_item_selector(optional),deriveUniversitySlug;tune DO_DETAIL_URL_PATTERN;jf_viewArtcl;DEFAULT_NOTICE_URL_PATTERN,ok,URL_RESOLUTION_FAILED,true,success,success,10,10,10,skipped,failed,skipped,not_evaluated,ready,true,,ingest_candidates_dry_run_then_admin_review
ou_3303_univ_001,한국교원대학교 장학공지,https://www.knue.ac.kr/www/selectBbsNttList.do?bbsNo=207&key=1443,success,success,10,10,valid_zero_recent_posts,confirmed,Recovered or originally successful with list items,SERVER_RENDERED_WITH_PAGINATION|STATIC_HTML_HREF,none,,,,DETAIL_IDENTITY_UNVERIFIED,false,success,success,10,10,10,success,success,success,not_evaluated,ready,true,,ingest_candidates_dry_run_then_admin_review
ou_3307_univ_001,한국기술교육대학교 장학공지,https://www.koreatech.ac.kr/notice/list.es?board_id=15&mid=a10604020000,partial,partial,19,1,valid_zero_recent_posts,confirmed,Recovered or originally successful with list items,DETAIL_PAGE_UNREACHABLE|SERVER_RENDERED_WITH_PAGINATION|STATIC_HTML_EVENT_URL|STATIC_HTML_HREF,expanded_notice_url_pattern; cleared selector_miss list_item_selector; preferred university_slug; jf_viewArtcl script URL helper; retry crawl,notice_url_pattern;list_item_selector(optional),deriveUniversitySlug;tune DO_DETAIL_URL_PATTERN;jf_viewArtcl;DEFAULT_NOTICE_URL_PATTERN,fallback_scan,DETAIL_FETCH_FAILED,true,success,success,19,1,1,warning,success,success,not_evaluated,ready,true,,ingest_candidates_dry_run_then_admin_review
ou_3318_univ_001,한국성서대학교 장학공지,https://www.bible.ac.kr/ko/life/tuition_notice,success,success,19,0,valid_zero_recent_posts,confirmed,Recovered or originally successful with list items,SERVER_RENDERED_WITH_PAGINATION|STATIC_HTML_HREF,none,,,,DETAIL_IDENTITY_UNVERIFIED,false,success,success,19,0,0,success,success,success,not_evaluated,blocked,false,no_keyword_match_in_lookback,manual_review_with_saved_html_evidence
ou_3329_univ_001,한국예술종합학교 장학공지,https://www.karts.ac.kr/nri/bbs/NuriBbsList.do?bbsId=BBSNURI_001,success,success,0,0,valid_empty_board,low,Success with 0 observed items — needs empty-board vs filter confirmation,SERVER_RENDERED_WITH_PAGINATION|STATIC_HTML_EVENT_URL|STATIC_HTML_HREF,expanded_notice_url_pattern; cleared selector_miss list_item_selector; preferred university_slug; jf_viewArtcl script URL helper; retry crawl,notice_url_pattern;list_item_selector(optional),deriveUniversitySlug;tune DO_DETAIL_URL_PATTERN;jf_viewArtcl;DEFAULT_NOTICE_URL_PATTERN,ok,DETAIL_URL_UNVERIFIED,false,success,success,0,0,0,success,success,success,not_evaluated,blocked,false,zero_observed_needs_empty_board_confirmation,confirm_empty_board_vs_date_filter_with_CRAWL_ALLOW_UNDATED
ou_1153_univ_001,한국외국어대학교 장학공지,https://www.hufs.ac.kr/hufs/11283/subview.do,empty_observed,empty_observed,0,0,onclick_event_url_required,confirmed,List rows resolved after expanding notice_url_pattern to include artclView.do / event URL IDs,STATIC_HTML_EVENT_URL,expanded_notice_url_pattern; cleared selector_miss list_item_selector; preferred university_slug; jf_viewArtcl script URL helper; retry crawl,notice_url_pattern;list_item_selector(optional),deriveUniversitySlug;tune DO_DETAIL_URL_PATTERN;jf_viewArtcl;DEFAULT_NOTICE_URL_PATTERN,ok,URL_RESOLUTION_FAILED,true,success,success,17,17,17,skipped,failed,skipped,not_evaluated,ready,true,,ingest_candidates_dry_run_then_admin_review
ou_3342_univ_001,한국전통문화대학교 장학공지,http://www.nuch.ac.kr/mec/ots/brd/list.do?mnuBaseId=MNU0000146&topBaseId=MNU0000009&tplSer=2,network_error,network_error,0,0,network_dns_or_tls_failure,medium,Network/fetch failure bucket=network_error primary=UNKNOWN_NEEDS_MANUAL_REVIEW,UNKNOWN_NEEDS_MANUAL_REVIEW,expanded_notice_url_pattern; cleared selector_miss list_item_selector; preferred university_slug; jf_viewArtcl script URL helper; retry crawl,notice_url_pattern;list_item_selector(optional),deriveUniversitySlug;tune DO_DETAIL_URL_PATTERN;jf_viewArtcl;DEFAULT_NOTICE_URL_PATTERN,fetch_error,UNKNOWN_NEEDS_MANUAL_REVIEW,false,network_error,network_error,0,0,0,skipped,not_observed,skipped,not_evaluated,blocked,false,network_dns_or_tls_failure,manual_browser_access_check_then_transport_policy_if_allowed
ou_3347_univ_001,한국체육대학교 장학공지,https://www.knsu.ac.kr/knsu/unilife/notice.do,success,success,3,3,valid_zero_recent_posts,confirmed,Recovered or originally successful with list items,STATIC_HTML_HREF,none,,,,DETAIL_IDENTITY_UNVERIFIED,false,success,success,3,3,3,success,success,success,not_evaluated,ready,true,,ingest_candidates_dry_run_then_admin_review
ou_3393_univ_001,한국항공대학교 장학공지,https://kau.ac.kr/kaulife/scholnoti.php,success,success,0,0,valid_empty_board,low,Success with 0 observed items — needs empty-board vs filter confirmation,SERVER_RENDERED_WITH_PAGINATION|STATIC_HTML_EVENT_URL|STATIC_HTML_HREF,expanded_notice_url_pattern; cleared selector_miss list_item_selector; preferred university_slug; jf_viewArtcl script URL helper; retry crawl,notice_url_pattern;list_item_selector(optional),deriveUniversitySlug;tune DO_DETAIL_URL_PATTERN;jf_viewArtcl;DEFAULT_NOTICE_URL_PATTERN,fallback_scan,DETAIL_URL_UNVERIFIED,false,success,success,0,0,0,success,success,success,not_evaluated,blocked,false,zero_observed_needs_empty_board_confirmation,confirm_empty_board_vs_date_filter_with_CRAWL_ALLOW_UNDATED
ou_3397_univ_001,한남대학교 장학공지,http://janghak.hannam.ac.kr/sub4/menu_1.html,success,success,21,0,valid_zero_recent_posts,confirmed,Recovered or originally successful with list items,LEGACY_CHARSET|STATIC_HTML_HREF,none,,,,DETAIL_IDENTITY_UNVERIFIED,false,success,success,21,0,0,success,success,success,not_evaluated,blocked,false,no_keyword_match_in_lookback,manual_review_with_saved_html_evidence
ou_3409_univ_001,한동대학교 장학공지,https://www.handong.edu/kor/square/notice/bbs/college/,success,success,1,0,valid_zero_recent_posts,confirmed,Recovered or originally successful with list items,SERVER_RENDERED_WITH_PAGINATION|STATIC_HTML_HREF,none,,,,DETAIL_IDENTITY_UNVERIFIED,false,success,success,1,0,0,success,success,success,not_evaluated,blocked,false,no_keyword_match_in_lookback,manual_review_with_saved_html_evidence
ou_3417_univ_001,한라대학교 장학공지,https://www.halla.ac.kr/kr/244/subview.do,empty_observed,empty_observed,0,0,onclick_event_url_required,confirmed,List rows resolved after expanding notice_url_pattern to include artclView.do / event URL IDs,SERVER_RENDERED_WITH_PAGINATION|STATIC_HTML_EVENT_URL,expanded_notice_url_pattern; cleared selector_miss list_item_selector; preferred university_slug; jf_viewArtcl script URL helper; retry crawl,notice_url_pattern;list_item_selector(optional),deriveUniversitySlug;tune DO_DETAIL_URL_PATTERN;jf_viewArtcl;DEFAULT_NOTICE_URL_PATTERN,ok,URL_RESOLUTION_FAILED,true,success,success,10,10,10,skipped,failed,skipped,not_evaluated,ready,true,,ingest_candidates_dry_run_then_admin_review
ou_3420_univ_001,한림대학교 장학공지,https://www.hallym.ac.kr/hallym/1135/subview.do,empty_observed,empty_observed,0,0,onclick_event_url_required,confirmed,List rows resolved after expanding notice_url_pattern to include artclView.do / event URL IDs,STATIC_HTML_EVENT_URL,expanded_notice_url_pattern; cleared selector_miss list_item_selector; preferred university_slug; jf_viewArtcl script URL helper; retry crawl,notice_url_pattern;list_item_selector(optional),deriveUniversitySlug;tune DO_DETAIL_URL_PATTERN;jf_viewArtcl;DEFAULT_NOTICE_URL_PATTERN,ok,URL_RESOLUTION_FAILED,true,success,success,10,10,10,skipped,failed,skipped,not_evaluated,ready,true,,ingest_candidates_dry_run_then_admin_review
ou_3436_univ_001,한밭대학교(산업대) 장학공지,https://www.hanbat.ac.kr/bbs/BBSMSTR_000000001261/list.do,empty_observed,empty_observed,0,0,onclick_event_url_required,high,List selector matched rows but notice URLs failed pattern/event resolution,SERVER_RENDERED_WITH_PAGINATION|STATIC_HTML_EVENT_URL,expanded_notice_url_pattern; cleared selector_miss list_item_selector; preferred university_slug; jf_viewArtcl script URL helper; retry crawl,notice_url_pattern;list_item_selector(optional),deriveUniversitySlug;tune DO_DETAIL_URL_PATTERN;jf_viewArtcl;DEFAULT_NOTICE_URL_PATTERN,link_extract_fail,URL_RESOLUTION_FAILED,false,empty_observed,empty_observed,0,0,0,skipped,failed,skipped,not_evaluated,blocked,false,onclick_event_url_required,capture_onclick_payload_and_extend_generic_url_builder
ou_3437_univ_001,한서대학교 장학공지,https://www.hanseo.ac.kr/boardCnts/list.do?boardID=301&m=040104&s=hs,empty_observed,empty_observed,0,0,onclick_event_url_required,high,List selector matched rows but notice URLs failed pattern/event resolution,SERVER_RENDERED_WITH_PAGINATION|STATIC_HTML_EVENT_URL,expanded_notice_url_pattern; cleared selector_miss list_item_selector; preferred university_slug; jf_viewArtcl script URL helper; retry crawl,notice_url_pattern;list_item_selector(optional),deriveUniversitySlug;tune DO_DETAIL_URL_PATTERN;jf_viewArtcl;DEFAULT_NOTICE_URL_PATTERN,link_extract_fail,URL_RESOLUTION_FAILED,false,empty_observed,empty_observed,0,0,0,skipped,failed,skipped,not_evaluated,blocked,false,onclick_event_url_required,capture_onclick_payload_and_extend_generic_url_builder
ou_3447_univ_001,한성대학교 장학공지,https://www.hansung.ac.kr/hansung/6172/subview.do,empty_observed,empty_observed,0,0,onclick_event_url_required,confirmed,List rows resolved after expanding notice_url_pattern to include artclView.do / event URL IDs,STATIC_HTML_EVENT_URL,expanded_notice_url_pattern; cleared selector_miss list_item_selector; preferred university_slug; jf_viewArtcl script URL helper; retry crawl,notice_url_pattern;list_item_selector(optional),deriveUniversitySlug;tune DO_DETAIL_URL_PATTERN;jf_viewArtcl;DEFAULT_NOTICE_URL_PATTERN,ok,URL_RESOLUTION_FAILED,true,success,success,5,5,5,skipped,failed,skipped,not_evaluated,ready,true,,ingest_candidates_dry_run_then_admin_review
ou_3456_univ_001,한세대학교 장학공지,https://www.hansei.ac.kr/kor/1700/subview.do,empty_observed,empty_observed,0,0,onclick_event_url_required,confirmed,List rows resolved after expanding notice_url_pattern to include artclView.do / event URL IDs,SERVER_RENDERED_WITH_PAGINATION|STATIC_HTML_EVENT_URL,expanded_notice_url_pattern; cleared selector_miss list_item_selector; preferred university_slug; jf_viewArtcl script URL helper; retry crawl,notice_url_pattern;list_item_selector(optional),deriveUniversitySlug;tune DO_DETAIL_URL_PATTERN;jf_viewArtcl;DEFAULT_NOTICE_URL_PATTERN,ok,URL_RESOLUTION_FAILED,true,success,success,7,7,7,skipped,failed,skipped,not_evaluated,ready,true,,ingest_candidates_dry_run_then_admin_review
ou_3463_univ_001,한신대학교 장학공지,https://www.hs.ac.kr/kor/4957/subview.do,empty_observed,empty_observed,0,0,onclick_event_url_required,confirmed,List rows resolved after expanding notice_url_pattern to include artclView.do / event URL IDs,STATIC_HTML_EVENT_URL,expanded_notice_url_pattern; cleared selector_miss list_item_selector; preferred university_slug; jf_viewArtcl script URL helper; retry crawl,notice_url_pattern;list_item_selector(optional),deriveUniversitySlug;tune DO_DETAIL_URL_PATTERN;jf_viewArtcl;DEFAULT_NOTICE_URL_PATTERN,ok,URL_RESOLUTION_FAILED,true,success,success,20,20,20,skipped,failed,skipped,not_evaluated,ready,true,,ingest_candidates_dry_run_then_admin_review
ou_6_univ_001,한양대학교 장학공지,https://sc.hanyang.ac.kr/-12,success,success,0,0,valid_empty_board,low,Success with 0 observed items — needs empty-board vs filter confirmation,STATIC_HTML_EVENT_URL|STATIC_HTML_HREF,expanded_notice_url_pattern; cleared selector_miss list_item_selector; preferred university_slug; jf_viewArtcl script URL helper; retry crawl,notice_url_pattern;list_item_selector(optional),deriveUniversitySlug;tune DO_DETAIL_URL_PATTERN;jf_viewArtcl;DEFAULT_NOTICE_URL_PATTERN,fallback_scan,DETAIL_CONTENT_EMPTY_OR_BOILERPLATE,false,success,success,0,0,0,success,success,failed,not_evaluated,blocked,false,zero_observed_needs_empty_board_confirmation,confirm_empty_board_vs_date_filter_with_CRAWL_ALLOW_UNDATED
ou_3509_univ_001,한일장신대학교 장학공지,https://www.hanil.ac.kr/portal/default/bbs/list.do?menuId=M0004000100040000,empty_observed,empty_observed,0,0,list_selector_mismatch,confirmed,Configured list_item_selector matched 0 rows on fetched HTML,SOURCE_CONFIG_OR_SELECTOR_MISMATCH,expanded_notice_url_pattern; cleared selector_miss list_item_selector; preferred university_slug; jf_viewArtcl script URL helper; retry crawl,notice_url_pattern;list_item_selector(optional),deriveUniversitySlug;tune DO_DETAIL_URL_PATTERN;jf_viewArtcl;DEFAULT_NOTICE_URL_PATTERN,selector_miss,LIST_SELECTOR_ZERO_MATCHES,false,empty_observed,empty_observed,0,0,0,skipped,skipped,skipped,not_evaluated,blocked,false,list_selector_mismatch,retune_list_item_selector_against_live_html
ou_3518_univ_001,협성대학교 장학공지,https://www.uhs.ac.kr/uhs/155/subview.do,empty_observed,empty_observed,0,0,onclick_event_url_required,high,List selector matched rows but notice URLs failed pattern/event resolution,STATIC_HTML_EVENT_URL,expanded_notice_url_pattern; cleared selector_miss list_item_selector; preferred university_slug; jf_viewArtcl script URL helper; retry crawl,notice_url_pattern;list_item_selector(optional),deriveUniversitySlug;tune DO_DETAIL_URL_PATTERN;jf_viewArtcl;DEFAULT_NOTICE_URL_PATTERN,link_extract_fail,URL_RESOLUTION_FAILED,false,empty_observed,empty_observed,0,0,0,skipped,failed,skipped,not_evaluated,blocked,false,onclick_event_url_required,capture_onclick_payload_and_extend_generic_url_builder
ou_3525_univ_001,호남대학교 장학공지,https://www.honam.ac.kr/Scholarship_SchFees,success,success,1,0,valid_zero_recent_posts,confirmed,Recovered or originally successful with list items,STATIC_HTML_EVENT_URL|STATIC_HTML_HREF,none,,,,DETAIL_IDENTITY_UNVERIFIED,false,success,success,1,0,0,success,success,success,not_evaluated,blocked,false,no_keyword_match_in_lookback,manual_review_with_saved_html_evidence
ou_3529_univ_001,호남신학대학교 장학공지,https://www.htus.ac.kr/board/board.php?b_id=001,success,success,1,0,valid_zero_recent_posts,confirmed,Recovered or originally successful with list items,LEGACY_CHARSET|SERVER_RENDERED_WITH_PAGINATION|STATIC_HTML_EVENT_URL|STATIC_HTML_HREF,none,,,,DETAIL_IDENTITY_UNVERIFIED,false,success,success,1,0,0,success,success,success,not_evaluated,blocked,false,no_keyword_match_in_lookback,manual_review_with_saved_html_evidence
ou_3538_univ_001,호서대학교 장학공지,https://www.hoseo.ac.kr/Home/BBSList.mbz?action=MAPP_1708240139&schCategorycode=CTG_17082400013,success,success,1,0,valid_zero_recent_posts,confirmed,Recovered or originally successful with list items,SERVER_RENDERED_WITH_PAGINATION|STATIC_HTML_EVENT_URL|STATIC_HTML_HREF,none,,,,ADAPTER_REQUIRED,false,success,success,1,0,0,success,success,success,not_evaluated,blocked,false,no_keyword_match_in_lookback,manual_review_with_saved_html_evidence
ou_3550_univ_001,호원대학교 장학공지,https://www.howon.ac.kr/web/_guide/index.html?sm=scholarshipboard,success,success,2,0,valid_zero_recent_posts,confirmed,Recovered or originally successful with list items,LEGACY_CHARSET|SERVER_RENDERED_WITH_PAGINATION|STATIC_HTML_EVENT_URL|STATIC_HTML_HREF,none,,,,DETAIL_IDENTITY_UNVERIFIED,false,success,success,2,0,0,success,success,success,not_evaluated,blocked,false,no_keyword_match_in_lookback,manual_review_with_saved_html_evidence
ou_13_univ_001,홍익대학교 장학공지,https://www.hongik.ac.kr/kr/education/notice-undergrad.do?noCat=24,success,success,2,2,valid_zero_recent_posts,confirmed,Recovered or originally successful with list items,SERVER_RENDERED_WITH_PAGINATION|STATIC_HTML_EVENT_URL|STATIC_HTML_HREF,none,,,,DETAIL_IDENTITY_UNVERIFIED,false,success,success,2,2,2,success,success,success,not_evaluated,ready,true,,ingest_candidates_dry_run_then_admin_review
ou_1618_univ_001,화성의과학대학교 장학공지,https://www.hsmu.ac.kr/user/board/HSMU40102000_list_HSMU40102000.do,network_error,network_error,0,0,network_dns_or_tls_failure,high,TLS/certificate exception indicated by access profile,TLS_OR_CERTIFICATE_EXCEPTION,expanded_notice_url_pattern; cleared selector_miss list_item_selector; preferred university_slug; jf_viewArtcl script URL helper; retry crawl,notice_url_pattern;list_item_selector(optional),deriveUniversitySlug;tune DO_DETAIL_URL_PATTERN;jf_viewArtcl;DEFAULT_NOTICE_URL_PATTERN,fetch_error,UNKNOWN_NEEDS_MANUAL_REVIEW,false,network_error,network_error,0,0,0,skipped,not_observed,skipped,not_evaluated,blocked,false,network_dns_or_tls_failure,manual_browser_access_check_then_transport_policy_if_allowed
