source_id,university_name,source_name,list_url,base_url,previous_outcome,coherent_final_status,coherent_reason_code,dns_resolved,tls_success,http_status,redirect_chain,final_url,content_type,charset,response_size,response_time_ms,retry_results,browser_accessible,browser_result_summary,browser_vs_crawler_difference,official_university_domain,official_central_board,page_title,visible_notice_list,visible_notice_count_sample,visible_recent_notice_sample,empty_board_message,login_required,captcha_or_waf,iframe_present,iframe_src,javascript_rendered,list_rows_detected,selector_matches,anchor_candidates,onclick_candidates,data_attribute_candidates,hidden_form_present,xhr_endpoint_found,post_request_required,sample_notice_title,sample_notice_url_or_event,candidate,dates,sample_detail_url,sample_detail_title,title_detail_identity_verified,crawler_failure_stage,root_cause,root_cause_confidence,human_explanation_ko,code_recoverable,config_only_fix,shared_adapter_candidate,source_specific_adapter_required,browser_runtime_required,replacement_url_required,external_dependency,beta_exclusion_recommended,priority,effort,recommended_action,exact_implementation_target,expected_recovery_probability,fallback_strategy,verification_method,analysis_fix_applied
ou_1_univ_001,고려대학교,고려대학교 장학공지,https://scholarship.korea.ac.kr/scholarship/application/notice.do,https://scholarship.korea.ac.kr,temporarily_unavailable,network_error,network_error,true,true,,"[{""url"":""https://scholarship.korea.ac.kr/scholarship/application/notice.do"",""status"":200,""location"":null}]",https://scholarship.korea.ac.kr/scholarship/application/notice.do,,,0,59,"[{""status"":null,""final_url"":""https://scholarship.korea.ac.kr/scholarship/application/notice.do"",""response_time_ms"":112,""response_size"":0,""error"":""TypeError"",""redirect_chain"":[{""url"":""https://scholarship.korea.ac.kr/scholarship/application/notice.do"",""status"":200,""location"":null}]},{""status"":null,""final_url"":""https://scholarship.korea.ac.kr/scholarship/application/notice.do"",""response_time_ms"":122,""response_size"":0,""error"":""TypeError"",""redirect_chain"":[{""url"":""https://scholarship.korea.ac.kr/scholarship/application/notice.do"",""status"":200,""location"":null}]},{""status"":null,""final_url"":""https://scholarship.korea.ac.kr/scholarship/application/notice.do"",""response_time_ms"":59,""response_size"":0,""error"":""TypeError"",""redirect_chain"":[{""url"":""https://scholarship.korea.ac.kr/scholarship/application/notice.do"",""status"":200,""location"":null}]}]",false,브라우저와 같은 비인증 공개 HTTP 접근으로 관측; 최종 사람 브라우저 체크는 HTML에서 수행,not_observed,true,true,,false,0,,false,false,false,false,,false,0,0,0,0,0,false,false,false,,,,[],,,false,connection_reset,temporary_dns_or_tls_failure,low,고려대학교의 공식 URL을 저빈도로 재확인했습니다. 목록 표본을 확인하지 못했습니다. 상세 제목 일치는 아직 확인되지 않았습니다 여러 저빈도 접근에서 HTTP 응답 이전 네트워크/TLS 문제가 반복됐습니다.,false,false,false,false,false,false,true,true,P3,External,출처별 재시도 큐에 남기고 정상 응답이 확인될 때만 활성화한다.,transport retry policy,낮음,beta 제외 후 다음 운영 주기 재확인,공식 목록에서 표본 제목과 생성/실제 상세 URL의 제목 일치 확인,false
ou_1618_univ_001,화성의과학대학교,화성의과학대학교 장학공지,https://www.hsmu.ac.kr/user/board/HSMU40102000_list_HSMU40102000.do,https://www.hsmu.ac.kr,temporarily_unavailable,network_error,network_error,true,true,,[],https://www.hsmu.ac.kr/user/board/HSMU40102000_list_HSMU40102000.do,,,0,37,"[{""status"":null,""final_url"":""https://www.hsmu.ac.kr/user/board/HSMU40102000_list_HSMU40102000.do"",""response_time_ms"":247,""response_size"":0,""error"":""TypeError"",""redirect_chain"":[]},{""status"":null,""final_url"":""https://www.hsmu.ac.kr/user/board/HSMU40102000_list_HSMU40102000.do"",""response_time_ms"":39,""response_size"":0,""error"":""TypeError"",""redirect_chain"":[]},{""status"":null,""final_url"":""https://www.hsmu.ac.kr/user/board/HSMU40102000_list_HSMU40102000.do"",""response_time_ms"":37,""response_size"":0,""error"":""TypeError"",""redirect_chain"":[]}]",false,브라우저와 같은 비인증 공개 HTTP 접근으로 관측; 최종 사람 브라우저 체크는 HTML에서 수행,not_observed,true,true,,false,0,,false,false,false,false,,false,0,0,0,0,0,false,false,false,,,,[],,,false,connection_reset,temporary_dns_or_tls_failure,low,화성의과학대학교의 공식 URL을 저빈도로 재확인했습니다. 목록 표본을 확인하지 못했습니다. 상세 제목 일치는 아직 확인되지 않았습니다 여러 저빈도 접근에서 HTTP 응답 이전 네트워크/TLS 문제가 반복됐습니다.,false,false,false,false,false,false,true,true,P3,External,출처별 재시도 큐에 남기고 정상 응답이 확인될 때만 활성화한다.,transport retry policy,낮음,beta 제외 후 다음 운영 주기 재확인,공식 목록에서 표본 제목과 생성/실제 상세 URL의 제목 일치 확인,false
ou_1737_univ_001,강남대학교,강남대학교 장학공지,https://web.kangnam.ac.kr/menu/f19069e6134f8f8aa7f689a4a675e66f.do?searchMenuSeq=117,https://web.kangnam.ac.kr,verified_external_block,empty_observed,empty_observed,true,true,200,"[{""url"":""https://web.kangnam.ac.kr/menu/f19069e6134f8f8aa7f689a4a675e66f.do?searchMenuSeq=117"",""status"":200,""location"":null}]",https://web.kangnam.ac.kr/menu/f19069e6134f8f8aa7f689a4a675e66f.do?searchMenuSeq=117,text/html;charset=utf-8,utf-8,85814,1203,"[{""status"":200,""final_url"":""https://web.kangnam.ac.kr/menu/f19069e6134f8f8aa7f689a4a675e66f.do?searchMenuSeq=117"",""response_time_ms"":1203,""response_size"":85814,""error"":null,""redirect_chain"":[{""url"":""https://web.kangnam.ac.kr/menu/f19069e6134f8f8aa7f689a4a675e66f.do?searchMenuSeq=117"",""status"":200,""location"":null}]},{""status"":200,""final_url"":""https://web.kangnam.ac.kr/menu/f19069e6134f8f8aa7f689a4a675e66f.do?searchMenuSeq=117"",""response_time_ms"":1104,""response_size"":85814,""error"":null,""redirect_chain"":[{""url"":""https://web.kangnam.ac.kr/menu/f19069e6134f8f8aa7f689a4a675e66f.do?searchMenuSeq=117"",""status"":200,""location"":null}]}]",true,브라우저와 같은 비인증 공개 HTTP 접근으로 관측; 최종 사람 브라우저 체크는 HTML에서 수행,public_http_accessible_but_coherent_crawler_non_success,true,true,강남대학교 홈페이지,false,0,,false,true,false,false,,false,0,,0,0,0,true,true,true,,,,"[{""raw"":""2023-01-04"",""value"":""2023-01-04T00:00:00.000Z""},{""raw"":""2023-01-04"",""value"":""2023-01-04T00:00:00.000Z""}]",,,false,login_or_auth,confirmed_login_required,high,강남대학교의 공식 URL을 저빈도로 재확인했습니다. 목록 표본을 확인하지 못했습니다. 상세 제목 일치는 아직 확인되지 않았습니다 목록 접근에 로그인 또는 인증이 요구되는 신호가 있어 beta 공개 source로 바로 쓰기 어렵습니다.,false,false,false,false,false,false,true,true,P3,External,로그인 자동화 없이 공개 대체 장학 게시판을 찾고 없으면 beta에서 제외한다.,external university policy,낮음,beta 제외 후 다음 운영 주기 재확인,공식 목록에서 표본 제목과 생성/실제 상세 URL의 제목 일치 확인,false
ou_1745_univ_001,강서대학교,강서대학교 장학공지,https://gangseo.ac.kr/kcua/boardList?menuCode=BC0703,https://gangseo.ac.kr,still_unresolved,empty_observed,empty_observed,true,true,200,"[{""url"":""https://gangseo.ac.kr/kcua/boardList?menuCode=BC0703"",""status"":200,""location"":null}]",https://gangseo.ac.kr/kcua/boardList?menuCode=BC0703,text/html;charset=UTF-8,UTF-8,54725,1103,"[{""status"":200,""final_url"":""https://gangseo.ac.kr/kcua/boardList?menuCode=BC0703"",""response_time_ms"":1103,""response_size"":54725,""error"":null,""redirect_chain"":[{""url"":""https://gangseo.ac.kr/kcua/boardList?menuCode=BC0703"",""status"":200,""location"":null}]},{""status"":200,""final_url"":""https://gangseo.ac.kr/kcua/boardList?menuCode=BC0703"",""response_time_ms"":896,""response_size"":54725,""error"":null,""redirect_chain"":[{""url"":""https://gangseo.ac.kr/kcua/boardList?menuCode=BC0703"",""status"":200,""location"":null}]}]",true,브라우저와 같은 비인증 공개 HTTP 접근으로 관측; 최종 사람 브라우저 체크는 HTML에서 수행,public_http_accessible_but_coherent_crawler_non_success,true,true,강서광장>강서대학교 소통광장>공지사항,true,16,학부증명발급,false,false,false,false,,false,16,,22,0,0,true,false,true,학부증명발급,https://uni.webminwon.com/servlet/WMINDEX?COMMAND=ACTIVEX&GIWANNO=021107,"{""href"":""https://uni.webminwon.com/servlet/WMINDEX?COMMAND=ACTIVEX&GIWANNO=021107"",""onclick"":"""",""data"":"""",""title"":""학부증명발급""}","[{""raw"":""2026-07-23"",""value"":""2026-07-23T00:00:00.000Z""},{""raw"":""2026-07-23"",""value"":""2026-07-23T00:00:00.000Z""},{""raw"":""2026-07-21"",""value"":""2026-07-21T00:00:00.000Z""},{""raw"":""2026-06-08"",""value"":""2026-06-08T00:00:00.000Z""},{""raw"":""2026-03-13"",""value"":""2026-03-13T00:00:00.000Z""},{""raw"":""2026-03-03"",""value"":""2026-03-03T00:00:00.000Z""},{""raw"":""2026-07-21"",""value"":""2026-07-21T00:00:00.000Z""},{""raw"":""2026-07-21"",""value"":""2026-07-21T00:00:00.000Z""},{""raw"":""2026-07-07"",""value"":""2026-07-07T00:00:00.000Z""},{""raw"":""2026-07-01"",""value"":""2026-07-01T00:00:00.000Z""},{""raw"":""2026-07-01"",""value"":""2026-07-01T00:00:00.000Z""},{""raw"":""2026-06-22"",""value"":""2026-06-22T00:00:00.000Z""},{""raw"":""2026-06-19"",""value"":""2026-06-19T00:00:00.000Z""},{""raw"":""2026-06-18"",""value"":""2026-06-18T00:00:00.000Z""},{""raw"":""2026-06-18"",""value"":""2026-06-18T00:00:00.000Z""},{""raw"":""2026-06-18"",""value"":""2026-06-18T00:00:00.000Z""}]",https://uni.webminwon.com/servlet/WMINDEX?COMMAND=ACTIVEX&GIWANNO=021107,,false,xhr_or_post_required,public_xhr_or_post_adapter_required,low,강서대학교의 공식 URL을 저빈도로 재확인했습니다. 공지 목록 표본이 보입니다. 상세 제목 일치는 아직 확인되지 않았습니다 공개 목록이 XHR 또는 POST로 생성되는 흔적이 있어 일반 HTML 추출만으로는 부족합니다.,true,false,true,false,false,false,false,false,P1,M,공개 목록 XHR 또는 POST 요청을 재현하는 제한된 adapter를 만든다.,shared XHR/POST adapter,중간,검증 실패 시 beta 활성화를 보류하고 수동 확인,공식 목록에서 표본 제목과 생성/실제 상세 URL의 제목 일치 확인,false
ou_1751_univ_001,강원대학교,강원대학교 장학공지,https://itcall.kangwon.ac.kr/www/selectBbsNttList.do?bbsNo=34&key=232,https://itcall.kangwon.ac.kr,verified_external_block,http_error,http_error,true,true,403,"[{""url"":""https://itcall.kangwon.ac.kr/www/selectBbsNttList.do?bbsNo=34&key=232"",""status"":403,""location"":null}]",https://itcall.kangwon.ac.kr/www/selectBbsNttList.do?bbsNo=34&key=232,text/html;charset=UTF-8,UTF-8,1579,1193,"[{""status"":403,""final_url"":""https://itcall.kangwon.ac.kr/www/selectBbsNttList.do?bbsNo=34&key=232"",""response_time_ms"":1193,""response_size"":1579,""error"":null,""redirect_chain"":[{""url"":""https://itcall.kangwon.ac.kr/www/selectBbsNttList.do?bbsNo=34&key=232"",""status"":403,""location"":null}]},{""status"":403,""final_url"":""https://itcall.kangwon.ac.kr/www/selectBbsNttList.do?bbsNo=34&key=232"",""response_time_ms"":51,""response_size"":1579,""error"":null,""redirect_chain"":[{""url"":""https://itcall.kangwon.ac.kr/www/selectBbsNttList.do?bbsNo=34&key=232"",""status"":403,""location"":null}]}]",false,브라우저와 같은 비인증 공개 HTTP 접근으로 관측; 최종 사람 브라우저 체크는 HTML에서 수행,not_observed,true,true,403,false,0,,false,false,false,false,,false,0,0,0,0,0,false,false,false,,,,[],,,false,http_403,confirmed_http_403,high,강원대학교의 공식 URL을 저빈도로 재확인했습니다. 목록 표본을 확인하지 못했습니다. 상세 제목 일치는 아직 확인되지 않았습니다 일반 HTTP 접근도 403으로 거절되어 차단 우회 없이 공개 대체 경로를 찾아야 합니다.,false,false,false,false,false,false,true,true,P3,External,차단 우회를 하지 않고 공식 공개 대체 게시판만 조사한다.,external university policy,낮음,beta 제외 후 다음 운영 주기 재확인,공식 목록에서 표본 제목과 생성/실제 상세 URL의 제목 일치 확인,false
ou_1878_univ_001,경성대학교,경성대학교 장학공지,https://kscms.ks.ac.kr/janghak/CMS/Board/Board.do?mCode=MN060,https://kscms.ks.ac.kr,,timeout,attempt_timeout,true,true,200,"[{""url"":""https://kscms.ks.ac.kr/janghak/CMS/Board/Board.do?mCode=MN060"",""status"":200,""location"":null}]",https://kscms.ks.ac.kr/janghak/CMS/Board/Board.do?mCode=MN060,text/html; charset=UTF-8,UTF-8,41854,772,"[{""status"":200,""final_url"":""https://kscms.ks.ac.kr/janghak/CMS/Board/Board.do?mCode=MN060"",""response_time_ms"":772,""response_size"":41854,""error"":null,""redirect_chain"":[{""url"":""https://kscms.ks.ac.kr/janghak/CMS/Board/Board.do?mCode=MN060"",""status"":200,""location"":null}]},{""status"":200,""final_url"":""https://kscms.ks.ac.kr/janghak/CMS/Board/Board.do?mCode=MN060"",""response_time_ms"":475,""response_size"":41854,""error"":null,""redirect_chain"":[{""url"":""https://kscms.ks.ac.kr/janghak/CMS/Board/Board.do?mCode=MN060"",""status"":200,""location"":null}]},{""status"":200,""final_url"":""https://kscms.ks.ac.kr/janghak/CMS/Board/Board.do?mCode=MN060"",""response_time_ms"":333,""response_size"":41854,""error"":null,""redirect_chain"":[{""url"":""https://kscms.ks.ac.kr/janghak/CMS/Board/Board.do?mCode=MN060"",""status"":200,""location"":null}]}]",true,브라우저와 같은 비인증 공개 HTTP 접근으로 관측; 최종 사람 브라우저 체크는 HTML에서 수행,public_http_accessible_but_coherent_crawler_non_success,true,true,장학정보 < 커뮤니티 > 장학정보(*),true,20,2026학년도 2학기 국가근로 장학생 선발 안내,false,true,false,false,,false,20,20,20,0,0,true,true,true,2026학년도 2학기 국가근로 장학생 선발 안내,?mCode=MN060&mode=view&mgr_seq=30&board_seq=179108,"{""href"":""?mCode=MN060&mode=view&mgr_seq=30&board_seq=179108"",""onclick"":"""",""data"":"""",""title"":""2026학년도 2학기 국가근로 장학생 선발 안내""}","[{""raw"":""2026-07-10"",""value"":""2026-07-10T00:00:00.000Z""},{""raw"":""2026-07-02"",""value"":""2026-07-02T00:00:00.000Z""},{""raw"":""2026-05-19"",""value"":""2026-05-19T00:00:00.000Z""},{""raw"":""2026-03-16"",""value"":""2026-03-16T00:00:00.000Z""},{""raw"":""2026-02-26"",""value"":""2026-02-26T00:00:00.000Z""},{""raw"":""2025-01-17"",""value"":""2025-01-17T00:00:00.000Z""},{""raw"":""2024-10-30"",""value"":""2024-10-30T00:00:00.000Z""},{""raw"":""2026년 5.18"",""value"":""2026-05-18T00:00:00.000Z""},{""raw"":""2026-07-29"",""value"":""2026-07-29T00:00:00.000Z""},{""raw"":""2026-07-22"",""value"":""2026-07-22T00:00:00.000Z""},{""raw"":""2026-07-20"",""value"":""2026-07-20T00:00:00.000Z""},{""raw"":""2026-07-13"",""value"":""2026-07-13T00:00:00.000Z""},{""raw"":""2026-07-06"",""value"":""2026-07-06T00:00:00.000Z""},{""raw"":""2026-07-02"",""value"":""2026-07-02T00:00:00.000Z""},{""raw"":""2026-07-02"",""value"":""2026-07-02T00:00:00.000Z""},{""raw"":""2026-06-29"",""value"":""2026-06-29T00:00:00.000Z""},{""raw"":""2026-06-26"",""value"":""2026-06-26T00:00:00.000Z""},{""raw"":""2026-06-18"",""value"":""2026-06-18T00:00:00.000Z""},{""raw"":""2026. 6. 17"",""value"":""2026-06-17T00:00:00.000Z""},{""raw"":""2026-06-11"",""value"":""2026-06-11T00:00:00.000Z""},{""raw"":""2026-06-11"",""value"":""2026-06-11T00:00:00.000Z""},{""raw"":""2026-06-08"",""value"":""2026-06-08T00:00:00.000Z""}]",https://kscms.ks.ac.kr/janghak/CMS/Board/Board.do?mCode=MN060&mode=view&mgr_seq=30&board_seq=179108,장학정보 < 커뮤니티 > 장학정보(*),true,login_or_auth,confirmed_login_required,high,경성대학교의 공식 URL을 저빈도로 재확인했습니다. 공지 목록 표본이 보입니다. 표본 제목과 상세 페이지의 일치도 확인했습니다 목록 접근에 로그인 또는 인증이 요구되는 신호가 있어 beta 공개 source로 바로 쓰기 어렵습니다.,false,false,false,false,false,false,true,true,P3,External,로그인 자동화 없이 공개 대체 장학 게시판을 찾고 없으면 beta에서 제외한다.,external university policy,낮음,beta 제외 후 다음 운영 주기 재확인,공식 목록에서 표본 제목과 생성/실제 상세 URL의 제목 일치 확인,false
ou_1888_univ_001,경운대학교,경운대학교 장학공지,https://www.ikw.ac.kr/page/link.tc?mn=2589&pageSeq=1929,https://www.ikw.ac.kr,temporarily_unavailable,network_error,transport_http_forbidden,true,true,,[],https://www.ikw.ac.kr/page/link.tc?mn=2589&pageSeq=1929,,,0,36,"[{""status"":null,""final_url"":""https://www.ikw.ac.kr/page/link.tc?mn=2589&pageSeq=1929"",""response_time_ms"":220,""response_size"":0,""error"":""TypeError"",""redirect_chain"":[]},{""status"":null,""final_url"":""https://www.ikw.ac.kr/page/link.tc?mn=2589&pageSeq=1929"",""response_time_ms"":53,""response_size"":0,""error"":""TypeError"",""redirect_chain"":[]},{""status"":null,""final_url"":""https://www.ikw.ac.kr/page/link.tc?mn=2589&pageSeq=1929"",""response_time_ms"":36,""response_size"":0,""error"":""TypeError"",""redirect_chain"":[]}]",false,브라우저와 같은 비인증 공개 HTTP 접근으로 관측; 최종 사람 브라우저 체크는 HTML에서 수행,not_observed,true,true,,false,0,,false,false,false,false,,false,0,,0,0,0,false,false,false,,,,[],,,false,connection_reset,temporary_dns_or_tls_failure,low,경운대학교의 공식 URL을 저빈도로 재확인했습니다. 목록 표본을 확인하지 못했습니다. 상세 제목 일치는 아직 확인되지 않았습니다 여러 저빈도 접근에서 HTTP 응답 이전 네트워크/TLS 문제가 반복됐습니다.,false,false,false,false,false,false,true,true,P3,External,출처별 재시도 큐에 남기고 정상 응답이 확인될 때만 활성화한다.,transport retry policy,낮음,beta 제외 후 다음 운영 주기 재확인,공식 목록에서 표본 제목과 생성/실제 상세 URL의 제목 일치 확인,false
ou_1923_univ_001,계명대학교,계명대학교 장학공지,https://www.kmu.ac.kr/uni/main/page.jsp?mnu_uid=145,https://www.kmu.ac.kr,temporarily_unavailable,network_error,network_error,true,true,,[],https://www.kmu.ac.kr/uni/main/page.jsp?mnu_uid=145,,,0,50,"[{""status"":null,""final_url"":""https://www.kmu.ac.kr/uni/main/page.jsp?mnu_uid=145"",""response_time_ms"":209,""response_size"":0,""error"":""TypeError"",""redirect_chain"":[]},{""status"":null,""final_url"":""https://www.kmu.ac.kr/uni/main/page.jsp?mnu_uid=145"",""response_time_ms"":53,""response_size"":0,""error"":""TypeError"",""redirect_chain"":[]},{""status"":null,""final_url"":""https://www.kmu.ac.kr/uni/main/page.jsp?mnu_uid=145"",""response_time_ms"":50,""response_size"":0,""error"":""TypeError"",""redirect_chain"":[]}]",false,브라우저와 같은 비인증 공개 HTTP 접근으로 관측; 최종 사람 브라우저 체크는 HTML에서 수행,not_observed,true,true,,false,0,,false,false,false,false,,false,0,,0,0,0,false,false,false,,,,[],,,false,connection_reset,temporary_dns_or_tls_failure,low,계명대학교의 공식 URL을 저빈도로 재확인했습니다. 목록 표본을 확인하지 못했습니다. 상세 제목 일치는 아직 확인되지 않았습니다 여러 저빈도 접근에서 HTTP 응답 이전 네트워크/TLS 문제가 반복됐습니다.,false,false,false,false,false,false,true,true,P3,External,출처별 재시도 큐에 남기고 정상 응답이 확인될 때만 활성화한다.,transport retry policy,낮음,beta 제외 후 다음 운영 주기 재확인,공식 목록에서 표본 제목과 생성/실제 상세 URL의 제목 일치 확인,false
ou_1986_univ_001,광신대학교,광신대학교 장학공지,https://www.kwangshin.ac.kr/front/boardList.do?brd_mgrno=180&menu_no=442,https://www.kwangshin.ac.kr,still_unresolved,empty_observed,empty_observed,true,true,200,"[{""url"":""https://www.kwangshin.ac.kr/front/boardList.do?brd_mgrno=180&menu_no=442"",""status"":200,""location"":null}]",https://www.kwangshin.ac.kr/front/boardList.do?brd_mgrno=180&menu_no=442,text/html;charset=utf-8,utf-8,53753,2675,"[{""status"":200,""final_url"":""https://www.kwangshin.ac.kr/front/boardList.do?brd_mgrno=180&menu_no=442"",""response_time_ms"":2675,""response_size"":53753,""error"":null,""redirect_chain"":[{""url"":""https://www.kwangshin.ac.kr/front/boardList.do?brd_mgrno=180&menu_no=442"",""status"":200,""location"":null}]},{""status"":200,""final_url"":""https://www.kwangshin.ac.kr/front/boardList.do?brd_mgrno=180&menu_no=442"",""response_time_ms"":286,""response_size"":53753,""error"":null,""redirect_chain"":[{""url"":""https://www.kwangshin.ac.kr/front/boardList.do?brd_mgrno=180&menu_no=442"",""status"":200,""location"":null}]}]",true,브라우저와 같은 비인증 공개 HTTP 접근으로 관측; 최종 사람 브라우저 체크는 HTML에서 수행,public_http_accessible_but_coherent_crawler_non_success,true,true,HOME > 커뮤니티 > 공지사항,true,12,대학소개,false,true,false,false,,false,12,12,187,0,0,true,true,true,대학소개,/home/contentsInfo.do?menu_no=391,"{""href"":""/home/contentsInfo.do?menu_no=391"",""onclick"":"""",""data"":"""",""title"":""대학소개""}","[{""raw"":""2026.07.28"",""value"":""2026-07-28T00:00:00.000Z""},{""raw"":""2026.07.16"",""value"":""2026-07-16T00:00:00.000Z""},{""raw"":""2026.06.26"",""value"":""2026-06-26T00:00:00.000Z""},{""raw"":""2026.06.25"",""value"":""2026-06-25T00:00:00.000Z""},{""raw"":""2026.06.25"",""value"":""2026-06-25T00:00:00.000Z""},{""raw"":""2026.06.22"",""value"":""2026-06-22T00:00:00.000Z""},{""raw"":""2026.06.11"",""value"":""2026-06-11T00:00:00.000Z""},{""raw"":""2026.06.04"",""value"":""2026-06-04T00:00:00.000Z""},{""raw"":""2026.05.29"",""value"":""2026-05-29T00:00:00.000Z""},{""raw"":""2026.05.28"",""value"":""2026-05-28T00:00:00.000Z""}]",https://www.kwangshin.ac.kr/home/contentsInfo.do?menu_no=391,HOME > 대학소개 > 교가,true,login_or_auth,confirmed_login_required,high,광신대학교의 공식 URL을 저빈도로 재확인했습니다. 공지 목록 표본이 보입니다. 표본 제목과 상세 페이지의 일치도 확인했습니다 목록 접근에 로그인 또는 인증이 요구되는 신호가 있어 beta 공개 source로 바로 쓰기 어렵습니다.,false,false,false,false,false,false,true,true,P3,External,로그인 자동화 없이 공개 대체 장학 게시판을 찾고 없으면 beta에서 제외한다.,external university policy,낮음,beta 제외 후 다음 운영 주기 재확인,공식 목록에서 표본 제목과 생성/실제 상세 URL의 제목 일치 확인,false
ou_2015_univ_001,광주여자대학교,광주여자대학교 장학공지,https://www.kwu.ac.kr/mod/board/list.do?MID=KWU_B06010401,https://www.kwu.ac.kr,verified_external_block,empty_observed,empty_observed,true,true,200,"[{""url"":""https://www.kwu.ac.kr/mod/board/list.do?MID=KWU_B06010401"",""status"":200,""location"":null}]",https://www.kwu.ac.kr/mod/board/list.do?MID=KWU_B06010401,text/html;charset=UTF-8,UTF-8,588,457,"[{""status"":200,""final_url"":""https://www.kwu.ac.kr/mod/board/list.do?MID=KWU_B06010401"",""response_time_ms"":457,""response_size"":588,""error"":null,""redirect_chain"":[{""url"":""https://www.kwu.ac.kr/mod/board/list.do?MID=KWU_B06010401"",""status"":200,""location"":null}]},{""status"":200,""final_url"":""https://www.kwu.ac.kr/mod/board/list.do?MID=KWU_B06010401"",""response_time_ms"":251,""response_size"":588,""error"":null,""redirect_chain"":[{""url"":""https://www.kwu.ac.kr/mod/board/list.do?MID=KWU_B06010401"",""status"":200,""location"":null}]}]",true,브라우저와 같은 비인증 공개 HTTP 접근으로 관측; 최종 사람 브라우저 체크는 HTML에서 수행,public_http_accessible_but_coherent_crawler_non_success,true,true,,false,0,,false,true,false,true,/sso/login_post_proc.jsp?ty=url,false,0,0,0,0,0,false,false,false,,,,[],,,false,login_or_auth,confirmed_login_required,high,광주여자대학교의 공식 URL을 저빈도로 재확인했습니다. 목록 표본을 확인하지 못했습니다. 상세 제목 일치는 아직 확인되지 않았습니다 목록 접근에 로그인 또는 인증이 요구되는 신호가 있어 beta 공개 source로 바로 쓰기 어렵습니다.,false,false,false,false,false,false,true,true,P3,External,로그인 자동화 없이 공개 대체 장학 게시판을 찾고 없으면 beta에서 제외한다.,external university policy,낮음,beta 제외 후 다음 운영 주기 재확인,공식 목록에서 표본 제목과 생성/실제 상세 URL의 제목 일치 확인,false
ou_2062_univ_001,국립목포해양대학교,국립목포해양대학교 장학공지,https://www.mmu.ac.kr/main/board/303,https://www.mmu.ac.kr,temporarily_unavailable,network_error,network_error,true,true,,[],https://www.mmu.ac.kr/main/board/303,,,0,245,"[{""status"":null,""final_url"":""https://www.mmu.ac.kr/main/board/303"",""response_time_ms"":322,""response_size"":0,""error"":""TypeError"",""redirect_chain"":[]},{""status"":null,""final_url"":""https://www.mmu.ac.kr/main/board/303"",""response_time_ms"":230,""response_size"":0,""error"":""TypeError"",""redirect_chain"":[]},{""status"":null,""final_url"":""https://www.mmu.ac.kr/main/board/303"",""response_time_ms"":245,""response_size"":0,""error"":""TypeError"",""redirect_chain"":[]}]",false,브라우저와 같은 비인증 공개 HTTP 접근으로 관측; 최종 사람 브라우저 체크는 HTML에서 수행,not_observed,true,true,,false,0,,false,false,false,false,,false,0,,0,0,0,false,false,false,,,,[],,,false,connection_reset,temporary_dns_or_tls_failure,low,국립목포해양대학교의 공식 URL을 저빈도로 재확인했습니다. 목록 표본을 확인하지 못했습니다. 상세 제목 일치는 아직 확인되지 않았습니다 여러 저빈도 접근에서 HTTP 응답 이전 네트워크/TLS 문제가 반복됐습니다.,false,false,false,false,false,false,true,true,P3,External,출처별 재시도 큐에 남기고 정상 응답이 확인될 때만 활성화한다.,transport retry policy,낮음,beta 제외 후 다음 운영 주기 재확인,공식 목록에서 표본 제목과 생성/실제 상세 URL의 제목 일치 확인,false
ou_2097_univ_001,국립한국해양대학교,국립한국해양대학교 장학공지,https://www.kmou.ac.kr/kmou/na/ntt/selectNttList.do?mi=5691&bbsId=1041,https://www.kmou.ac.kr,replacement_source_not_found,http_error,http_error,true,true,404,"[{""url"":""https://www.kmou.ac.kr/kmou/na/ntt/selectNttList.do?mi=5691&bbsId=1041"",""status"":404,""location"":null}]",https://www.kmou.ac.kr/kmou/na/ntt/selectNttList.do?mi=5691&bbsId=1041,text/html; charset=UTF-8,UTF-8,211,174,"[{""status"":404,""final_url"":""https://www.kmou.ac.kr/kmou/na/ntt/selectNttList.do?mi=5691&bbsId=1041"",""response_time_ms"":174,""response_size"":211,""error"":null,""redirect_chain"":[{""url"":""https://www.kmou.ac.kr/kmou/na/ntt/selectNttList.do?mi=5691&bbsId=1041"",""status"":404,""location"":null}]},{""status"":404,""final_url"":""https://www.kmou.ac.kr/kmou/na/ntt/selectNttList.do?mi=5691&bbsId=1041"",""response_time_ms"":86,""response_size"":211,""error"":null,""redirect_chain"":[{""url"":""https://www.kmou.ac.kr/kmou/na/ntt/selectNttList.do?mi=5691&bbsId=1041"",""status"":404,""location"":null}]}]",false,브라우저와 같은 비인증 공개 HTTP 접근으로 관측; 최종 사람 브라우저 체크는 HTML에서 수행,not_observed,true,true,시스템안내,false,0,,false,false,false,false,,false,0,0,0,0,0,false,false,false,,,,[],,,false,wrong_or_stale_source_url,wrong_or_stale_list_url,low,국립한국해양대학교의 공식 URL을 저빈도로 재확인했습니다. 목록 표본을 확인하지 못했습니다. 상세 제목 일치는 아직 확인되지 않았습니다 현재 URL이 404 또는 오래된 경로여서 중앙 게시판 부재로 단정할 수 없습니다.,false,true,false,false,false,true,false,false,P2,S,공식 대학 사이트에서 중앙 장학 게시판의 replacement URL을 확인한 뒤 교체한다.,source registry,중간,검증 실패 시 beta 활성화를 보류하고 수동 확인,공식 목록에서 표본 제목과 생성/실제 상세 URL의 제목 일치 확인,false
ou_2106_univ_001,국립한밭대학교,국립한밭대학교 장학공지,https://www.hanbat.ac.kr/bbs/BBSMSTR_000000001261/list.do,https://www.hanbat.ac.kr,temporarily_unavailable,timeout,attempt_timeout,true,true,200,"[{""url"":""https://www.hanbat.ac.kr/bbs/BBSMSTR_000000001261/list.do"",""status"":200,""location"":null}]",https://www.hanbat.ac.kr/bbs/BBSMSTR_000000001261/list.do,text/html; charset=UTF-8,UTF-8,445541,549,"[{""status"":200,""final_url"":""https://www.hanbat.ac.kr/bbs/BBSMSTR_000000001261/list.do"",""response_time_ms"":549,""response_size"":445541,""error"":null,""redirect_chain"":[{""url"":""https://www.hanbat.ac.kr/bbs/BBSMSTR_000000001261/list.do"",""status"":200,""location"":null}]},{""status"":200,""final_url"":""https://www.hanbat.ac.kr/bbs/BBSMSTR_000000001261/list.do"",""response_time_ms"":462,""response_size"":445541,""error"":null,""redirect_chain"":[{""url"":""https://www.hanbat.ac.kr/bbs/BBSMSTR_000000001261/list.do"",""status"":200,""location"":null}]},{""status"":200,""final_url"":""https://www.hanbat.ac.kr/bbs/BBSMSTR_000000001261/list.do"",""response_time_ms"":389,""response_size"":445541,""error"":null,""redirect_chain"":[{""url"":""https://www.hanbat.ac.kr/bbs/BBSMSTR_000000001261/list.do"",""status"":200,""location"":null}]}]",true,브라우저와 같은 비인증 공개 HTTP 접근으로 관측; 최종 사람 브라우저 체크는 HTML에서 수행,public_http_accessible_but_coherent_crawler_non_success,true,true,장학공지 > 장학금 > 학사 및 장학정보 > 국립한밭대학교,true,13,대학통계,false,true,false,false,,false,13,13,16,13,1,true,true,true,대학통계,/prog/dataDetail/STAT/view.do?kind=&detailNo=132,"{""href"":""/prog/dataDetail/STAT/view.do?kind=&detailNo=132"",""onclick"":"""",""data"":"""",""title"":""대학통계""}","[{""raw"":""2026-07-16"",""value"":""2026-07-16T00:00:00.000Z""},{""raw"":""2026-06-30"",""value"":""2026-06-30T00:00:00.000Z""},{""raw"":""2026-01-21"",""value"":""2026-01-21T00:00:00.000Z""},{""raw"":""2026-07-23"",""value"":""2026-07-23T00:00:00.000Z""},{""raw"":""2026-07-21"",""value"":""2026-07-21T00:00:00.000Z""},{""raw"":""2026-07-16"",""value"":""2026-07-16T00:00:00.000Z""},{""raw"":""2026-07-13"",""value"":""2026-07-13T00:00:00.000Z""},{""raw"":""2026-07-08"",""value"":""2026-07-08T00:00:00.000Z""},{""raw"":""2026-07-07"",""value"":""2026-07-07T00:00:00.000Z""},{""raw"":""2026-07-06"",""value"":""2026-07-06T00:00:00.000Z""},{""raw"":""2026-07-02"",""value"":""2026-07-02T00:00:00.000Z""},{""raw"":""2026-06-30"",""value"":""2026-06-30T00:00:00.000Z""},{""raw"":""2026-06-22"",""value"":""2026-06-22T00:00:00.000Z""}]",https://www.hanbat.ac.kr/prog/dataDetail/STAT/view.do?kind=&detailNo=132,통계연보 > 대학통계 > 대학소개 > HI HANBAT >,true,login_or_auth,confirmed_login_required,high,국립한밭대학교의 공식 URL을 저빈도로 재확인했습니다. 공지 목록 표본이 보입니다. 표본 제목과 상세 페이지의 일치도 확인했습니다 목록 접근에 로그인 또는 인증이 요구되는 신호가 있어 beta 공개 source로 바로 쓰기 어렵습니다.,false,false,false,false,false,false,true,true,P3,External,로그인 자동화 없이 공개 대체 장학 게시판을 찾고 없으면 beta에서 제외한다.,external university policy,낮음,beta 제외 후 다음 운영 주기 재확인,공식 목록에서 표본 제목과 생성/실제 상세 URL의 제목 일치 확인,false
ou_2112_univ_001,국민대학교,국민대학교 장학공지,https://www.kookmin.ac.kr/user/kmuNews/notice/7/index.do,https://www.kookmin.ac.kr,still_unresolved,empty_observed,empty_observed,true,true,200,"[{""url"":""https://www.kookmin.ac.kr/user/kmuNews/notice/7/index.do"",""status"":200,""location"":null}]",https://www.kookmin.ac.kr/user/kmuNews/notice/7/index.do,text/html;charset=utf-8,utf-8,106624,789,"[{""status"":200,""final_url"":""https://www.kookmin.ac.kr/user/kmuNews/notice/7/index.do"",""response_time_ms"":789,""response_size"":106624,""error"":null,""redirect_chain"":[{""url"":""https://www.kookmin.ac.kr/user/kmuNews/notice/7/index.do"",""status"":200,""location"":null}]},{""status"":200,""final_url"":""https://www.kookmin.ac.kr/user/kmuNews/notice/7/index.do"",""response_time_ms"":594,""response_size"":106624,""error"":null,""redirect_chain"":[{""url"":""https://www.kookmin.ac.kr/user/kmuNews/notice/7/index.do"",""status"":200,""location"":null}]}]",true,브라우저와 같은 비인증 공개 HTTP 접근으로 관측; 최종 사람 브라우저 체크는 HTML에서 수행,public_http_accessible_but_coherent_crawler_non_success,true,true,장학공지:국민대학교,true,30,2026 5·18 기념재단 5·18 희망장학생 모집,false,false,false,true,,false,30,10,20,0,0,true,true,false,2026 5·18 기념재단 5·18 희망장학생 모집,/user/kmuNews/notice/7/12163/view.do?currentPageNo=1,"{""href"":""/user/kmuNews/notice/7/12163/view.do?currentPageNo=1"",""onclick"":"""",""data"":"""",""title"":""2026 5·18 기념재단 5·18 희망장학생 모집""}","[{""raw"":""2019-08-20"",""value"":""2019-08-20T00:00:00.000Z""},{""raw"":""2026.07.22"",""value"":""2026-07-22T00:00:00.000Z""},{""raw"":""2026.07.14"",""value"":""2026-07-14T00:00:00.000Z""},{""raw"":""2026.07.14"",""value"":""2026-07-14T00:00:00.000Z""},{""raw"":""2026.07.13"",""value"":""2026-07-13T00:00:00.000Z""},{""raw"":""2026.07.10"",""value"":""2026-07-10T00:00:00.000Z""},{""raw"":""2026.07.08"",""value"":""2026-07-08T00:00:00.000Z""},{""raw"":""2026.07.07"",""value"":""2026-07-07T00:00:00.000Z""},{""raw"":""2026.07.07"",""value"":""2026-07-07T00:00:00.000Z""},{""raw"":""2026.07.06"",""value"":""2026-07-06T00:00:00.000Z""},{""raw"":""2026.07.03"",""value"":""2026-07-03T00:00:00.000Z""},{""raw"":""2026.07.01"",""value"":""2026-07-01T00:00:00.000Z""},{""raw"":""2026.07.01"",""value"":""2026-07-01T00:00:00.000Z""},{""raw"":""2015.12.01"",""value"":""2015-12-01T00:00:00.000Z""}]",https://www.kookmin.ac.kr/user/kmuNews/notice/7/12163/view.do?currentPageNo=1,장학공지:국민대학교,true,xhr_or_post_required,public_xhr_or_post_adapter_required,low,국민대학교의 공식 URL을 저빈도로 재확인했습니다. 공지 목록 표본이 보입니다. 표본 제목과 상세 페이지의 일치도 확인했습니다 공개 목록이 XHR 또는 POST로 생성되는 흔적이 있어 일반 HTML 추출만으로는 부족합니다.,true,false,true,false,false,false,false,false,P1,M,공개 목록 XHR 또는 POST 요청을 재현하는 제한된 adapter를 만든다.,shared XHR/POST adapter,중간,검증 실패 시 beta 활성화를 보류하고 수동 확인,공식 목록에서 표본 제목과 생성/실제 상세 URL의 제목 일치 확인,false
ou_2149_univ_001,김천대학교,김천대학교 장학공지,https://www.kcu.ac.kr/kcua/boardList?menuCode=BC0703,https://www.kcu.ac.kr,temporarily_unavailable,network_error,network_error,true,true,,[],https://www.kcu.ac.kr/kcua/boardList?menuCode=BC0703,,,0,28,"[{""status"":null,""final_url"":""https://www.kcu.ac.kr/kcua/boardList?menuCode=BC0703"",""response_time_ms"":188,""response_size"":0,""error"":""TypeError"",""redirect_chain"":[]},{""status"":null,""final_url"":""https://www.kcu.ac.kr/kcua/boardList?menuCode=BC0703"",""response_time_ms"":108,""response_size"":0,""error"":""TypeError"",""redirect_chain"":[]},{""status"":null,""final_url"":""https://www.kcu.ac.kr/kcua/boardList?menuCode=BC0703"",""response_time_ms"":28,""response_size"":0,""error"":""TypeError"",""redirect_chain"":[]}]",false,브라우저와 같은 비인증 공개 HTTP 접근으로 관측; 최종 사람 브라우저 체크는 HTML에서 수행,not_observed,true,true,,false,0,,false,false,false,false,,false,0,,0,0,0,false,false,false,,,,[],,,false,connection_reset,temporary_dns_or_tls_failure,low,김천대학교의 공식 URL을 저빈도로 재확인했습니다. 목록 표본을 확인하지 못했습니다. 상세 제목 일치는 아직 확인되지 않았습니다 여러 저빈도 접근에서 HTTP 응답 이전 네트워크/TLS 문제가 반복됐습니다.,false,false,false,false,false,false,true,true,P3,External,출처별 재시도 큐에 남기고 정상 응답이 확인될 때만 활성화한다.,transport retry policy,낮음,beta 제외 후 다음 운영 주기 재확인,공식 목록에서 표본 제목과 생성/실제 상세 URL의 제목 일치 확인,false
ou_2173_univ_001,남서울대학교,남서울대학교 장학공지,https://www.nsu.ac.kr/?m1=page&menu_id=134,https://www.nsu.ac.kr,verified_external_block,empty_observed,empty_observed,true,true,200,"[{""url"":""https://www.nsu.ac.kr/?m1=page&menu_id=134"",""status"":200,""location"":null}]",https://www.nsu.ac.kr/?m1=page&menu_id=134,text/html;charset=UTF-8,UTF-8,147368,303,"[{""status"":200,""final_url"":""https://www.nsu.ac.kr/?m1=page&menu_id=134"",""response_time_ms"":303,""response_size"":147368,""error"":null,""redirect_chain"":[{""url"":""https://www.nsu.ac.kr/?m1=page&menu_id=134"",""status"":200,""location"":null}]},{""status"":200,""final_url"":""https://www.nsu.ac.kr/?m1=page&menu_id=134"",""response_time_ms"":248,""response_size"":147368,""error"":null,""redirect_chain"":[{""url"":""https://www.nsu.ac.kr/?m1=page&menu_id=134"",""status"":200,""location"":null}]}]",true,브라우저와 같은 비인증 공개 HTTP 접근으로 관측; 최종 사람 브라우저 체크는 HTML에서 수행,public_http_accessible_but_coherent_crawler_non_success,true,true,남서울대학교 홈페이지,false,0,,false,true,false,false,,false,0,,0,0,0,false,false,false,,,,"[{""raw"":""2024.01.31"",""value"":""2024-01-31T00:00:00.000Z""},{""raw"":""2026-06-05"",""value"":""2026-06-05T00:00:00.000Z""},{""raw"":""2021-03-11"",""value"":""2021-03-11T00:00:00.000Z""},{""raw"":""2024-02-07"",""value"":""2024-02-07T00:00:00.000Z""},{""raw"":""2021-03-11"",""value"":""2021-03-11T00:00:00.000Z""},{""raw"":""2024-02-07"",""value"":""2024-02-07T00:00:00.000Z""},{""raw"":""2021-03-11"",""value"":""2021-03-11T00:00:00.000Z""},{""raw"":""2026-06-05"",""value"":""2026-06-05T00:00:00.000Z""},{""raw"":""2021-03-10"",""value"":""2021-03-10T00:00:00.000Z""},{""raw"":""2024-02-07"",""value"":""2024-02-07T00:00:00.000Z""},{""raw"":""2021-03-11"",""value"":""2021-03-11T00:00:00.000Z""},{""raw"":""2024-02-07"",""value"":""2024-02-07T00:00:00.000Z""},{""raw"":""2021-03-11"",""value"":""2021-03-11T00:00:00.000Z""},{""raw"":""2025-11-27"",""value"":""2025-11-27T00:00:00.000Z""},{""raw"":""2018-06-21"",""value"":""2018-06-21T00:00:00.000Z""},{""raw"":""2023-04-03"",""value"":""2023-04-03T00:00:00.000Z""},{""raw"":""2018-06-21"",""value"":""2018-06-21T00:00:00.000Z""},{""raw"":""2023-04-03"",""value"":""2023-04-03T00:00:00.000Z""},{""raw"":""2018-06-21"",""value"":""2018-06-21T00:00:00.000Z""},{""raw"":""2026-06-05"",""value"":""2026-06-05T00:00:00.000Z""},{""raw"":""2018-06-21"",""value"":""2018-06-21T00:00:00.000Z""},{""raw"":""2024-02-07"",""value"":""2024-02-07T00:00:00.000Z""},{""raw"":""2018-06-21"",""value"":""2018-06-21T00:00:00.000Z""},{""raw"":""2024-02-07"",""value"":""2024-02-07T00:00:00.000Z""},{""raw"":""2018-06-21"",""value"":""2018-06-21T00:00:00.000Z""},{""raw"":""2023-05-03"",""value"":""2023-05-03T00:00:00.000Z""},{""raw"":""2023-05-03"",""value"":""2023-05-03T00:00:00.000Z""},{""raw"":""2023-05-03"",""value"":""2023-05-03T00:00:00.000Z""},{""raw"":""2023-05-08"",""value"":""2023-05-08T00:00:00.000Z""},{""raw"":""2023-05-08"",""value"":""2023-05-08T00:00:00.000Z""},{""raw"":""2023-05-08"",""value"":""2023-05-08T00:00:00.000Z""},{""raw"":""2023-01-27"",""value"":""2023-01-27T00:00:00.000Z""},{""raw"":""2022-08-03"",""value"":""2022-08-03T00:00:00.000Z""},{""raw"":""2022-08-03"",""value"":""2022-08-03T00:00:00.000Z""}]",,,false,login_or_auth,confirmed_login_required,high,남서울대학교의 공식 URL을 저빈도로 재확인했습니다. 목록 표본을 확인하지 못했습니다. 상세 제목 일치는 아직 확인되지 않았습니다 목록 접근에 로그인 또는 인증이 요구되는 신호가 있어 beta 공개 source로 바로 쓰기 어렵습니다.,false,false,false,false,false,false,true,true,P3,External,로그인 자동화 없이 공개 대체 장학 게시판을 찾고 없으면 beta에서 제외한다.,external university policy,낮음,beta 제외 후 다음 운영 주기 재확인,공식 목록에서 표본 제목과 생성/실제 상세 URL의 제목 일치 확인,false
ou_2238_univ_001,대신대학교,대신대학교 장학공지,https://www.daeshin.ac.kr/html/05_community/01.php,https://www.daeshin.ac.kr,temporarily_unavailable,network_error,network_error,true,true,,[],https://www.daeshin.ac.kr/html/05_community/01.php,,,0,33,"[{""status"":null,""final_url"":""https://www.daeshin.ac.kr/html/05_community/01.php"",""response_time_ms"":2558,""response_size"":0,""error"":""TypeError"",""redirect_chain"":[]},{""status"":null,""final_url"":""https://www.daeshin.ac.kr/html/05_community/01.php"",""response_time_ms"":35,""response_size"":0,""error"":""TypeError"",""redirect_chain"":[]},{""status"":null,""final_url"":""https://www.daeshin.ac.kr/html/05_community/01.php"",""response_time_ms"":33,""response_size"":0,""error"":""TypeError"",""redirect_chain"":[]}]",false,브라우저와 같은 비인증 공개 HTTP 접근으로 관측; 최종 사람 브라우저 체크는 HTML에서 수행,not_observed,true,true,,false,0,,false,false,false,false,,false,0,,0,0,0,false,false,false,,,,[],,,false,connection_reset,temporary_dns_or_tls_failure,low,대신대학교의 공식 URL을 저빈도로 재확인했습니다. 목록 표본을 확인하지 못했습니다. 상세 제목 일치는 아직 확인되지 않았습니다 여러 저빈도 접근에서 HTTP 응답 이전 네트워크/TLS 문제가 반복됐습니다.,false,false,false,false,false,false,true,true,P3,External,출처별 재시도 큐에 남기고 정상 응답이 확인될 때만 활성화한다.,transport retry policy,낮음,beta 제외 후 다음 운영 주기 재확인,공식 목록에서 표본 제목과 생성/실제 상세 URL의 제목 일치 확인,false
ou_2257_univ_001,대진대학교,대진대학교 장학공지,https://www.daejin.ac.kr/daejin/1004/subview.do,https://www.daejin.ac.kr,temporarily_unavailable,network_error,transport_redirect_limit,true,true,302,"[{""url"":""https://www.daejin.ac.kr/daejin/1004/subview.do"",""status"":302,""location"":""/sso/checkToken.do?returnUrl=/daejin/1004/subview.do""},{""url"":""https://www.daejin.ac.kr/sso/checkToken.do?returnUrl=/daejin/1004/subview.do"",""status"":302,""location"":""https://nsso.daejin.ac.kr:8443/sso/pmi-sso2.jsp?pmi-sso2=WrcfPu71kUy5IGWXc4Y43GtxD6r%2BX3Oo7UGpNqR8%2FuMQ0fmHPbeSnXQxttGr3tdIZrObs26k6rF2gpKHTQDp0%2BZbze%2FboY%2FCvSScTfQ5uhVe%2BN97n8sTQI9kFnMCp0jsfJpLYGoJmaYBG%2Fi%2FQ4s%2Fv%2BwKDdJcDR9bEnKqHMZJBZjd3p8zy%2FRhQnd1Ua9ncQZmZkNT6Oi%2Bu%2FV6fNFmxvEqxY%2F74NkvcTGQZbzkgz4Z4PD%2FTvAi0eIw5NHeXU8cXeRjxEwVbaNrpZDuWNIJihi%2BhTNppW079phJ3Kh2gwFlDfkl9YON0Ga0o8D0evqzaNOD&sinfo=BrhO0BzZY0TSjW2sPD%2FVaggBRaff7fvrcjtuCSzIz8JSC9Q%2FFIfLkibSL8B5ZcNVXRrUbdO0hSXid3tRgquFJg%3D%3D&from=gid_home&returl=https%3A%2F%2Fwww.daejin.ac.kr%3A443%2Fsso%2FcheckToken.do%3FreturnUrl%3D%2Fdaejin%2F1004%2Fsubview.do""},{""url"":""https://nsso.daejin.ac.kr:8443/sso/pmi-sso2.jsp?pmi-sso2=WrcfPu71kUy5IGWXc4Y43GtxD6r%2BX3Oo7UGpNqR8%2FuMQ0fmHPbeSnXQxttGr3tdIZrObs26k6rF2gpKHTQDp0%2BZbze%2FboY%2FCvSScTfQ5uhVe%2BN97n8sTQI9kFnMCp0jsfJpLYGoJmaYBG%2Fi%2FQ4s%2Fv%2BwKDdJcDR9bEnKqHMZJBZjd3p8zy%2FRhQnd1Ua9ncQZmZkNT6Oi%2Bu%2FV6fNFmxvEqxY%2F74NkvcTGQZbzkgz4Z4PD%2FTvAi0eIw5NHeXU8cXeRjxEwVbaNrpZDuWNIJihi%2BhTNppW079phJ3Kh2gwFlDfkl9YON0Ga0o8D0evqzaNOD&sinfo=BrhO0BzZY0TSjW2sPD%2FVaggBRaff7fvrcjtuCSzIz8JSC9Q%2FFIfLkibSL8B5ZcNVXRrUbdO0hSXid3tRgquFJg%3D%3D&from=gid_home&returl=https%3A%2F%2Fwww.daejin.ac.kr%3A443%2Fsso%2FcheckToken.do%3FreturnUrl%3D%2Fdaejin%2F1004%2Fsubview.do"",""status"":302,""location"":""https://www.daejin.ac.kr:443/sso/checkToken.do?returnUrl=/daejin/1004/subview.do&sso=ok""},{""url"":""https://www.daejin.ac.kr/sso/checkToken.do?returnUrl=/daejin/1004/subview.do&sso=ok"",""status"":302,""location"":""/daejin/1004/subview.do""},{""url"":""https://www.daejin.ac.kr/daejin/1004/subview.do"",""status"":302,""location"":""/sso/checkToken.do?returnUrl=/daejin/1004/subview.do""},{""url"":""https://www.daejin.ac.kr/sso/checkToken.do?returnUrl=/daejin/1004/subview.do"",""status"":302,""location"":""https://nsso.daejin.ac.kr:8443/sso/pmi-sso2.jsp?pmi-sso2=WrcfPu71kUy5IGWXc4Y43Fk5iWPH2H3LiiHOmpQ0yeTpSiVCZ8GyKjiGvTFZrmuOYV3HUEqOZMDuBwns5h3GKyKsugbvWmZFZSivjkn2t8IEFx5DuqgJhcvz1wMvJAF44%2FEVpNTXIbZewQzf9PcmJIALW58zQHJ10BLmTNlO3x08RgOgdKYyl4Bk%2F9WklMzGFCFfo1v%2FhOz7MPUHWiDZwv0YHCmum7bqYOkCrt9zrbA%2BNijmXw1HC7crErgyVd7%2BlgtDg0tTLMEuYJbJGqz99eOI5F0cxUIESWv81AwsnDIDiwxEkr8i5VGJ3MNuv4HL&sinfo=BrhO0BzZY0TSjW2sPD%2FVaggBRaff7fvrcjtuCSzIz8JSC9Q%2FFIfLkibSL8B5ZcNVXRrUbdO0hSXid3tRgquFJg%3D%3D&from=gid_home&returl=https%3A%2F%2Fwww.daejin.ac.kr%3A443%2Fsso%2FcheckToken.do%3FreturnUrl%3D%2Fdaejin%2F1004%2Fsubview.do""},{""url"":""https://nsso.daejin.ac.kr:8443/sso/pmi-sso2.jsp?pmi-sso2=WrcfPu71kUy5IGWXc4Y43Fk5iWPH2H3LiiHOmpQ0yeTpSiVCZ8GyKjiGvTFZrmuOYV3HUEqOZMDuBwns5h3GKyKsugbvWmZFZSivjkn2t8IEFx5DuqgJhcvz1wMvJAF44%2FEVpNTXIbZewQzf9PcmJIALW58zQHJ10BLmTNlO3x08RgOgdKYyl4Bk%2F9WklMzGFCFfo1v%2FhOz7MPUHWiDZwv0YHCmum7bqYOkCrt9zrbA%2BNijmXw1HC7crErgyVd7%2BlgtDg0tTLMEuYJbJGqz99eOI5F0cxUIESWv81AwsnDIDiwxEkr8i5VGJ3MNuv4HL&sinfo=BrhO0BzZY0TSjW2sPD%2FVaggBRaff7fvrcjtuCSzIz8JSC9Q%2FFIfLkibSL8B5ZcNVXRrUbdO0hSXid3tRgquFJg%3D%3D&from=gid_home&returl=https%3A%2F%2Fwww.daejin.ac.kr%3A443%2Fsso%2FcheckToken.do%3FreturnUrl%3D%2Fdaejin%2F1004%2Fsubview.do"",""status"":302,""location"":""https://www.daejin.ac.kr:443/sso/checkToken.do?returnUrl=/daejin/1004/subview.do&sso=ok""},{""url"":""https://www.daejin.ac.kr/sso/checkToken.do?returnUrl=/daejin/1004/subview.do&sso=ok"",""status"":302,""location"":""/daejin/1004/subview.do""},{""url"":""https://www.daejin.ac.kr/daejin/1004/subview.do"",""status"":302,""location"":""/sso/checkToken.do?returnUrl=/daejin/1004/subview.do""}]",https://www.daejin.ac.kr/daejin/1004/subview.do,,utf-8,0,26,"[{""status"":302,""final_url"":""https://www.daejin.ac.kr/daejin/1004/subview.do"",""response_time_ms"":26,""response_size"":0,""error"":null,""redirect_chain"":[{""url"":""https://www.daejin.ac.kr/daejin/1004/subview.do"",""status"":302,""location"":""/sso/checkToken.do?returnUrl=/daejin/1004/subview.do""},{""url"":""https://www.daejin.ac.kr/sso/checkToken.do?returnUrl=/daejin/1004/subview.do"",""status"":302,""location"":""https://nsso.daejin.ac.kr:8443/sso/pmi-sso2.jsp?pmi-sso2=WrcfPu71kUy5IGWXc4Y43GtxD6r%2BX3Oo7UGpNqR8%2FuMQ0fmHPbeSnXQxttGr3tdIZrObs26k6rF2gpKHTQDp0%2BZbze%2FboY%2FCvSScTfQ5uhVe%2BN97n8sTQI9kFnMCp0jsfJpLYGoJmaYBG%2Fi%2FQ4s%2Fv%2BwKDdJcDR9bEnKqHMZJBZjd3p8zy%2FRhQnd1Ua9ncQZmZkNT6Oi%2Bu%2FV6fNFmxvEqxY%2F74NkvcTGQZbzkgz4Z4PD%2FTvAi0eIw5NHeXU8cXeRjxEwVbaNrpZDuWNIJihi%2BhTNppW079phJ3Kh2gwFlDfkl9YON0Ga0o8D0evqzaNOD&sinfo=BrhO0BzZY0TSjW2sPD%2FVaggBRaff7fvrcjtuCSzIz8JSC9Q%2FFIfLkibSL8B5ZcNVXRrUbdO0hSXid3tRgquFJg%3D%3D&from=gid_home&returl=https%3A%2F%2Fwww.daejin.ac.kr%3A443%2Fsso%2FcheckToken.do%3FreturnUrl%3D%2Fdaejin%2F1004%2Fsubview.do""},{""url"":""https://nsso.daejin.ac.kr:8443/sso/pmi-sso2.jsp?pmi-sso2=WrcfPu71kUy5IGWXc4Y43GtxD6r%2BX3Oo7UGpNqR8%2FuMQ0fmHPbeSnXQxttGr3tdIZrObs26k6rF2gpKHTQDp0%2BZbze%2FboY%2FCvSScTfQ5uhVe%2BN97n8sTQI9kFnMCp0jsfJpLYGoJmaYBG%2Fi%2FQ4s%2Fv%2BwKDdJcDR9bEnKqHMZJBZjd3p8zy%2FRhQnd1Ua9ncQZmZkNT6Oi%2Bu%2FV6fNFmxvEqxY%2F74NkvcTGQZbzkgz4Z4PD%2FTvAi0eIw5NHeXU8cXeRjxEwVbaNrpZDuWNIJihi%2BhTNppW079phJ3Kh2gwFlDfkl9YON0Ga0o8D0evqzaNOD&sinfo=BrhO0BzZY0TSjW2sPD%2FVaggBRaff7fvrcjtuCSzIz8JSC9Q%2FFIfLkibSL8B5ZcNVXRrUbdO0hSXid3tRgquFJg%3D%3D&from=gid_home&returl=https%3A%2F%2Fwww.daejin.ac.kr%3A443%2Fsso%2FcheckToken.do%3FreturnUrl%3D%2Fdaejin%2F1004%2Fsubview.do"",""status"":302,""location"":""https://www.daejin.ac.kr:443/sso/checkToken.do?returnUrl=/daejin/1004/subview.do&sso=ok""},{""url"":""https://www.daejin.ac.kr/sso/checkToken.do?returnUrl=/daejin/1004/subview.do&sso=ok"",""status"":302,""location"":""/daejin/1004/subview.do""},{""url"":""https://www.daejin.ac.kr/daejin/1004/subview.do"",""status"":302,""location"":""/sso/checkToken.do?returnUrl=/daejin/1004/subview.do""},{""url"":""https://www.daejin.ac.kr/sso/checkToken.do?returnUrl=/daejin/1004/subview.do"",""status"":302,""location"":""https://nsso.daejin.ac.kr:8443/sso/pmi-sso2.jsp?pmi-sso2=WrcfPu71kUy5IGWXc4Y43Fk5iWPH2H3LiiHOmpQ0yeTpSiVCZ8GyKjiGvTFZrmuOYV3HUEqOZMDuBwns5h3GKyKsugbvWmZFZSivjkn2t8IEFx5DuqgJhcvz1wMvJAF44%2FEVpNTXIbZewQzf9PcmJIALW58zQHJ10BLmTNlO3x08RgOgdKYyl4Bk%2F9WklMzGFCFfo1v%2FhOz7MPUHWiDZwv0YHCmum7bqYOkCrt9zrbA%2BNijmXw1HC7crErgyVd7%2BlgtDg0tTLMEuYJbJGqz99eOI5F0cxUIESWv81AwsnDIDiwxEkr8i5VGJ3MNuv4HL&sinfo=BrhO0BzZY0TSjW2sPD%2FVaggBRaff7fvrcjtuCSzIz8JSC9Q%2FFIfLkibSL8B5ZcNVXRrUbdO0hSXid3tRgquFJg%3D%3D&from=gid_home&returl=https%3A%2F%2Fwww.daejin.ac.kr%3A443%2Fsso%2FcheckToken.do%3FreturnUrl%3D%2Fdaejin%2F1004%2Fsubview.do""},{""url"":""https://nsso.daejin.ac.kr:8443/sso/pmi-sso2.jsp?pmi-sso2=WrcfPu71kUy5IGWXc4Y43Fk5iWPH2H3LiiHOmpQ0yeTpSiVCZ8GyKjiGvTFZrmuOYV3HUEqOZMDuBwns5h3GKyKsugbvWmZFZSivjkn2t8IEFx5DuqgJhcvz1wMvJAF44%2FEVpNTXIbZewQzf9PcmJIALW58zQHJ10BLmTNlO3x08RgOgdKYyl4Bk%2F9WklMzGFCFfo1v%2FhOz7MPUHWiDZwv0YHCmum7bqYOkCrt9zrbA%2BNijmXw1HC7crErgyVd7%2BlgtDg0tTLMEuYJbJGqz99eOI5F0cxUIESWv81AwsnDIDiwxEkr8i5VGJ3MNuv4HL&sinfo=BrhO0BzZY0TSjW2sPD%2FVaggBRaff7fvrcjtuCSzIz8JSC9Q%2FFIfLkibSL8B5ZcNVXRrUbdO0hSXid3tRgquFJg%3D%3D&from=gid_home&returl=https%3A%2F%2Fwww.daejin.ac.kr%3A443%2Fsso%2FcheckToken.do%3FreturnUrl%3D%2Fdaejin%2F1004%2Fsubview.do"",""status"":302,""location"":""https://www.daejin.ac.kr:443/sso/checkToken.do?returnUrl=/daejin/1004/subview.do&sso=ok""},{""url"":""https://www.daejin.ac.kr/sso/checkToken.do?returnUrl=/daejin/1004/subview.do&sso=ok"",""status"":302,""location"":""/daejin/1004/subview.do""},{""url"":""https://www.daejin.ac.kr/daejin/1004/subview.do"",""status"":302,""location"":""/sso/checkToken.do?returnUrl=/daejin/1004/subview.do""}]},{""status"":302,""final_url"":""https://www.daejin.ac.kr/daejin/1004/subview.do"",""response_time_ms"":28,""response_size"":0,""error"":null,""redirect_chain"":[{""url"":""https://www.daejin.ac.kr/daejin/1004/subview.do"",""status"":302,""location"":""/sso/checkToken.do?returnUrl=/daejin/1004/subview.do""},{""url"":""https://www.daejin.ac.kr/sso/checkToken.do?returnUrl=/daejin/1004/subview.do"",""status"":302,""location"":""https://nsso.daejin.ac.kr:8443/sso/pmi-sso2.jsp?pmi-sso2=WrcfPu71kUy5IGWXc4Y43Fk5iWPH2H3LiiHOmpQ0yeTpSiVCZ8GyKjiGvTFZrmuOYV3HUEqOZMDuBwns5h3GKyKsugbvWmZFZSivjkn2t8IEFx5DuqgJhcvz1wMvJAF44%2FEVpNTXIbZewQzf9PcmJIALW58zQHJ10BLmTNlO3x08RgOgdKYyl4Bk%2F9WklMzGXeQyeHdNjZs%2BkfF1UhCeN5%2BrRl36WbgJ8PZUyi6bA96vmzyQGXgj2aOC18FGwgmUtHpqHJ9vgwrRR%2FEsqxbR7NxyvzB4XwZnRgWXtjHTpvRI6jQfpTeTcfmv1UtYu7w1&sinfo=BrhO0BzZY0TSjW2sPD%2FVaggBRaff7fvrcjtuCSzIz8JSC9Q%2FFIfLkibSL8B5ZcNVXRrUbdO0hSXid3tRgquFJg%3D%3D&from=gid_home&returl=https%3A%2F%2Fwww.daejin.ac.kr%3A443%2Fsso%2FcheckToken.do%3FreturnUrl%3D%2Fdaejin%2F1004%2Fsubview.do""},{""url"":""https://nsso.daejin.ac.kr:8443/sso/pmi-sso2.jsp?pmi-sso2=WrcfPu71kUy5IGWXc4Y43Fk5iWPH2H3LiiHOmpQ0yeTpSiVCZ8GyKjiGvTFZrmuOYV3HUEqOZMDuBwns5h3GKyKsugbvWmZFZSivjkn2t8IEFx5DuqgJhcvz1wMvJAF44%2FEVpNTXIbZewQzf9PcmJIALW58zQHJ10BLmTNlO3x08RgOgdKYyl4Bk%2F9WklMzGXeQyeHdNjZs%2BkfF1UhCeN5%2BrRl36WbgJ8PZUyi6bA96vmzyQGXgj2aOC18FGwgmUtHpqHJ9vgwrRR%2FEsqxbR7NxyvzB4XwZnRgWXtjHTpvRI6jQfpTeTcfmv1UtYu7w1&sinfo=BrhO0BzZY0TSjW2sPD%2FVaggBRaff7fvrcjtuCSzIz8JSC9Q%2FFIfLkibSL8B5ZcNVXRrUbdO0hSXid3tRgquFJg%3D%3D&from=gid_home&returl=https%3A%2F%2Fwww.daejin.ac.kr%3A443%2Fsso%2FcheckToken.do%3FreturnUrl%3D%2Fdaejin%2F1004%2Fsubview.do"",""status"":302,""location"":""https://www.daejin.ac.kr:443/sso/checkToken.do?returnUrl=/daejin/1004/subview.do&sso=ok""},{""url"":""https://www.daejin.ac.kr/sso/checkToken.do?returnUrl=/daejin/1004/subview.do&sso=ok"",""status"":302,""location"":""/daejin/1004/subview.do""},{""url"":""https://www.daejin.ac.kr/daejin/1004/subview.do"",""status"":302,""location"":""/sso/checkToken.do?returnUrl=/daejin/1004/subview.do""},{""url"":""https://www.daejin.ac.kr/sso/checkToken.do?returnUrl=/daejin/1004/subview.do"",""status"":302,""location"":""https://nsso.daejin.ac.kr:8443/sso/pmi-sso2.jsp?pmi-sso2=WrcfPu71kUy5IGWXc4Y43Fk5iWPH2H3LiiHOmpQ0yeTpSiVCZ8GyKjiGvTFZrmuOYV3HUEqOZMDuBwns5h3GKyKsugbvWmZFZSivjkn2t8IEFx5DuqgJhcvz1wMvJAF44%2FEVpNTXIbZewQzf9PcmJIALW58zQHJ10BLmTNlO3x08RgOgdKYyl4Bk%2F9WklMzGU7h3Xw0Cx3A5RmC53UiN2pU7D2exjrIg6WLsRHbG7%2B8ifrGUkfwG1cuF1%2F3gf4RrTMnjwCFtT%2FxpKzBCfXnbau7FjIrEXo3pqe8KOm3M4HujpA%2FaFyUHwJS%2FqdoDoibc&sinfo=BrhO0BzZY0TSjW2sPD%2FVaggBRaff7fvrcjtuCSzIz8JSC9Q%2FFIfLkibSL8B5ZcNVXRrUbdO0hSXid3tRgquFJg%3D%3D&from=gid_home&returl=https%3A%2F%2Fwww.daejin.ac.kr%3A443%2Fsso%2FcheckToken.do%3FreturnUrl%3D%2Fdaejin%2F1004%2Fsubview.do""},{""url"":""https://nsso.daejin.ac.kr:8443/sso/pmi-sso2.jsp?pmi-sso2=WrcfPu71kUy5IGWXc4Y43Fk5iWPH2H3LiiHOmpQ0yeTpSiVCZ8GyKjiGvTFZrmuOYV3HUEqOZMDuBwns5h3GKyKsugbvWmZFZSivjkn2t8IEFx5DuqgJhcvz1wMvJAF44%2FEVpNTXIbZewQzf9PcmJIALW58zQHJ10BLmTNlO3x08RgOgdKYyl4Bk%2F9WklMzGU7h3Xw0Cx3A5RmC53UiN2pU7D2exjrIg6WLsRHbG7%2B8ifrGUkfwG1cuF1%2F3gf4RrTMnjwCFtT%2FxpKzBCfXnbau7FjIrEXo3pqe8KOm3M4HujpA%2FaFyUHwJS%2FqdoDoibc&sinfo=BrhO0BzZY0TSjW2sPD%2FVaggBRaff7fvrcjtuCSzIz8JSC9Q%2FFIfLkibSL8B5ZcNVXRrUbdO0hSXid3tRgquFJg%3D%3D&from=gid_home&returl=https%3A%2F%2Fwww.daejin.ac.kr%3A443%2Fsso%2FcheckToken.do%3FreturnUrl%3D%2Fdaejin%2F1004%2Fsubview.do"",""status"":302,""location"":""https://www.daejin.ac.kr:443/sso/checkToken.do?returnUrl=/daejin/1004/subview.do&sso=ok""},{""url"":""https://www.daejin.ac.kr/sso/checkToken.do?returnUrl=/daejin/1004/subview.do&sso=ok"",""status"":302,""location"":""/daejin/1004/subview.do""},{""url"":""https://www.daejin.ac.kr/daejin/1004/subview.do"",""status"":302,""location"":""/sso/checkToken.do?returnUrl=/daejin/1004/subview.do""}]},{""status"":302,""final_url"":""https://www.daejin.ac.kr/daejin/1004/subview.do"",""response_time_ms"":27,""response_size"":0,""error"":null,""redirect_chain"":[{""url"":""https://www.daejin.ac.kr/daejin/1004/subview.do"",""status"":302,""location"":""/sso/checkToken.do?returnUrl=/daejin/1004/subview.do""},{""url"":""https://www.daejin.ac.kr/sso/checkToken.do?returnUrl=/daejin/1004/subview.do"",""status"":302,""location"":""https://nsso.daejin.ac.kr:8443/sso/pmi-sso2.jsp?pmi-sso2=WrcfPu71kUy5IGWXc4Y43Fk5iWPH2H3LiiHOmpQ0yeTpSiVCZ8GyKjiGvTFZrmuOYV3HUEqOZMDuBwns5h3GKyKsugbvWmZFZSivjkn2t8IEFx5DuqgJhcvz1wMvJAF44%2FEVpNTXIbZewQzf9PcmJIALW58zQHJ10BLmTNlO3x08RgOgdKYyl4Bk%2F9WklMzGlDK2pQxAlVq9Kkl97mjb43fGdNxCB6mfBf%2FY9IWv0X49JeqeWwbxKlNgArMRMvipF8f%2BsVADH6%2BCoBgi7LC9fGxoYGV4%2FAlGWlOfzPGJzZ16IWN6q%2Fj6COEFpa0NjANQ&sinfo=BrhO0BzZY0TSjW2sPD%2FVaggBRaff7fvrcjtuCSzIz8JSC9Q%2FFIfLkibSL8B5ZcNVXRrUbdO0hSXid3tRgquFJg%3D%3D&from=gid_home&returl=https%3A%2F%2Fwww.daejin.ac.kr%3A443%2Fsso%2FcheckToken.do%3FreturnUrl%3D%2Fdaejin%2F1004%2Fsubview.do""},{""url"":""https://nsso.daejin.ac.kr:8443/sso/pmi-sso2.jsp?pmi-sso2=WrcfPu71kUy5IGWXc4Y43Fk5iWPH2H3LiiHOmpQ0yeTpSiVCZ8GyKjiGvTFZrmuOYV3HUEqOZMDuBwns5h3GKyKsugbvWmZFZSivjkn2t8IEFx5DuqgJhcvz1wMvJAF44%2FEVpNTXIbZewQzf9PcmJIALW58zQHJ10BLmTNlO3x08RgOgdKYyl4Bk%2F9WklMzGlDK2pQxAlVq9Kkl97mjb43fGdNxCB6mfBf%2FY9IWv0X49JeqeWwbxKlNgArMRMvipF8f%2BsVADH6%2BCoBgi7LC9fGxoYGV4%2FAlGWlOfzPGJzZ16IWN6q%2Fj6COEFpa0NjANQ&sinfo=BrhO0BzZY0TSjW2sPD%2FVaggBRaff7fvrcjtuCSzIz8JSC9Q%2FFIfLkibSL8B5ZcNVXRrUbdO0hSXid3tRgquFJg%3D%3D&from=gid_home&returl=https%3A%2F%2Fwww.daejin.ac.kr%3A443%2Fsso%2FcheckToken.do%3FreturnUrl%3D%2Fdaejin%2F1004%2Fsubview.do"",""status"":302,""location"":""https://www.daejin.ac.kr:443/sso/checkToken.do?returnUrl=/daejin/1004/subview.do&sso=ok""},{""url"":""https://www.daejin.ac.kr/sso/checkToken.do?returnUrl=/daejin/1004/subview.do&sso=ok"",""status"":302,""location"":""/daejin/1004/subview.do""},{""url"":""https://www.daejin.ac.kr/daejin/1004/subview.do"",""status"":302,""location"":""/sso/checkToken.do?returnUrl=/daejin/1004/subview.do""},{""url"":""https://www.daejin.ac.kr/sso/checkToken.do?returnUrl=/daejin/1004/subview.do"",""status"":302,""location"":""https://nsso.daejin.ac.kr:8443/sso/pmi-sso2.jsp?pmi-sso2=WrcfPu71kUy5IGWXc4Y43Fk5iWPH2H3LiiHOmpQ0yeTpSiVCZ8GyKjiGvTFZrmuOYV3HUEqOZMDuBwns5h3GKyKsugbvWmZFZSivjkn2t8IEFx5DuqgJhcvz1wMvJAF44%2FEVpNTXIbZewQzf9PcmJIALW58zQHJ10BLmTNlO3x08RgOgdKYyl4Bk%2F9WklMzGJzBw0Bj28r9PcVwIEwEvxClDg5063IqFGgOd1NSXbSww5wqHu7QIqv32Nusm7khH8sG8S9zQUHv1zeSdzU5gESIX5HWaekSZJiifMwgdsqNnTCUHo%2BesT4Ly%2FHk%2Brt21&sinfo=BrhO0BzZY0TSjW2sPD%2FVaggBRaff7fvrcjtuCSzIz8JSC9Q%2FFIfLkibSL8B5ZcNVXRrUbdO0hSXid3tRgquFJg%3D%3D&from=gid_home&returl=https%3A%2F%2Fwww.daejin.ac.kr%3A443%2Fsso%2FcheckToken.do%3FreturnUrl%3D%2Fdaejin%2F1004%2Fsubview.do""},{""url"":""https://nsso.daejin.ac.kr:8443/sso/pmi-sso2.jsp?pmi-sso2=WrcfPu71kUy5IGWXc4Y43Fk5iWPH2H3LiiHOmpQ0yeTpSiVCZ8GyKjiGvTFZrmuOYV3HUEqOZMDuBwns5h3GKyKsugbvWmZFZSivjkn2t8IEFx5DuqgJhcvz1wMvJAF44%2FEVpNTXIbZewQzf9PcmJIALW58zQHJ10BLmTNlO3x08RgOgdKYyl4Bk%2F9WklMzGJzBw0Bj28r9PcVwIEwEvxClDg5063IqFGgOd1NSXbSww5wqHu7QIqv32Nusm7khH8sG8S9zQUHv1zeSdzU5gESIX5HWaekSZJiifMwgdsqNnTCUHo%2BesT4Ly%2FHk%2Brt21&sinfo=BrhO0BzZY0TSjW2sPD%2FVaggBRaff7fvrcjtuCSzIz8JSC9Q%2FFIfLkibSL8B5ZcNVXRrUbdO0hSXid3tRgquFJg%3D%3D&from=gid_home&returl=https%3A%2F%2Fwww.daejin.ac.kr%3A443%2Fsso%2FcheckToken.do%3FreturnUrl%3D%2Fdaejin%2F1004%2Fsubview.do"",""status"":302,""location"":""https://www.daejin.ac.kr:443/sso/checkToken.do?returnUrl=/daejin/1004/subview.do&sso=ok""},{""url"":""https://www.daejin.ac.kr/sso/checkToken.do?returnUrl=/daejin/1004/subview.do&sso=ok"",""status"":302,""location"":""/daejin/1004/subview.do""},{""url"":""https://www.daejin.ac.kr/daejin/1004/subview.do"",""status"":302,""location"":""/sso/checkToken.do?returnUrl=/daejin/1004/subview.do""}]}]",true,브라우저와 같은 비인증 공개 HTTP 접근으로 관측; 최종 사람 브라우저 체크는 HTML에서 수행,public_http_accessible_but_coherent_crawler_non_success,true,true,,false,0,,false,false,false,false,,false,0,0,0,0,0,false,false,false,,,,[],,,false,unknown,unknown_requires_manual_browser_review,low,대진대학교의 공식 URL을 저빈도로 재확인했습니다. 목록 표본을 확인하지 못했습니다. 상세 제목 일치는 아직 확인되지 않았습니다 페이지 구조만으로 제목 클릭 규칙을 확정하지 못해 사람이 브라우저에서 확인해야 합니다.,false,false,false,true,true,false,false,false,P2,L,사람이 공식 페이지에서 목록과 상세 클릭 동작을 확인한 뒤 source별 adapter 여부를 결정한다.,manual browser review,낮음,검증 실패 시 beta 활성화를 보류하고 수동 확인,공식 목록에서 표본 제목과 생성/실제 상세 URL의 제목 일치 확인,false
ou_2292_univ_001,동덕여자대학교,동덕여자대학교 장학공지,https://www.dongduk.ac.kr/www/contents/kor-noti.do?gotoMenuNo=kor-noti,https://www.dongduk.ac.kr,still_unresolved,empty_observed,empty_observed,true,true,200,"[{""url"":""https://www.dongduk.ac.kr/www/contents/kor-noti.do?gotoMenuNo=kor-noti"",""status"":200,""location"":null}]",https://www.dongduk.ac.kr/www/contents/kor-noti.do?gotoMenuNo=kor-noti,text/html; charset=UTF-8,UTF-8,96233,2595,"[{""status"":200,""final_url"":""https://www.dongduk.ac.kr/www/contents/kor-noti.do?gotoMenuNo=kor-noti"",""response_time_ms"":2595,""response_size"":96233,""error"":null,""redirect_chain"":[{""url"":""https://www.dongduk.ac.kr/www/contents/kor-noti.do?gotoMenuNo=kor-noti"",""status"":200,""location"":null}]},{""status"":200,""final_url"":""https://www.dongduk.ac.kr/www/contents/kor-noti.do?gotoMenuNo=kor-noti"",""response_time_ms"":814,""response_size"":96229,""error"":null,""redirect_chain"":[{""url"":""https://www.dongduk.ac.kr/www/contents/kor-noti.do?gotoMenuNo=kor-noti"",""status"":200,""location"":null}]}]",true,브라우저와 같은 비인증 공개 HTTP 접근으로 관측; 최종 사람 브라우저 체크는 HTML에서 수행,public_http_accessible_but_coherent_crawler_non_success,true,true,동덕여자대학교,true,5,[교무처]동덕여자대학교 제11대 총장 선임 공고,true,true,false,false,,false,0,,0,17,0,true,true,false,[교무처]동덕여자대학교 제11대 총장 선임 공고,#none,"{""href"":""#none"",""onclick"":""fn_goView('92041', false, '9680', '')"",""data"":"""",""title"":""[교무처]동덕여자대학교 제11대 총장 선임 공고""}","[{""raw"":""2026-07-29"",""value"":""2026-07-29T00:00:00.000Z""},{""raw"":""2026-07-29"",""value"":""2026-07-29T00:00:00.000Z""},{""raw"":""2026-07-27"",""value"":""2026-07-27T00:00:00.000Z""},{""raw"":""2026-07-27"",""value"":""2026-07-27T00:00:00.000Z""},{""raw"":""2026-07-27"",""value"":""2026-07-27T00:00:00.000Z""},{""raw"":""2026-07-27"",""value"":""2026-07-27T00:00:00.000Z""},{""raw"":""2026-07-24"",""value"":""2026-07-24T00:00:00.000Z""},{""raw"":""2026-07-24"",""value"":""2026-07-24T00:00:00.000Z""},{""raw"":""2026-07-24"",""value"":""2026-07-24T00:00:00.000Z""},{""raw"":""2026-07-24"",""value"":""2026-07-24T00:00:00.000Z""},{""raw"":""2026-07-16"",""value"":""2026-07-16T00:00:00.000Z""},{""raw"":""2026-07-16"",""value"":""2026-07-16T00:00:00.000Z""},{""raw"":""2026-07-15"",""value"":""2026-07-15T00:00:00.000Z""},{""raw"":""2026-07-15"",""value"":""2026-07-15T00:00:00.000Z""},{""raw"":""2026-07-30"",""value"":""2026-07-30T00:00:00.000Z""},{""raw"":""2026-07-30"",""value"":""2026-07-30T00:00:00.000Z""},{""raw"":""2026-07-30"",""value"":""2026-07-30T00:00:00.000Z""},{""raw"":""2026-07-30"",""value"":""2026-07-30T00:00:00.000Z""},{""raw"":""2026-07-29"",""value"":""2026-07-29T00:00:00.000Z""},{""raw"":""2026-07-29"",""value"":""2026-07-29T00:00:00.000Z""},{""raw"":""2026-07-29"",""value"":""2026-07-29T00:00:00.000Z""},{""raw"":""2026-07-29"",""value"":""2026-07-29T00:00:00.000Z""},{""raw"":""2026-07-29"",""value"":""2026-07-29T00:00:00.000Z""},{""raw"":""2026-07-29"",""value"":""2026-07-29T00:00:00.000Z""},{""raw"":""2026-07-29"",""value"":""2026-07-29T00:00:00.000Z""},{""raw"":""2026-07-29"",""value"":""2026-07-29T00:00:00.000Z""},{""raw"":""2026-07-29"",""value"":""2026-07-29T00:00:00.000Z""},{""raw"":""2026-07-29"",""value"":""2026-07-29T00:00:00.000Z""},{""raw"":""2026-07-27"",""value"":""2026-07-27T00:00:00.000Z""},{""raw"":""2026-07-27"",""value"":""2026-07-27T00:00:00.000Z""},{""raw"":""2026-07-27"",""value"":""2026-07-27T00:00:00.000Z""},{""raw"":""2026-07-27"",""value"":""2026-07-27T00:00:00.000Z""},{""raw"":""2026-07-27"",""value"":""2026-07-27T00:00:00.000Z""},{""raw"":""2026-07-27"",""value"":""2026-07-27T00:00:00.000Z""}]",,,false,login_or_auth,confirmed_login_required,high,동덕여자대학교의 공식 URL을 저빈도로 재확인했습니다. 공지 목록 표본이 보입니다. 상세 제목 일치는 아직 확인되지 않았습니다 목록 접근에 로그인 또는 인증이 요구되는 신호가 있어 beta 공개 source로 바로 쓰기 어렵습니다.,false,false,false,false,false,false,true,true,P3,External,로그인 자동화 없이 공개 대체 장학 게시판을 찾고 없으면 beta에서 제외한다.,external university policy,낮음,beta 제외 후 다음 운영 주기 재확인,공식 목록에서 표본 제목과 생성/실제 상세 URL의 제목 일치 확인,false
ou_2355_univ_001,루터대학교,루터대학교 장학공지,http://english.ltu.ac.kr/Board/bbs.list.php?bid=Notice,http://english.ltu.ac.kr,replacement_source_not_found,empty_observed,empty_observed,true,true,200,"[{""url"":""http://english.ltu.ac.kr/Board/bbs.list.php?bid=Notice"",""status"":200,""location"":null}]",http://english.ltu.ac.kr/Board/bbs.list.php?bid=Notice,text/html; charset=UTF-8,UTF-8,135,138,"[{""status"":200,""final_url"":""http://english.ltu.ac.kr/Board/bbs.list.php?bid=Notice"",""response_time_ms"":138,""response_size"":135,""error"":null,""redirect_chain"":[{""url"":""http://english.ltu.ac.kr/Board/bbs.list.php?bid=Notice"",""status"":200,""location"":null}]},{""status"":200,""final_url"":""http://english.ltu.ac.kr/Board/bbs.list.php?bid=Notice"",""response_time_ms"":18,""response_size"":135,""error"":null,""redirect_chain"":[{""url"":""http://english.ltu.ac.kr/Board/bbs.list.php?bid=Notice"",""status"":200,""location"":null}]}]",true,브라우저와 같은 비인증 공개 HTTP 접근으로 관측; 최종 사람 브라우저 체크는 HTML에서 수행,public_http_accessible_but_coherent_crawler_non_success,true,true,,false,0,,false,false,false,false,,false,0,,0,0,0,false,false,false,,,,[],,,false,unknown,unknown_requires_manual_browser_review,low,루터대학교의 공식 URL을 저빈도로 재확인했습니다. 목록 표본을 확인하지 못했습니다. 상세 제목 일치는 아직 확인되지 않았습니다 페이지 구조만으로 제목 클릭 규칙을 확정하지 못해 사람이 브라우저에서 확인해야 합니다.,false,false,false,true,true,false,false,false,P2,L,사람이 공식 페이지에서 목록과 상세 클릭 동작을 확인한 뒤 source별 adapter 여부를 결정한다.,manual browser review,낮음,검증 실패 시 beta 활성화를 보류하고 수동 확인,공식 목록에서 표본 제목과 생성/실제 상세 URL의 제목 일치 확인,false
ou_2579_univ_001,서울장신대학교,서울장신대학교 장학공지,https://www.sjs.ac.kr/ht_ml/w_03ed/3010.php,https://www.sjs.ac.kr,temporarily_unavailable,network_error,network_error,true,true,200,"[{""url"":""https://www.sjs.ac.kr/ht_ml/w_03ed/3010.php"",""status"":200,""location"":null}]",https://www.sjs.ac.kr/ht_ml/w_03ed/3010.php,text/html,utf-8,56338,722,"[{""status"":200,""final_url"":""https://www.sjs.ac.kr/ht_ml/w_03ed/3010.php"",""response_time_ms"":722,""response_size"":56338,""error"":null,""redirect_chain"":[{""url"":""https://www.sjs.ac.kr/ht_ml/w_03ed/3010.php"",""status"":200,""location"":null}]},{""status"":200,""final_url"":""https://www.sjs.ac.kr/ht_ml/w_03ed/3010.php"",""response_time_ms"":280,""response_size"":56338,""error"":null,""redirect_chain"":[{""url"":""https://www.sjs.ac.kr/ht_ml/w_03ed/3010.php"",""status"":200,""location"":null}]},{""status"":200,""final_url"":""https://www.sjs.ac.kr/ht_ml/w_03ed/3010.php"",""response_time_ms"":193,""response_size"":56338,""error"":null,""redirect_chain"":[{""url"":""https://www.sjs.ac.kr/ht_ml/w_03ed/3010.php"",""status"":200,""location"":null}]}]",true,브라우저와 같은 비인증 공개 HTTP 접근으로 관측; 최종 사람 브라우저 체크는 HTML에서 수행,public_http_accessible_but_coherent_crawler_non_success,true,true,,true,15,[��������ó] 2026 �츮�� ����� �츮 �б� �̾߱� ������ ������ �ɻ� ��� �ȳ�,false,true,false,false,,false,15,,26,0,0,true,false,false,[��������ó] 2026 �츮�� ����� �츮 �б� �̾߱� ������ ������ �ɻ� ��� �ȳ�,/ht_ml/w_03ed/3010.php?pagetype=&bbs_idx=50046&pageno=1&pagekind=c&bbsid=main3010&cafeid=&ref_code=&keyword=&keyfield=&category=&qstr=&gopage=/ht_ml/w_03ed/3010.php?,"{""href"":""/ht_ml/w_03ed/3010.php?pagetype=&bbs_idx=50046&pageno=1&pagekind=c&bbsid=main3010&cafeid=&ref_code=&keyword=&keyfield=&category=&qstr=&gopage=/ht_ml/w_03ed/3010.php?"",""onclick"":"""",""data"":"""",""title"":""[��������ó] 2026 �츮�� ����� �츮 �б� �̾߱� ������ ������ �ɻ� ��� �ȳ�""}","[{""raw"":""2026-07-31"",""value"":""2026-07-31T00:00:00.000Z""},{""raw"":""2026-07-21"",""value"":""2026-07-21T00:00:00.000Z""},{""raw"":""2026-07-07"",""value"":""2026-07-07T00:00:00.000Z""},{""raw"":""2026-07-06"",""value"":""2026-07-06T00:00:00.000Z""},{""raw"":""2026-07-01"",""value"":""2026-07-01T00:00:00.000Z""},{""raw"":""2026-06-22"",""value"":""2026-06-22T00:00:00.000Z""},{""raw"":""2026-06-09"",""value"":""2026-06-09T00:00:00.000Z""},{""raw"":""2026-06-08"",""value"":""2026-06-08T00:00:00.000Z""},{""raw"":""2026-06-05"",""value"":""2026-06-05T00:00:00.000Z""},{""raw"":""2026-06-04"",""value"":""2026-06-04T00:00:00.000Z""},{""raw"":""2026-05-29"",""value"":""2026-05-29T00:00:00.000Z""},{""raw"":""2026-05-29"",""value"":""2026-05-29T00:00:00.000Z""},{""raw"":""2026-05-29"",""value"":""2026-05-29T00:00:00.000Z""},{""raw"":""2026-05-27"",""value"":""2026-05-27T00:00:00.000Z""},{""raw"":""2026-05-27"",""value"":""2026-05-27T00:00:00.000Z""}]",https://www.sjs.ac.kr/ht_ml/w_03ed/3010.php?pagetype=&bbs_idx=50046&pageno=1&pagekind=c&bbsid=main3010&cafeid=&ref_code=&keyword=&keyfield=&category=&qstr=&gopage=/ht_ml/w_03ed/3010.php?,,true,login_or_auth,confirmed_login_required,high,서울장신대학교의 공식 URL을 저빈도로 재확인했습니다. 공지 목록 표본이 보입니다. 표본 제목과 상세 페이지의 일치도 확인했습니다 목록 접근에 로그인 또는 인증이 요구되는 신호가 있어 beta 공개 source로 바로 쓰기 어렵습니다.,false,false,false,false,false,false,true,true,P3,External,로그인 자동화 없이 공개 대체 장학 게시판을 찾고 없으면 beta에서 제외한다.,external university policy,낮음,beta 제외 후 다음 운영 주기 재확인,공식 목록에서 표본 제목과 생성/실제 상세 URL의 제목 일치 확인,false
ou_2700_univ_001,세한대학교,세한대학교 장학공지,https://house.sehan.ac.kr/main/board/janghakList1.do?sub_node=1_2,https://house.sehan.ac.kr,verified_external_block,empty_observed,empty_observed,true,true,200,"[{""url"":""https://house.sehan.ac.kr/main/board/janghakList1.do?sub_node=1_2"",""status"":200,""location"":null}]",https://house.sehan.ac.kr/main/board/janghakList1.do?sub_node=1_2,text/html;charset=UTF-8,UTF-8,45235,313,"[{""status"":200,""final_url"":""https://house.sehan.ac.kr/main/board/janghakList1.do?sub_node=1_2"",""response_time_ms"":313,""response_size"":45235,""error"":null,""redirect_chain"":[{""url"":""https://house.sehan.ac.kr/main/board/janghakList1.do?sub_node=1_2"",""status"":200,""location"":null}]},{""status"":200,""final_url"":""https://house.sehan.ac.kr/main/board/janghakList1.do?sub_node=1_2"",""response_time_ms"":97,""response_size"":45235,""error"":null,""redirect_chain"":[{""url"":""https://house.sehan.ac.kr/main/board/janghakList1.do?sub_node=1_2"",""status"":200,""location"":null}]}]",true,브라우저와 같은 비인증 공개 HTTP 접근으로 관측; 최종 사람 브라우저 체크는 HTML에서 수행,public_http_accessible_but_coherent_crawler_non_success,true,true,장학공지 - 세한대학교 SEHAN UNIVERSITY,true,3,,false,true,false,false,,false,3,3,0,0,0,true,false,true,,,,[],,,false,login_or_auth,confirmed_login_required,high,세한대학교의 공식 URL을 저빈도로 재확인했습니다. 공지 목록 표본이 보입니다. 상세 제목 일치는 아직 확인되지 않았습니다 목록 접근에 로그인 또는 인증이 요구되는 신호가 있어 beta 공개 source로 바로 쓰기 어렵습니다.,false,false,false,false,false,false,true,true,P3,External,로그인 자동화 없이 공개 대체 장학 게시판을 찾고 없으면 beta에서 제외한다.,external university policy,낮음,beta 제외 후 다음 운영 주기 재확인,공식 목록에서 표본 제목과 생성/실제 상세 URL의 제목 일치 확인,false
ou_2791_univ_001,아신대학교,아신대학교 장학공지,https://www.acts.ac.kr/modules/board/bd_list.asp?id=board_notice05&left=unilife4_1,https://www.acts.ac.kr,temporarily_unavailable,timeout,attempt_timeout,true,true,200,"[{""url"":""https://www.acts.ac.kr/modules/board/bd_list.asp?id=board_notice05&left=unilife4_1"",""status"":200,""location"":null}]",https://www.acts.ac.kr/modules/board/bd_list.asp?id=board_notice05&left=unilife4_1,"text/html;charset=EUC-KR,text/html;charset=EUC-KR,text/html;charset=EUC-KR",utf-8-fallback,68968,1149,"[{""status"":200,""final_url"":""https://www.acts.ac.kr/modules/board/bd_list.asp?id=board_notice05&left=unilife4_1"",""response_time_ms"":1149,""response_size"":68968,""error"":null,""redirect_chain"":[{""url"":""https://www.acts.ac.kr/modules/board/bd_list.asp?id=board_notice05&left=unilife4_1"",""status"":200,""location"":null}]},{""status"":200,""final_url"":""https://www.acts.ac.kr/modules/board/bd_list.asp?id=board_notice05&left=unilife4_1"",""response_time_ms"":1089,""response_size"":68968,""error"":null,""redirect_chain"":[{""url"":""https://www.acts.ac.kr/modules/board/bd_list.asp?id=board_notice05&left=unilife4_1"",""status"":200,""location"":null}]},{""status"":200,""final_url"":""https://www.acts.ac.kr/modules/board/bd_list.asp?id=board_notice05&left=unilife4_1"",""response_time_ms"":974,""response_size"":68968,""error"":null,""redirect_chain"":[{""url"":""https://www.acts.ac.kr/modules/board/bd_list.asp?id=board_notice05&left=unilife4_1"",""status"":200,""location"":null}]}]",true,브라우저와 같은 비인증 공개 HTTP 접근으로 관측; 최종 사람 브라우저 체크는 HTML에서 수행,public_http_accessible_but_coherent_crawler_non_success,true,true,��������(����) ����Ʈ > �ƽŴ��б�,true,14,,false,true,false,false,,false,14,,21,0,0,true,false,true,,https://www.acts.ac.kr/modules/board/bd_view.asp?no=3045&ListBlock=&gotopage=1&Pagecount=57&sk=&sv=&id=board_grad&ca_no=&mncode=&left=unilife4_1&sleft=&title=&lnb_id=#a1,"{""href"":""https://www.acts.ac.kr/modules/board/bd_view.asp?no=3045&ListBlock=&gotopage=1&Pagecount=57&sk=&sv=&id=board_grad&ca_no=&mncode=&left=unilife4_1&sleft=&title=&lnb_id=#a1"",""onclick"":"""",""data"":"""",""title"":""""}","[{""raw"":""2026-07-23"",""value"":""2026-07-23T00:00:00.000Z""},{""raw"":""2026-07-23"",""value"":""2026-07-23T00:00:00.000Z""},{""raw"":""2026-04-30"",""value"":""2026-04-30T00:00:00.000Z""},{""raw"":""2025-11-07"",""value"":""2025-11-07T00:00:00.000Z""},{""raw"":""2026-07-23"",""value"":""2026-07-23T00:00:00.000Z""},{""raw"":""2026-07-23"",""value"":""2026-07-23T00:00:00.000Z""},{""raw"":""2026-07-22"",""value"":""2026-07-22T00:00:00.000Z""},{""raw"":""2026-07-22"",""value"":""2026-07-22T00:00:00.000Z""},{""raw"":""2026-07-16"",""value"":""2026-07-16T00:00:00.000Z""},{""raw"":""2026-06-09"",""value"":""2026-06-09T00:00:00.000Z""},{""raw"":""2026-06-01"",""value"":""2026-06-01T00:00:00.000Z""},{""raw"":""2026-05-28"",""value"":""2026-05-28T00:00:00.000Z""},{""raw"":""2026-05-28"",""value"":""2026-05-28T00:00:00.000Z""},{""raw"":""2026-05-26"",""value"":""2026-05-26T00:00:00.000Z""}]",https://www.acts.ac.kr/modules/board/bd_view.asp?no=3045&ListBlock=&gotopage=1&Pagecount=57&sk=&sv=&id=board_grad&ca_no=&mncode=&left=unilife4_1&sleft=&title=&lnb_id=,��������(�л�) �󼼺��� > �ƽŴ��б�,false,login_or_auth,confirmed_login_required,high,아신대학교의 공식 URL을 저빈도로 재확인했습니다. 공지 목록 표본이 보입니다. 상세 제목 일치는 아직 확인되지 않았습니다 목록 접근에 로그인 또는 인증이 요구되는 신호가 있어 beta 공개 source로 바로 쓰기 어렵습니다.,false,false,false,false,false,false,true,true,P3,External,로그인 자동화 없이 공개 대체 장학 게시판을 찾고 없으면 beta에서 제외한다.,external university policy,낮음,beta 제외 후 다음 운영 주기 재확인,공식 목록에서 표본 제목과 생성/실제 상세 URL의 제목 일치 확인,false
ou_2981_univ_001,을지대학교,을지대학교 장학공지,https://www.eulji.ac.kr/?menuno=4005,https://www.eulji.ac.kr,temporarily_unavailable,network_error,network_error,true,true,,[],https://www.eulji.ac.kr/?menuno=4005,,,0,201,"[{""status"":null,""final_url"":""https://www.eulji.ac.kr/?menuno=4005"",""response_time_ms"":439,""response_size"":0,""error"":""TypeError"",""redirect_chain"":[]},{""status"":null,""final_url"":""https://www.eulji.ac.kr/?menuno=4005"",""response_time_ms"":208,""response_size"":0,""error"":""TypeError"",""redirect_chain"":[]},{""status"":null,""final_url"":""https://www.eulji.ac.kr/?menuno=4005"",""response_time_ms"":201,""response_size"":0,""error"":""TypeError"",""redirect_chain"":[]}]",false,브라우저와 같은 비인증 공개 HTTP 접근으로 관측; 최종 사람 브라우저 체크는 HTML에서 수행,not_observed,true,true,,false,0,,false,false,false,false,,false,0,,0,0,0,false,false,false,,,,[],,,false,connection_reset,temporary_dns_or_tls_failure,low,을지대학교의 공식 URL을 저빈도로 재확인했습니다. 목록 표본을 확인하지 못했습니다. 상세 제목 일치는 아직 확인되지 않았습니다 여러 저빈도 접근에서 HTTP 응답 이전 네트워크/TLS 문제가 반복됐습니다.,false,false,false,false,false,false,true,true,P3,External,출처별 재시도 큐에 남기고 정상 응답이 확인될 때만 활성화한다.,transport retry policy,낮음,beta 제외 후 다음 운영 주기 재확인,공식 목록에서 표본 제목과 생성/실제 상세 URL의 제목 일치 확인,false
ou_3003_univ_001,인제대학교,인제대학교 장학공지,https://www.inje.ac.kr/kor/Template/Bsub_page.asp?Ltype=5&Ltype2=0&Ltype3=0&Tname=S_News&Ldir=board/S_News&Lpage=Tboard_L&div=10&d1n=5&d2n=1&d3n=6&d4n=0,https://www.inje.ac.kr,temporarily_unavailable,network_error,network_error,true,true,,[],https://www.inje.ac.kr/kor/Template/Bsub_page.asp?Ltype=5&Ltype2=0&Ltype3=0&Tname=S_News&Ldir=board/S_News&Lpage=Tboard_L&div=10&d1n=5&d2n=1&d3n=6&d4n=0,,,0,69,"[{""status"":null,""final_url"":""https://www.inje.ac.kr/kor/Template/Bsub_page.asp?Ltype=5&Ltype2=0&Ltype3=0&Tname=S_News&Ldir=board/S_News&Lpage=Tboard_L&div=10&d1n=5&d2n=1&d3n=6&d4n=0"",""response_time_ms"":190,""response_size"":0,""error"":""TypeError"",""redirect_chain"":[]},{""status"":null,""final_url"":""https://www.inje.ac.kr/kor/Template/Bsub_page.asp?Ltype=5&Ltype2=0&Ltype3=0&Tname=S_News&Ldir=board/S_News&Lpage=Tboard_L&div=10&d1n=5&d2n=1&d3n=6&d4n=0"",""response_time_ms"":90,""response_size"":0,""error"":""TypeError"",""redirect_chain"":[]},{""status"":null,""final_url"":""https://www.inje.ac.kr/kor/Template/Bsub_page.asp?Ltype=5&Ltype2=0&Ltype3=0&Tname=S_News&Ldir=board/S_News&Lpage=Tboard_L&div=10&d1n=5&d2n=1&d3n=6&d4n=0"",""response_time_ms"":69,""response_size"":0,""error"":""TypeError"",""redirect_chain"":[]}]",false,브라우저와 같은 비인증 공개 HTTP 접근으로 관측; 최종 사람 브라우저 체크는 HTML에서 수행,not_observed,true,true,,false,0,,false,false,false,false,,false,0,,0,0,0,false,false,false,,,,[],,,false,connection_reset,temporary_dns_or_tls_failure,low,인제대학교의 공식 URL을 저빈도로 재확인했습니다. 목록 표본을 확인하지 못했습니다. 상세 제목 일치는 아직 확인되지 않았습니다 여러 저빈도 접근에서 HTTP 응답 이전 네트워크/TLS 문제가 반복됐습니다.,false,false,false,false,false,false,true,true,P3,External,출처별 재시도 큐에 남기고 정상 응답이 확인될 때만 활성화한다.,transport retry policy,낮음,beta 제외 후 다음 운영 주기 재확인,공식 목록에서 표본 제목과 생성/실제 상세 URL의 제목 일치 확인,false
ou_3187_univ_001,창신대학교,창신대학교 장학공지,https://www.cs.ac.kr/board/board_community1?category_id=5,https://www.cs.ac.kr,temporarily_unavailable,network_error,network_error,true,true,,[],https://www.cs.ac.kr/board/board_community1?category_id=5,,,0,38,"[{""status"":null,""final_url"":""https://www.cs.ac.kr/board/board_community1?category_id=5"",""response_time_ms"":190,""response_size"":0,""error"":""TypeError"",""redirect_chain"":[]},{""status"":null,""final_url"":""https://www.cs.ac.kr/board/board_community1?category_id=5"",""response_time_ms"":118,""response_size"":0,""error"":""TypeError"",""redirect_chain"":[]},{""status"":null,""final_url"":""https://www.cs.ac.kr/board/board_community1?category_id=5"",""response_time_ms"":38,""response_size"":0,""error"":""TypeError"",""redirect_chain"":[]}]",false,브라우저와 같은 비인증 공개 HTTP 접근으로 관측; 최종 사람 브라우저 체크는 HTML에서 수행,not_observed,true,true,,false,0,,false,false,false,false,,false,0,,0,0,0,false,false,false,,,,[],,,false,connection_reset,temporary_dns_or_tls_failure,low,창신대학교의 공식 URL을 저빈도로 재확인했습니다. 목록 표본을 확인하지 못했습니다. 상세 제목 일치는 아직 확인되지 않았습니다 여러 저빈도 접근에서 HTTP 응답 이전 네트워크/TLS 문제가 반복됐습니다.,false,false,false,false,false,false,true,true,P3,External,출처별 재시도 큐에 남기고 정상 응답이 확인될 때만 활성화한다.,transport retry policy,낮음,beta 제외 후 다음 운영 주기 재확인,공식 목록에서 표본 제목과 생성/실제 상세 URL의 제목 일치 확인,false
ou_3198_univ_001,청주교육대학교,청주교육대학교 장학공지,https://www.cje.ac.kr/web/board/brdList.do?menu_cd=000219,https://www.cje.ac.kr,verified_external_block,empty_observed,empty_observed,true,true,200,"[{""url"":""https://www.cje.ac.kr/web/board/brdList.do?menu_cd=000219"",""status"":200,""location"":null}]",https://www.cje.ac.kr/web/board/brdList.do?menu_cd=000219,text/html;charset=UTF-8,UTF-8,400943,837,"[{""status"":200,""final_url"":""https://www.cje.ac.kr/web/board/brdList.do?menu_cd=000219"",""response_time_ms"":837,""response_size"":400943,""error"":null,""redirect_chain"":[{""url"":""https://www.cje.ac.kr/web/board/brdList.do?menu_cd=000219"",""status"":200,""location"":null}]},{""status"":200,""final_url"":""https://www.cje.ac.kr/web/board/brdList.do?menu_cd=000219"",""response_time_ms"":712,""response_size"":400943,""error"":null,""redirect_chain"":[{""url"":""https://www.cje.ac.kr/web/board/brdList.do?menu_cd=000219"",""status"":200,""location"":null}]}]",true,브라우저와 같은 비인증 공개 HTTP 접근으로 관측; 최종 사람 브라우저 체크는 HTML에서 수행,public_http_accessible_but_coherent_crawler_non_success,true,true,장학공지 - 장학지원 - 대학생활 - 청주교육대학교,false,0,,true,true,false,false,,false,0,,0,0,0,true,true,true,,,,"[{""raw"":""2026-07-31"",""value"":""2026-07-31T00:00:00.000Z""},{""raw"":""2026-07-31"",""value"":""2026-07-31T00:00:00.000Z""}]",,,false,login_or_auth,confirmed_login_required,high,청주교육대학교의 공식 URL을 저빈도로 재확인했습니다. 빈 게시판 메시지가 보입니다. 상세 제목 일치는 아직 확인되지 않았습니다 목록 접근에 로그인 또는 인증이 요구되는 신호가 있어 beta 공개 source로 바로 쓰기 어렵습니다.,false,false,false,false,false,false,true,true,P3,External,로그인 자동화 없이 공개 대체 장학 게시판을 찾고 없으면 beta에서 제외한다.,external university policy,낮음,beta 제외 후 다음 운영 주기 재확인,공식 목록에서 표본 제목과 생성/실제 상세 URL의 제목 일치 확인,false
ou_3342_univ_001,한국전통문화대학교,한국전통문화대학교 장학공지,http://www.nuch.ac.kr/mec/ots/brd/list.do?mnuBaseId=MNU0000146&topBaseId=MNU0000009&tplSer=2,http://www.nuch.ac.kr,temporarily_unavailable,network_error,network_error,true,true,,[],http://www.nuch.ac.kr/mec/ots/brd/list.do?mnuBaseId=MNU0000146&topBaseId=MNU0000009&tplSer=2,,,0,0,"[{""status"":null,""final_url"":""http://www.nuch.ac.kr/mec/ots/brd/list.do?mnuBaseId=MNU0000146&topBaseId=MNU0000009&tplSer=2"",""response_time_ms"":112,""response_size"":0,""error"":""TypeError"",""redirect_chain"":[]},{""status"":null,""final_url"":""http://www.nuch.ac.kr/mec/ots/brd/list.do?mnuBaseId=MNU0000146&topBaseId=MNU0000009&tplSer=2"",""response_time_ms"":1,""response_size"":0,""error"":""TypeError"",""redirect_chain"":[]},{""status"":null,""final_url"":""http://www.nuch.ac.kr/mec/ots/brd/list.do?mnuBaseId=MNU0000146&topBaseId=MNU0000009&tplSer=2"",""response_time_ms"":0,""response_size"":0,""error"":""TypeError"",""redirect_chain"":[]}]",false,브라우저와 같은 비인증 공개 HTTP 접근으로 관측; 최종 사람 브라우저 체크는 HTML에서 수행,not_observed,true,true,,false,0,,false,false,false,false,,false,0,0,0,0,0,false,false,false,,,,[],,,false,connection_reset,temporary_dns_or_tls_failure,low,한국전통문화대학교의 공식 URL을 저빈도로 재확인했습니다. 목록 표본을 확인하지 못했습니다. 상세 제목 일치는 아직 확인되지 않았습니다 여러 저빈도 접근에서 HTTP 응답 이전 네트워크/TLS 문제가 반복됐습니다.,false,false,false,false,false,false,true,true,P3,External,출처별 재시도 큐에 남기고 정상 응답이 확인될 때만 활성화한다.,transport retry policy,낮음,beta 제외 후 다음 운영 주기 재확인,공식 목록에서 표본 제목과 생성/실제 상세 URL의 제목 일치 확인,false
ou_3436_univ_001,한밭대학교(산업대),한밭대학교(산업대) 장학공지,https://www.hanbat.ac.kr/bbs/BBSMSTR_000000001261/list.do,https://www.hanbat.ac.kr,temporarily_unavailable,timeout,attempt_timeout,true,true,200,"[{""url"":""https://www.hanbat.ac.kr/bbs/BBSMSTR_000000001261/list.do"",""status"":200,""location"":null}]",https://www.hanbat.ac.kr/bbs/BBSMSTR_000000001261/list.do,text/html; charset=UTF-8,UTF-8,445541,565,"[{""status"":200,""final_url"":""https://www.hanbat.ac.kr/bbs/BBSMSTR_000000001261/list.do"",""response_time_ms"":565,""response_size"":445541,""error"":null,""redirect_chain"":[{""url"":""https://www.hanbat.ac.kr/bbs/BBSMSTR_000000001261/list.do"",""status"":200,""location"":null}]},{""status"":200,""final_url"":""https://www.hanbat.ac.kr/bbs/BBSMSTR_000000001261/list.do"",""response_time_ms"":512,""response_size"":445541,""error"":null,""redirect_chain"":[{""url"":""https://www.hanbat.ac.kr/bbs/BBSMSTR_000000001261/list.do"",""status"":200,""location"":null}]},{""status"":200,""final_url"":""https://www.hanbat.ac.kr/bbs/BBSMSTR_000000001261/list.do"",""response_time_ms"":390,""response_size"":445541,""error"":null,""redirect_chain"":[{""url"":""https://www.hanbat.ac.kr/bbs/BBSMSTR_000000001261/list.do"",""status"":200,""location"":null}]}]",true,브라우저와 같은 비인증 공개 HTTP 접근으로 관측; 최종 사람 브라우저 체크는 HTML에서 수행,public_http_accessible_but_coherent_crawler_non_success,true,true,장학공지 > 장학금 > 학사 및 장학정보 > 국립한밭대학교,true,13,대학통계,false,true,false,false,,false,13,13,16,13,1,true,true,true,대학통계,/prog/dataDetail/STAT/view.do?kind=&detailNo=132,"{""href"":""/prog/dataDetail/STAT/view.do?kind=&detailNo=132"",""onclick"":"""",""data"":"""",""title"":""대학통계""}","[{""raw"":""2026-07-16"",""value"":""2026-07-16T00:00:00.000Z""},{""raw"":""2026-06-30"",""value"":""2026-06-30T00:00:00.000Z""},{""raw"":""2026-01-21"",""value"":""2026-01-21T00:00:00.000Z""},{""raw"":""2026-07-23"",""value"":""2026-07-23T00:00:00.000Z""},{""raw"":""2026-07-21"",""value"":""2026-07-21T00:00:00.000Z""},{""raw"":""2026-07-16"",""value"":""2026-07-16T00:00:00.000Z""},{""raw"":""2026-07-13"",""value"":""2026-07-13T00:00:00.000Z""},{""raw"":""2026-07-08"",""value"":""2026-07-08T00:00:00.000Z""},{""raw"":""2026-07-07"",""value"":""2026-07-07T00:00:00.000Z""},{""raw"":""2026-07-06"",""value"":""2026-07-06T00:00:00.000Z""},{""raw"":""2026-07-02"",""value"":""2026-07-02T00:00:00.000Z""},{""raw"":""2026-06-30"",""value"":""2026-06-30T00:00:00.000Z""},{""raw"":""2026-06-22"",""value"":""2026-06-22T00:00:00.000Z""}]",https://www.hanbat.ac.kr/prog/dataDetail/STAT/view.do?kind=&detailNo=132,통계연보 > 대학통계 > 대학소개 > HI HANBAT >,true,login_or_auth,confirmed_login_required,high,한밭대학교(산업대)의 공식 URL을 저빈도로 재확인했습니다. 공지 목록 표본이 보입니다. 표본 제목과 상세 페이지의 일치도 확인했습니다 목록 접근에 로그인 또는 인증이 요구되는 신호가 있어 beta 공개 source로 바로 쓰기 어렵습니다.,false,false,false,false,false,false,true,true,P3,External,로그인 자동화 없이 공개 대체 장학 게시판을 찾고 없으면 beta에서 제외한다.,external university policy,낮음,beta 제외 후 다음 운영 주기 재확인,공식 목록에서 표본 제목과 생성/실제 상세 URL의 제목 일치 확인,false
ou_2285_univ_001,동국대학교(WISE),동국대학교(WISE) 장학공지,https://wise.dongguk.ac.kr/article/servicenotice/list,https://wise.dongguk.ac.kr,,partial,partial,true,true,200,"[{""url"":""https://wise.dongguk.ac.kr/article/servicenotice/list"",""status"":200,""location"":null}]",https://wise.dongguk.ac.kr/article/servicenotice/list,text/html; charset=UTF-8,UTF-8,86017,332,"[{""status"":200,""final_url"":""https://wise.dongguk.ac.kr/article/servicenotice/list"",""response_time_ms"":332,""response_size"":86017,""error"":null,""redirect_chain"":[{""url"":""https://wise.dongguk.ac.kr/article/servicenotice/list"",""status"":200,""location"":null}]},{""status"":200,""final_url"":""https://wise.dongguk.ac.kr/article/servicenotice/list"",""response_time_ms"":91,""response_size"":86017,""error"":null,""redirect_chain"":[{""url"":""https://wise.dongguk.ac.kr/article/servicenotice/list"",""status"":200,""location"":null}]}]",true,실제 브라우저에서 공개 목록 제목과 로그인 링크가 함께 보임; 로그인 링크 자체는 인증 요구의 증거가 아님,public_browser_list_visible_but_partial_extraction,true,true,동국대학교 WISE캠퍼스 - 커뮤니티 - 공지사항 - 장학/봉사,true,12,학사일정,false,true,false,false,,false,12,,12,12,0,true,true,true,학사일정,/schedule/detail?schedule_info_seq=22,"{""href"":""/schedule/detail?schedule_info_seq=22"",""onclick"":"""",""data"":"""",""title"":""학사일정""}","[{""raw"":""2026.04.20"",""value"":""2026-04-20T00:00:00.000Z""},{""raw"":""2026.02.02"",""value"":""2026-02-02T00:00:00.000Z""},{""raw"":""2026.07.24"",""value"":""2026-07-24T00:00:00.000Z""},{""raw"":""2026.07.23"",""value"":""2026-07-23T00:00:00.000Z""},{""raw"":""2026.07.22"",""value"":""2026-07-22T00:00:00.000Z""},{""raw"":""2026.07.20"",""value"":""2026-07-20T00:00:00.000Z""},{""raw"":""2026.07.20"",""value"":""2026-07-20T00:00:00.000Z""},{""raw"":""2026.07.14"",""value"":""2026-07-14T00:00:00.000Z""},{""raw"":""2026.07.13"",""value"":""2026-07-13T00:00:00.000Z""},{""raw"":""2026.07.10"",""value"":""2026-07-10T00:00:00.000Z""},{""raw"":""2026.07.10"",""value"":""2026-07-10T00:00:00.000Z""},{""raw"":""2026.07.10"",""value"":""2026-07-10T00:00:00.000Z""}]",https://wise.dongguk.ac.kr/schedule/detail?schedule_info_seq=22,동국대학교 WISE캠퍼스 - 학사/장학 - 학사 - 학사일정,true,list_selector_and_scope,recoverable_config_error,high,"공개 장학/봉사 목록과 상세 접근은 가능하지만, 빈 list selector가 학사일정 링크까지 후보로 섞어 5건만 partial로 확정됐다. selector 범위 문제다.",true,true,false,false,false,false,false,false,P0,S,공지 표를 가리키는 list_item_selector와 장학/봉사 상세 링크 범위로 source config를 고정한다.,crawler source config: list_item_selector and link scope,높음,수정 후 source 단위 회귀 검증; 실패하면 beta 활성화를 보류,공식 목록에서 표본 제목과 생성/실제 상세 URL의 제목 일치 확인,false
ou_3518_univ_001,협성대학교,협성대학교 장학공지,https://www.uhs.ac.kr/uhs/155/subview.do,https://www.uhs.ac.kr,recovered_with_items,partial,partial,true,true,200,"[{""url"":""https://www.uhs.ac.kr/uhs/155/subview.do"",""status"":200,""location"":null}]",https://www.uhs.ac.kr/uhs/155/subview.do,text/html; charset=UTF-8,UTF-8,150680,1051,"[{""status"":200,""final_url"":""https://www.uhs.ac.kr/uhs/155/subview.do"",""response_time_ms"":1051,""response_size"":150680,""error"":null,""redirect_chain"":[{""url"":""https://www.uhs.ac.kr/uhs/155/subview.do"",""status"":200,""location"":null}]},{""status"":200,""final_url"":""https://www.uhs.ac.kr/uhs/155/subview.do"",""response_time_ms"":544,""response_size"":150680,""error"":null,""redirect_chain"":[{""url"":""https://www.uhs.ac.kr/uhs/155/subview.do"",""status"":200,""location"":null}]}]",true,실제 브라우저에서 공개 목록 제목과 로그인 링크가 함께 보임; 로그인 링크 자체는 인증 요구의 증거가 아님,public_browser_list_visible_but_partial_extraction,true,true,협성소식,true,10,,false,true,false,false,,false,10,10,152,10,0,true,true,true,,/subLogin/uhs/view.do?layout=unknown,"{""href"":""/subLogin/uhs/view.do?layout=unknown"",""onclick"":"""",""data"":"""",""title"":""""}","[{""raw"":""2026-08-21"",""value"":""2026-08-21T00:00:00.000Z""},{""raw"":""2026-07-30"",""value"":""2026-07-30T00:00:00.000Z""},{""raw"":""2026-07-30"",""value"":""2026-07-30T00:00:00.000Z""},{""raw"":""2026-07-30"",""value"":""2026-07-30T00:00:00.000Z""},{""raw"":""2026-07-30"",""value"":""2026-07-30T00:00:00.000Z""},{""raw"":""2026-07-30"",""value"":""2026-07-30T00:00:00.000Z""},{""raw"":""2026-07-30"",""value"":""2026-07-30T00:00:00.000Z""},{""raw"":""2026-07-30"",""value"":""2026-07-30T00:00:00.000Z""},{""raw"":""2026-07-30"",""value"":""2026-07-30T00:00:00.000Z""},{""raw"":""2026-07-30"",""value"":""2026-07-30T00:00:00.000Z""}]",https://www.uhs.ac.kr/uhs/1644/subview.do?enc=Zm5jdDF8QEB8JTJGc3ViTG9naW4lMkZ1aHMlMkZ2aWV3LmRvJTNG,로그인,false,onclick_event_url_resolution,recoverable_shared_adapter_gap,high,공개 협성소식 목록은 보이지만 onclick 기반 상세 URL이 안정적으로 복원되지 않아 2건만 partial로 확정됐다. parser/adapter 문제다.,true,false,true,false,false,false,false,false,P1,M,공개 jf_view onclick payload에서 게시글 식별자를 추출해 상세 URL을 만드는 공용 adapter를 보완한다.,shared crawler adapter: jf_view event URL builder,중간,수정 후 source 단위 회귀 검증; 실패하면 beta 활성화를 보류,공식 목록에서 표본 제목과 생성/실제 상세 URL의 제목 일치 확인,false
ou_2010_univ_001,광주대학교,광주대학교 장학공지,https://www.gwangju.ac.kr/bbs/?b_id=gwangju_notice_se&mn=538&site=gwangju,https://www.gwangju.ac.kr,,success,success,true,true,200,"[{""url"":""https://www.gwangju.ac.kr/bbs/?b_id=gwangju_notice_se&mn=538&site=gwangju"",""status"":200,""location"":null}]",https://www.gwangju.ac.kr/bbs/?b_id=gwangju_notice_se&mn=538&site=gwangju,text/html; charset=UTF-8,UTF-8,282526,641,"[{""status"":200,""final_url"":""https://www.gwangju.ac.kr/bbs/?b_id=gwangju_notice_se&mn=538&site=gwangju"",""response_time_ms"":641,""response_size"":282526,""error"":null,""redirect_chain"":[{""url"":""https://www.gwangju.ac.kr/bbs/?b_id=gwangju_notice_se&mn=538&site=gwangju"",""status"":200,""location"":null}]},{""status"":200,""final_url"":""https://www.gwangju.ac.kr/bbs/?b_id=gwangju_notice_se&mn=538&site=gwangju"",""response_time_ms"":440,""response_size"":282526,""error"":null,""redirect_chain"":[{""url"":""https://www.gwangju.ac.kr/bbs/?b_id=gwangju_notice_se&mn=538&site=gwangju"",""status"":200,""location"":null}]}]",true,브라우저와 같은 비인증 공개 HTTP 접근으로 관측; 최종 사람 브라우저 체크는 HTML에서 수행,not_observed,true,true,장학/학자금 > 공지사항 > 커뮤니티 > 광주대학교,true,5,예비군대대,false,true,false,false,,false,0,,5,0,0,true,true,true,예비군대대,/page/?site=gwangju&mn=616&d_idx=566&type=1,"{""href"":""/page/?site=gwangju&mn=616&d_idx=566&type=1"",""onclick"":"""",""data"":"""",""title"":""예비군대대""}",[],https://www.gwangju.ac.kr/page/?site=gwangju&mn=616&d_idx=566&type=1,조직도 > 기구조직도 > 대학기관안내 > 대학소개 > 광주대학교,true,login_or_auth,confirmed_login_required,high,광주대학교의 공식 URL을 저빈도로 재확인했습니다. 공지 목록 표본이 보입니다. 표본 제목과 상세 페이지의 일치도 확인했습니다 목록 접근에 로그인 또는 인증이 요구되는 신호가 있어 beta 공개 source로 바로 쓰기 어렵습니다.,false,false,false,false,false,false,true,true,P3,External,로그인 자동화 없이 공개 대체 장학 게시판을 찾고 없으면 beta에서 제외한다.,external university policy,낮음,beta 제외 후 다음 운영 주기 재확인,공식 목록에서 표본 제목과 생성/실제 상세 URL의 제목 일치 확인,false
ou_2155_univ_001,나사렛대학교,나사렛대학교 장학공지,https://kornu.ac.kr/mbs/kornukr/jsp/board/list.jsp?boardId=18&id=kornukr_080104000000,https://kornu.ac.kr,,success,success,true,true,200,"[{""url"":""https://kornu.ac.kr/mbs/kornukr/jsp/board/list.jsp?boardId=18&id=kornukr_080104000000"",""status"":200,""location"":null}]",https://kornu.ac.kr/mbs/kornukr/jsp/board/list.jsp?boardId=18&id=kornukr_080104000000,text/html; charset=UTF-8,UTF-8,73215,346,"[{""status"":200,""final_url"":""https://kornu.ac.kr/mbs/kornukr/jsp/board/list.jsp?boardId=18&id=kornukr_080104000000"",""response_time_ms"":346,""response_size"":73215,""error"":null,""redirect_chain"":[{""url"":""https://kornu.ac.kr/mbs/kornukr/jsp/board/list.jsp?boardId=18&id=kornukr_080104000000"",""status"":200,""location"":null}]},{""status"":200,""final_url"":""https://kornu.ac.kr/mbs/kornukr/jsp/board/list.jsp?boardId=18&id=kornukr_080104000000"",""response_time_ms"":164,""response_size"":73215,""error"":null,""redirect_chain"":[{""url"":""https://kornu.ac.kr/mbs/kornukr/jsp/board/list.jsp?boardId=18&id=kornukr_080104000000"",""status"":200,""location"":null}]}]",true,브라우저와 같은 비인증 공개 HTTP 접근으로 관측; 최종 사람 브라우저 체크는 HTML에서 수행,not_observed,true,true,장학공지[22],true,27,예결산공고,false,true,false,false,,false,27,,37,0,0,true,true,true,예결산공고,/mbs/kornukr/jsp/rules/rules.jsp?configIdx=750&id=kornukr_010507000000,"{""href"":""/mbs/kornukr/jsp/rules/rules.jsp?configIdx=750&id=kornukr_010507000000"",""onclick"":"""",""data"":"""",""title"":""예결산공고""}","[{""raw"":""2026-07-14"",""value"":""2026-07-14T00:00:00.000Z""},{""raw"":""2026-07-13"",""value"":""2026-07-13T00:00:00.000Z""},{""raw"":""2026-07-10"",""value"":""2026-07-10T00:00:00.000Z""},{""raw"":""2026-07-08"",""value"":""2026-07-08T00:00:00.000Z""},{""raw"":""2026-07-03"",""value"":""2026-07-03T00:00:00.000Z""},{""raw"":""2026-07-02"",""value"":""2026-07-02T00:00:00.000Z""},{""raw"":""2026-07-02"",""value"":""2026-07-02T00:00:00.000Z""},{""raw"":""2026-07-02"",""value"":""2026-07-02T00:00:00.000Z""},{""raw"":""2026-06-25"",""value"":""2026-06-25T00:00:00.000Z""},{""raw"":""2026-06-25"",""value"":""2026-06-25T00:00:00.000Z""},{""raw"":""2026-06-25"",""value"":""2026-06-25T00:00:00.000Z""},{""raw"":""2026-06-16"",""value"":""2026-06-16T00:00:00.000Z""},{""raw"":""2026-06-15"",""value"":""2026-06-15T00:00:00.000Z""},{""raw"":""2026-06-12"",""value"":""2026-06-12T00:00:00.000Z""},{""raw"":""2026-06-10"",""value"":""2026-06-10T00:00:00.000Z""},{""raw"":""2026-06-10"",""value"":""2026-06-10T00:00:00.000Z""},{""raw"":""2026-06-05"",""value"":""2026-06-05T00:00:00.000Z""},{""raw"":""2026-06-05"",""value"":""2026-06-05T00:00:00.000Z""},{""raw"":""2026-06-04"",""value"":""2026-06-04T00:00:00.000Z""},{""raw"":""2026-05-29"",""value"":""2026-05-29T00:00:00.000Z""},{""raw"":""2026-05-29"",""value"":""2026-05-29T00:00:00.000Z""},{""raw"":""2026-05-27"",""value"":""2026-05-27T00:00:00.000Z""},{""raw"":""2026-05-27"",""value"":""2026-05-27T00:00:00.000Z""},{""raw"":""2026-05-27"",""value"":""2026-05-27T00:00:00.000Z""},{""raw"":""2026-05-21"",""value"":""2026-05-21T00:00:00.000Z""},{""raw"":""2026-05-21"",""value"":""2026-05-21T00:00:00.000Z""},{""raw"":""2026-05-21"",""value"":""2026-05-21T00:00:00.000Z""}]",https://kornu.ac.kr/mbs/kornukr/jsp/rules/rules.jsp?configIdx=750&id=kornukr_010507000000,예결산공고[22],true,login_or_auth,confirmed_login_required,high,나사렛대학교의 공식 URL을 저빈도로 재확인했습니다. 공지 목록 표본이 보입니다. 표본 제목과 상세 페이지의 일치도 확인했습니다 목록 접근에 로그인 또는 인증이 요구되는 신호가 있어 beta 공개 source로 바로 쓰기 어렵습니다.,false,false,false,false,false,false,true,true,P3,External,로그인 자동화 없이 공개 대체 장학 게시판을 찾고 없으면 beta에서 제외한다.,external university policy,낮음,beta 제외 후 다음 운영 주기 재확인,공식 목록에서 표본 제목과 생성/실제 상세 URL의 제목 일치 확인,false
ou_2254_univ_001,대전신학대학교,대전신학대학교 장학공지,https://www.daejeon.ac.kr/bbs/board.php?bo_table=N01_04,https://www.daejeon.ac.kr,,success,success,true,true,200,"[{""url"":""https://www.daejeon.ac.kr/bbs/board.php?bo_table=N01_04"",""status"":200,""location"":null}]",https://www.daejeon.ac.kr/bbs/board.php?bo_table=N01_04,text/html; charset=utf-8,utf-8,31970,264,"[{""status"":200,""final_url"":""https://www.daejeon.ac.kr/bbs/board.php?bo_table=N01_04"",""response_time_ms"":264,""response_size"":31970,""error"":null,""redirect_chain"":[{""url"":""https://www.daejeon.ac.kr/bbs/board.php?bo_table=N01_04"",""status"":200,""location"":null}]},{""status"":200,""final_url"":""https://www.daejeon.ac.kr/bbs/board.php?bo_table=N01_04"",""response_time_ms"":56,""response_size"":31970,""error"":null,""redirect_chain"":[{""url"":""https://www.daejeon.ac.kr/bbs/board.php?bo_table=N01_04"",""status"":200,""location"":null}]}]",true,브라우저와 같은 비인증 공개 HTTP 접근으로 관측; 최종 사람 브라우저 체크는 HTML에서 수행,not_observed,true,true,장학 1 페이지 | 대전신학대학교,true,15,2026-2학기 국가근로 선발안내,false,false,false,false,,false,15,,15,0,0,true,false,true,2026-2학기 국가근로 선발안내,https://www.daejeon.ac.kr/bbs/board.php?bo_table=N01_04&wr_id=505,"{""href"":""https://www.daejeon.ac.kr/bbs/board.php?bo_table=N01_04&wr_id=505"",""onclick"":"""",""data"":"""",""title"":""2026-2학기 국가근로 선발안내""}",[],https://www.daejeon.ac.kr/bbs/board.php?bo_table=N01_04&wr_id=505,2026-2학기 국가근로 선발안내 > 장학 | 대전신학대학교,true,xhr_or_post_required,public_xhr_or_post_adapter_required,low,대전신학대학교의 공식 URL을 저빈도로 재확인했습니다. 공지 목록 표본이 보입니다. 표본 제목과 상세 페이지의 일치도 확인했습니다 공개 목록이 XHR 또는 POST로 생성되는 흔적이 있어 일반 HTML 추출만으로는 부족합니다.,true,false,true,false,false,false,false,false,P1,M,공개 목록 XHR 또는 POST 요청을 재현하는 제한된 adapter를 만든다.,shared XHR/POST adapter,중간,검증 실패 시 beta 활성화를 보류하고 수동 확인,공식 목록에서 표본 제목과 생성/실제 상세 URL의 제목 일치 확인,false
ou_2503_univ_001,서울과학기술대학교,서울과학기술대학교 장학공지,https://www.seoultech.ac.kr/service/info/janghak/,https://www.seoultech.ac.kr,,success,success,true,true,200,"[{""url"":""https://www.seoultech.ac.kr/service/info/janghak/"",""status"":200,""location"":null}]",https://www.seoultech.ac.kr/service/info/janghak/,text/html; charset=UTF-8,UTF-8,73844,195,"[{""status"":200,""final_url"":""https://www.seoultech.ac.kr/service/info/janghak/"",""response_time_ms"":195,""response_size"":73844,""error"":null,""redirect_chain"":[{""url"":""https://www.seoultech.ac.kr/service/info/janghak/"",""status"":200,""location"":null}]},{""status"":200,""final_url"":""https://www.seoultech.ac.kr/service/info/janghak/"",""response_time_ms"":154,""response_size"":73844,""error"":null,""redirect_chain"":[{""url"":""https://www.seoultech.ac.kr/service/info/janghak/"",""status"":200,""location"":null}]}]",true,브라우저와 같은 비인증 공개 HTTP 접근으로 관측; 최종 사람 브라우저 체크는 HTML에서 수행,not_observed,true,true,서울과학기술대학교 - 정보·민원서비스 - 대학정보알림 - 장학공지,true,20,Q&A,false,true,false,false,,false,20,,23,0,0,true,true,true,Q&A,http://www.acrc.go.kr/acrc/board.do?command=searchDetail&menuId=0506031903,"{""href"":""http://www.acrc.go.kr/acrc/board.do?command=searchDetail&menuId=0506031903"",""onclick"":"""",""data"":"""",""title"":""Q&A""}","[{""raw"":""2026.08.02"",""value"":""2026-08-02T00:00:00.000Z""},{""raw"":""2026-07-30"",""value"":""2026-07-30T00:00:00.000Z""},{""raw"":""2026-07-30"",""value"":""2026-07-30T00:00:00.000Z""},{""raw"":""2026-07-28"",""value"":""2026-07-28T00:00:00.000Z""},{""raw"":""2026.07.27"",""value"":""2026-07-27T00:00:00.000Z""},{""raw"":""2026-07-27"",""value"":""2026-07-27T00:00:00.000Z""},{""raw"":""2026-07-22"",""value"":""2026-07-22T00:00:00.000Z""},{""raw"":""2026-07-22"",""value"":""2026-07-22T00:00:00.000Z""},{""raw"":""2026-07-20"",""value"":""2026-07-20T00:00:00.000Z""},{""raw"":""2026-07-16"",""value"":""2026-07-16T00:00:00.000Z""},{""raw"":""2026.7.16"",""value"":""2026-07-16T00:00:00.000Z""},{""raw"":""2026-07-14"",""value"":""2026-07-14T00:00:00.000Z""},{""raw"":""2026.7.13"",""value"":""2026-07-13T00:00:00.000Z""},{""raw"":""2026-07-13"",""value"":""2026-07-13T00:00:00.000Z""},{""raw"":""2026-07-10"",""value"":""2026-07-10T00:00:00.000Z""},{""raw"":""2026-07-09"",""value"":""2026-07-09T00:00:00.000Z""},{""raw"":""2026-07-09"",""value"":""2026-07-09T00:00:00.000Z""},{""raw"":""2026-07-06"",""value"":""2026-07-06T00:00:00.000Z""},{""raw"":""2026-07-06"",""value"":""2026-07-06T00:00:00.000Z""},{""raw"":""2026.6.26"",""value"":""2026-06-26T00:00:00.000Z""},{""raw"":""2026.6.26"",""value"":""2026-06-26T00:00:00.000Z""},{""raw"":""2026-06-25"",""value"":""2026-06-25T00:00:00.000Z""},{""raw"":""2026-06-25"",""value"":""2026-06-25T00:00:00.000Z""},{""raw"":""2026-06-25"",""value"":""2026-06-25T00:00:00.000Z""},{""raw"":""2026-06-23"",""value"":""2026-06-23T00:00:00.000Z""},{""raw"":""2026-06-09"",""value"":""2026-06-09T00:00:00.000Z""},{""raw"":""2026. 02. 04"",""value"":""2026-02-04T00:00:00.000Z""},{""raw"":""2021. 10. 1"",""value"":""2021-10-01T00:00:00.000Z""}]",http://www.acrc.go.kr/acrc/board.do?command=searchDetail&menuId=0506031903,,false,login_or_auth,confirmed_login_required,high,서울과학기술대학교의 공식 URL을 저빈도로 재확인했습니다. 공지 목록 표본이 보입니다. 상세 제목 일치는 아직 확인되지 않았습니다 목록 접근에 로그인 또는 인증이 요구되는 신호가 있어 beta 공개 source로 바로 쓰기 어렵습니다.,false,false,false,false,false,false,true,true,P3,External,로그인 자동화 없이 공개 대체 장학 게시판을 찾고 없으면 beta에서 제외한다.,external university policy,낮음,beta 제외 후 다음 운영 주기 재확인,공식 목록에서 표본 제목과 생성/실제 상세 URL의 제목 일치 확인,false
ou_2773_univ_001,신경주대학교,신경주대학교 장학공지,https://sgu.ac.kr/ko/media/notice.php,https://sgu.ac.kr,,success,success,true,true,200,"[{""url"":""https://sgu.ac.kr/ko/media/notice.php"",""status"":200,""location"":null}]",https://sgu.ac.kr/ko/media/notice.php,text/html; charset=utf-8,utf-8,76670,132,"[{""status"":200,""final_url"":""https://sgu.ac.kr/ko/media/notice.php"",""response_time_ms"":132,""response_size"":76670,""error"":null,""redirect_chain"":[{""url"":""https://sgu.ac.kr/ko/media/notice.php"",""status"":200,""location"":null}]},{""status"":200,""final_url"":""https://sgu.ac.kr/ko/media/notice.php"",""response_time_ms"":25,""response_size"":76670,""error"":null,""redirect_chain"":[{""url"":""https://sgu.ac.kr/ko/media/notice.php"",""status"":200,""location"":null}]}]",true,브라우저와 같은 비인증 공개 HTTP 접근으로 관측; 최종 사람 브라우저 체크는 HTML에서 수행,not_observed,true,true,공지사항 | 신경주대학교,true,10,2026학년도 1학기 성적포기 신청 안내,false,false,false,false,,false,10,,10,0,0,false,false,false,2026학년도 1학기 성적포기 신청 안내,https://sgu.ac.kr/ko/media/notices_detail.php?uid=481&subCategory=academic,"{""href"":""https://sgu.ac.kr/ko/media/notices_detail.php?uid=481&subCategory=academic"",""onclick"":"""",""data"":"""",""title"":""2026학년도 1학기 성적포기 신청 안내""}","[{""raw"":""2026-07-30"",""value"":""2026-07-30T00:00:00.000Z""},{""raw"":""2026-07-30"",""value"":""2026-07-30T00:00:00.000Z""},{""raw"":""2026-07-27"",""value"":""2026-07-27T00:00:00.000Z""},{""raw"":""2026-07-23"",""value"":""2026-07-23T00:00:00.000Z""},{""raw"":""2026-07-22"",""value"":""2026-07-22T00:00:00.000Z""},{""raw"":""2026-07-16"",""value"":""2026-07-16T00:00:00.000Z""},{""raw"":""2026-07-16"",""value"":""2026-07-16T00:00:00.000Z""},{""raw"":""2026-07-10"",""value"":""2026-07-10T00:00:00.000Z""},{""raw"":""2026-07-08"",""value"":""2026-07-08T00:00:00.000Z""},{""raw"":""2026-07-08"",""value"":""2026-07-08T00:00:00.000Z""}]",https://sgu.ac.kr/ko/media/notices_detail.php?uid=481&subCategory=academic,공지사항 | 신경주대학교,true,unknown,recoverable_config_error,medium,신경주대학교의 공식 URL을 저빈도로 재확인했습니다. 공지 목록 표본이 보입니다. 표본 제목과 상세 페이지의 일치도 확인했습니다 학교 사이트 차단이 아니라 현재 crawler 설정이 페이지 구조를 충분히 반영하지 못한 경우입니다.,true,true,false,false,false,false,false,false,P0,S,목록과 상세가 공개되어 있으므로 selector 또는 URL pattern을 현재 구조에 맞춘다.,crawler source config,높음,검증 실패 시 beta 활성화를 보류하고 수동 확인,공식 목록에서 표본 제목과 생성/실제 상세 URL의 제목 일치 확인,false
ou_2901_univ_001,예수대학교,예수대학교 장학공지,https://www.jesus.ac.kr/main/?menu=191,https://www.jesus.ac.kr,,success,success,true,true,200,"[{""url"":""https://www.jesus.ac.kr/main/?menu=191"",""status"":302,""location"":""./""},{""url"":""https://www.jesus.ac.kr/main/"",""status"":200,""location"":null}]",https://www.jesus.ac.kr/main/,text/html; charset=UTF-8,UTF-8,113673,780,"[{""status"":200,""final_url"":""https://www.jesus.ac.kr/main/"",""response_time_ms"":780,""response_size"":113673,""error"":null,""redirect_chain"":[{""url"":""https://www.jesus.ac.kr/main/?menu=191"",""status"":302,""location"":""./""},{""url"":""https://www.jesus.ac.kr/main/"",""status"":200,""location"":null}]},{""status"":200,""final_url"":""https://www.jesus.ac.kr/main/"",""response_time_ms"":739,""response_size"":113673,""error"":null,""redirect_chain"":[{""url"":""https://www.jesus.ac.kr/main/?menu=191"",""status"":302,""location"":""./""},{""url"":""https://www.jesus.ac.kr/main/"",""status"":200,""location"":null}]}]",true,브라우저와 같은 비인증 공개 HTTP 접근으로 관측; 최종 사람 브라우저 체크는 HTML에서 수행,not_observed,true,true,예수대학교,true,5,2026.07.27 2026학년도 예수대학교 지역협력센터 계약직원(출산 및 육.. 2026학년도 예수대학교 지역협력센터 계약직원(출산 및 육아휴직 대체) 채용 공고 ■ 채용분야 및 지원자격구분채용분야담당업무자격요건우대사항계약직(출..,false,true,false,false,,false,0,,31,0,0,true,false,true,2026.07.27 2026학년도 예수대학교 지역협력센터 계약직원(출산 및 육.. 2026학년도 예수대학교 지역협력센터 계약직원(출산 및 육아휴직 대체) 채용 공고 ■ 채용분야 및 지원자격구분채용분야담당업무자격요건우대사항계약직(출..,./?menu=56&mode=view&no=5632,"{""href"":""./?menu=56&mode=view&no=5632"",""onclick"":"""",""data"":"""",""title"":""2026.07.27 2026학년도 예수대학교 지역협력센터 계약직원(출산 및 육.. 2026학년도 예수대학교 지역협력센터 계약직원(출산 및 육아휴직 대체) 채용 공고 ■ 채용분야 및 지원자격구분채용분야담당업무자격요건우대사항계약직(출..""}","[{""raw"":""2026.07.31"",""value"":""2026-07-31T00:00:00.000Z""},{""raw"":""2026.07.30"",""value"":""2026-07-30T00:00:00.000Z""},{""raw"":""2026.07.30"",""value"":""2026-07-30T00:00:00.000Z""},{""raw"":""2026.07.27"",""value"":""2026-07-27T00:00:00.000Z""},{""raw"":""2026. 7. 24"",""value"":""2026-07-24T00:00:00.000Z""},{""raw"":""2026.07.24"",""value"":""2026-07-24T00:00:00.000Z""},{""raw"":""2026.07.23"",""value"":""2026-07-23T00:00:00.000Z""},{""raw"":""2026.07.23"",""value"":""2026-07-23T00:00:00.000Z""},{""raw"":""2026.07.20"",""value"":""2026-07-20T00:00:00.000Z""},{""raw"":""2026. 7. 16"",""value"":""2026-07-16T00:00:00.000Z""},{""raw"":""2026. 7. 16"",""value"":""2026-07-16T00:00:00.000Z""},{""raw"":""2026.07.14"",""value"":""2026-07-14T00:00:00.000Z""},{""raw"":""2026.07.10"",""value"":""2026-07-10T00:00:00.000Z""},{""raw"":""2026. 7. 7"",""value"":""2026-07-07T00:00:00.000Z""},{""raw"":""2026.07.02"",""value"":""2026-07-02T00:00:00.000Z""},{""raw"":""2026.07.02"",""value"":""2026-07-02T00:00:00.000Z""},{""raw"":""2026.07.02"",""value"":""2026-07-02T00:00:00.000Z""},{""raw"":""2026.07.02"",""value"":""2026-07-02T00:00:00.000Z""},{""raw"":""2026.06.24"",""value"":""2026-06-24T00:00:00.000Z""},{""raw"":""2026. 6. 19"",""value"":""2026-06-19T00:00:00.000Z""},{""raw"":""2026.06.19"",""value"":""2026-06-19T00:00:00.000Z""},{""raw"":""2026. 6. 11"",""value"":""2026-06-11T00:00:00.000Z""},{""raw"":""2026.05.28"",""value"":""2026-05-28T00:00:00.000Z""},{""raw"":""2026.05.28"",""value"":""2026-05-28T00:00:00.000Z""},{""raw"":""2026.05.28"",""value"":""2026-05-28T00:00:00.000Z""},{""raw"":""2026.04.29"",""value"":""2026-04-29T00:00:00.000Z""},{""raw"":""2026.04.29"",""value"":""2026-04-29T00:00:00.000Z""},{""raw"":""2026.04.24"",""value"":""2026-04-24T00:00:00.000Z""},{""raw"":""2026. 4. 24"",""value"":""2026-04-24T00:00:00.000Z""},{""raw"":""2026.03.31"",""value"":""2026-03-31T00:00:00.000Z""},{""raw"":""2026.03.31"",""value"":""2026-03-31T00:00:00.000Z""},{""raw"":""2025.9.9"",""value"":""2025-09-09T00:00:00.000Z""},{""raw"":""2024.05.08"",""value"":""2024-05-08T00:00:00.000Z""},{""raw"":""2023.02.20"",""value"":""2023-02-20T00:00:00.000Z""},{""raw"":""2023.02.20"",""value"":""2023-02-20T00:00:00.000Z""},{""raw"":""2021.09.30"",""value"":""2021-09-30T00:00:00.000Z""},{""raw"":""2021.09.30"",""value"":""2021-09-30T00:00:00.000Z""},{""raw"":""2021.09.30"",""value"":""2021-09-30T00:00:00.000Z""}]",https://www.jesus.ac.kr/main/?menu=56&mode=view&no=5632,공지사항 | 예수대학교,false,login_or_auth,confirmed_login_required,high,예수대학교의 공식 URL을 저빈도로 재확인했습니다. 공지 목록 표본이 보입니다. 상세 제목 일치는 아직 확인되지 않았습니다 목록 접근에 로그인 또는 인증이 요구되는 신호가 있어 beta 공개 source로 바로 쓰기 어렵습니다.,false,false,false,false,false,false,true,true,P3,External,로그인 자동화 없이 공개 대체 장학 게시판을 찾고 없으면 beta에서 제외한다.,external university policy,낮음,beta 제외 후 다음 운영 주기 재확인,공식 목록에서 표본 제목과 생성/실제 상세 URL의 제목 일치 확인,false
ou_3110_univ_001,제주대학교,제주대학교 장학공지,http://www.jejunu.ac.kr/ara/noticesurvey/outEvent.htm?category=320,http://www.jejunu.ac.kr,,success,success,true,true,200,"[{""url"":""http://www.jejunu.ac.kr/ara/noticesurvey/outEvent.htm?category=320"",""status"":200,""location"":null}]",http://www.jejunu.ac.kr/ara/noticesurvey/outEvent.htm?category=320,text/html;charset=UTF-8,UTF-8,115484,1530,"[{""status"":200,""final_url"":""http://www.jejunu.ac.kr/ara/noticesurvey/outEvent.htm?category=320"",""response_time_ms"":1530,""response_size"":115484,""error"":null,""redirect_chain"":[{""url"":""http://www.jejunu.ac.kr/ara/noticesurvey/outEvent.htm?category=320"",""status"":200,""location"":null}]},{""status"":200,""final_url"":""http://www.jejunu.ac.kr/ara/noticesurvey/outEvent.htm?category=320"",""response_time_ms"":200,""response_size"":115484,""error"":null,""redirect_chain"":[{""url"":""http://www.jejunu.ac.kr/ara/noticesurvey/outEvent.htm?category=320"",""status"":200,""location"":null}]}]",true,브라우저와 같은 비인증 공개 HTTP 접근으로 관측; 최종 사람 브라우저 체크는 HTML에서 수행,not_observed,true,true,공지사항 - 제주대학교,true,21,2026학년도 2학기 휴학 및 복학 시행 안내(수정),false,true,false,false,,false,21,,38,0,0,false,false,false,2026학년도 2학기 휴학 및 복학 시행 안내(수정),/ara/noticesurvey/outEvent.htm?category=320&act=view&seq=278515,"{""href"":""/ara/noticesurvey/outEvent.htm?category=320&act=view&seq=278515"",""onclick"":"""",""data"":"""",""title"":""2026학년도 2학기 휴학 및 복학 시행 안내(수정)""}","[{""raw"":""2026-07-30"",""value"":""2026-07-30T00:00:00.000Z""},{""raw"":""2026-07-29"",""value"":""2026-07-29T00:00:00.000Z""},{""raw"":""2026-07-20"",""value"":""2026-07-20T00:00:00.000Z""},{""raw"":""2026-07-20"",""value"":""2026-07-20T00:00:00.000Z""},{""raw"":""2026-07-13"",""value"":""2026-07-13T00:00:00.000Z""},{""raw"":""2026-07-08"",""value"":""2026-07-08T00:00:00.000Z""},{""raw"":""2026-06-29"",""value"":""2026-06-29T00:00:00.000Z""},{""raw"":""2026-06-19"",""value"":""2026-06-19T00:00:00.000Z""},{""raw"":""2026-06-15"",""value"":""2026-06-15T00:00:00.000Z""},{""raw"":""2026-06-09"",""value"":""2026-06-09T00:00:00.000Z""},{""raw"":""2026-03-11"",""value"":""2026-03-11T00:00:00.000Z""},{""raw"":""2026-03-11"",""value"":""2026-03-11T00:00:00.000Z""},{""raw"":""2026-03-04"",""value"":""2026-03-04T00:00:00.000Z""},{""raw"":""2026-03-04"",""value"":""2026-03-04T00:00:00.000Z""},{""raw"":""2026-02-20"",""value"":""2026-02-20T00:00:00.000Z""},{""raw"":""2026-02-04"",""value"":""2026-02-04T00:00:00.000Z""},{""raw"":""2026-02-03"",""value"":""2026-02-03T00:00:00.000Z""},{""raw"":""2026-02-02"",""value"":""2026-02-02T00:00:00.000Z""},{""raw"":""2026-01-30"",""value"":""2026-01-30T00:00:00.000Z""},{""raw"":""2026-01-28"",""value"":""2026-01-28T00:00:00.000Z""},{""raw"":""2026-01-23"",""value"":""2026-01-23T00:00:00.000Z""}]",http://www.jejunu.ac.kr/ara/noticesurvey/outEvent.htm?category=320&act=view&seq=278515,2026학년도 2학기 휴학 및 복학 시행 안내(수정) - 제주대학교,true,login_or_auth,confirmed_login_required,high,제주대학교의 공식 URL을 저빈도로 재확인했습니다. 공지 목록 표본이 보입니다. 표본 제목과 상세 페이지의 일치도 확인했습니다 목록 접근에 로그인 또는 인증이 요구되는 신호가 있어 beta 공개 source로 바로 쓰기 어렵습니다.,false,false,false,false,false,false,true,true,P3,External,로그인 자동화 없이 공개 대체 장학 게시판을 찾고 없으면 beta에서 제외한다.,external university policy,낮음,beta 제외 후 다음 운영 주기 재확인,공식 목록에서 표본 제목과 생성/실제 상세 URL의 제목 일치 확인,false
ou_3409_univ_001,한동대학교,한동대학교 장학공지,https://www.handong.edu/kor/square/notice/bbs/college/,https://www.handong.edu,,success,success,true,true,200,"[{""url"":""https://www.handong.edu/kor/square/notice/bbs/college/"",""status"":200,""location"":null}]",https://www.handong.edu/kor/square/notice/bbs/college/,text/html;charset=UTF-8,UTF-8,63828,1237,"[{""status"":200,""final_url"":""https://www.handong.edu/kor/square/notice/bbs/college/"",""response_time_ms"":1237,""response_size"":63828,""error"":null,""redirect_chain"":[{""url"":""https://www.handong.edu/kor/square/notice/bbs/college/"",""status"":200,""location"":null}]},{""status"":200,""final_url"":""https://www.handong.edu/kor/square/notice/bbs/college/"",""response_time_ms"":1048,""response_size"":63828,""error"":null,""redirect_chain"":[{""url"":""https://www.handong.edu/kor/square/notice/bbs/college/"",""status"":200,""location"":null}]}]",true,브라우저와 같은 비인증 공개 HTTP 접근으로 관측; 최종 사람 브라우저 체크는 HTML에서 수행,not_observed,true,true,한동대학교 - 한동광장 - 한동공지 - 공지사항 - 대학 공지,true,17,[교무처] 2026학년도 2학기 등록금 납부 및 분납 안내,false,true,false,false,,false,17,,16,0,0,true,false,true,[교무처] 2026학년도 2학기 등록금 납부 및 분납 안내,javascript:onView('?mode=view&id=52108&group=0'),"{""href"":""javascript:onView('?mode=view&id=52108&group=0')"",""onclick"":"""",""data"":"""",""title"":""[교무처] 2026학년도 2학기 등록금 납부 및 분납 안내""}","[{""raw"":""2026-07-14"",""value"":""2026-07-14T00:00:00.000Z""},{""raw"":""2026-07-01"",""value"":""2026-07-01T00:00:00.000Z""},{""raw"":""2026-06-17"",""value"":""2026-06-17T00:00:00.000Z""},{""raw"":""2026-05-06"",""value"":""2026-05-06T00:00:00.000Z""},{""raw"":""2026-03-23"",""value"":""2026-03-23T00:00:00.000Z""},{""raw"":""2026-03-20"",""value"":""2026-03-20T00:00:00.000Z""},{""raw"":""2026-03-12"",""value"":""2026-03-12T00:00:00.000Z""},{""raw"":""2026-03-03"",""value"":""2026-03-03T00:00:00.000Z""},{""raw"":""2026-02-26"",""value"":""2026-02-26T00:00:00.000Z""},{""raw"":""2026-02-25"",""value"":""2026-02-25T00:00:00.000Z""},{""raw"":""2026-01-30"",""value"":""2026-01-30T00:00:00.000Z""},{""raw"":""2026-01-19"",""value"":""2026-01-19T00:00:00.000Z""},{""raw"":""2025-12-16"",""value"":""2025-12-16T00:00:00.000Z""},{""raw"":""2025-12-02"",""value"":""2025-12-02T00:00:00.000Z""},{""raw"":""2025-07-04"",""value"":""2025-07-04T00:00:00.000Z""},{""raw"":""2020-06-12"",""value"":""2020-06-12T00:00:00.000Z""}]",,,false,login_or_auth,confirmed_login_required,high,한동대학교의 공식 URL을 저빈도로 재확인했습니다. 공지 목록 표본이 보입니다. 상세 제목 일치는 아직 확인되지 않았습니다 목록 접근에 로그인 또는 인증이 요구되는 신호가 있어 beta 공개 source로 바로 쓰기 어렵습니다.,false,false,false,false,false,false,true,true,P3,External,로그인 자동화 없이 공개 대체 장학 게시판을 찾고 없으면 beta에서 제외한다.,external university policy,낮음,beta 제외 후 다음 운영 주기 재확인,공식 목록에서 표본 제목과 생성/실제 상세 URL의 제목 일치 확인,false
ou_3525_univ_001,호남대학교,호남대학교 장학공지,https://www.honam.ac.kr/Scholarship_SchFees,https://www.honam.ac.kr,,success,success,true,true,200,"[{""url"":""https://www.honam.ac.kr/Scholarship_SchFees"",""status"":200,""location"":null}]",https://www.honam.ac.kr/Scholarship_SchFees,text/html; charset=UTF-8,UTF-8,72355,570,"[{""status"":200,""final_url"":""https://www.honam.ac.kr/Scholarship_SchFees"",""response_time_ms"":570,""response_size"":72355,""error"":null,""redirect_chain"":[{""url"":""https://www.honam.ac.kr/Scholarship_SchFees"",""status"":200,""location"":null}]},{""status"":200,""final_url"":""https://www.honam.ac.kr/Scholarship_SchFees"",""response_time_ms"":1009,""response_size"":72355,""error"":null,""redirect_chain"":[{""url"":""https://www.honam.ac.kr/Scholarship_SchFees"",""status"":200,""location"":null}]}]",true,브라우저와 같은 비인증 공개 HTTP 접근으로 관측; 최종 사람 브라우저 체크는 HTML에서 수행,not_observed,true,true,호남대학교 커뮤니티 공지사항 장학/학자금 장학/학자금,true,12,사이버안전교육,false,true,false,true,,false,12,,2,0,0,true,false,true,사이버안전교육,http://www.safetyedu.org/Account/LogOn?UserAgencyNo=24,"{""href"":""http://www.safetyedu.org/Account/LogOn?UserAgencyNo=24"",""onclick"":"""",""data"":"""",""title"":""사이버안전교육""}","[{""raw"":""2026-07-21"",""value"":""2026-07-21T00:00:00.000Z""},{""raw"":""2026-07-13"",""value"":""2026-07-13T00:00:00.000Z""},{""raw"":""2026-07-02"",""value"":""2026-07-02T00:00:00.000Z""},{""raw"":""2026-06-30"",""value"":""2026-06-30T00:00:00.000Z""},{""raw"":""2026-05-21"",""value"":""2026-05-21T00:00:00.000Z""},{""raw"":""2026-05-21"",""value"":""2026-05-21T00:00:00.000Z""},{""raw"":""2026-05-20"",""value"":""2026-05-20T00:00:00.000Z""},{""raw"":""2026-05-19"",""value"":""2026-05-19T00:00:00.000Z""},{""raw"":""2026-05-18"",""value"":""2026-05-18T00:00:00.000Z""},{""raw"":""2026-05-18"",""value"":""2026-05-18T00:00:00.000Z""},{""raw"":""2026-05-06"",""value"":""2026-05-06T00:00:00.000Z""},{""raw"":""2026-04-28"",""value"":""2026-04-28T00:00:00.000Z""}]",http://www.safetyedu.org/Account/LogOn?UserAgencyNo=24,안전교육센터,false,login_or_auth,confirmed_login_required,high,호남대학교의 공식 URL을 저빈도로 재확인했습니다. 공지 목록 표본이 보입니다. 상세 제목 일치는 아직 확인되지 않았습니다 목록 접근에 로그인 또는 인증이 요구되는 신호가 있어 beta 공개 source로 바로 쓰기 어렵습니다.,false,false,false,false,false,false,true,true,P3,External,로그인 자동화 없이 공개 대체 장학 게시판을 찾고 없으면 beta에서 제외한다.,external university policy,낮음,beta 제외 후 다음 운영 주기 재확인,공식 목록에서 표본 제목과 생성/실제 상세 URL의 제목 일치 확인,false
